customer_id,plan_type,region,acquisition_channel,tenure_months,monthly_fee,monthly_usage_gb,support_tickets_90d,payment_delay_days,monthly_revenue,churned
100000,Family,East,Web,67,45.56,37.64,0,1,56.34,0
100001,Postpaid,South,Store,58,24.15,6.6,1,3,24.15,0
100002,Family,North,App,16,42.69,13.74,0,0,43.42,0
100003,Postpaid,Central,App,13,30.17,19.13,1,3,33.17,0
100004,Prepaid,North,App,25,12.15,1.75,1,1,12.15,0
100005,Business,South,App,34,53.37,23.71,0,3,58.29,0
100006,Family,South,App,22,27.63,13.44,0,2,28.23,0
100007,Family,Central,Web,7,42.65,2.23,1,4,42.65,0
100008,Prepaid,West,App,36,21.93,8.28,1,1,21.93,1
100009,Postpaid,East,Web,30,33.24,3.92,0,1,33.24,0
100010,Postpaid,Central,Partner,22,28.75,12.88,0,2,29.12,1
100011,Business,North,App,60,45.34,24.77,1,1,50.7,0
100012,Postpaid,Central,Partner,21,37.1,21.24,0,5,40.98,0
100013,Family,North,App,65,31.38,27.6,1,5,37.94,0
100014,Postpaid,South,Web,1,33.76,6.91,2,3,33.76,0
100015,Prepaid,North,Partner,38,14.08,3.9,0,5,14.08,0
100016,Postpaid,Central,Web,69,23.64,10.45,1,3,23.64,0
100017,Prepaid,Central,App,21,19.87,12.09,0,3,19.91,0
100018,Family,East,App,48,50.65,14.09,3,2,51.53,0
100019,Postpaid,South,App,53,36.1,21.14,1,4,39.94,0
100020,Family,South,Partner,25,29.7,0.2,1,3,29.7,0
100021,Postpaid,East,App,47,36.78,17.68,1,4,39.16,0
100022,Business,South,Store,47,56.62,22.96,0,1,61.23,0
100023,Family,North,App,34,25.92,25.3,0,4,31.51,0
100024,Family,West,App,28,35.99,12.85,0,4,36.35,1
100025,Prepaid,West,App,35,22.84,5.09,2,2,22.84,0
100026,Postpaid,Central,App,11,33.26,19.31,2,3,36.33,0
100027,Prepaid,East,Store,36,20.22,8.61,0,3,20.22,0
100028,Prepaid,South,App,24,22.83,5.79,3,5,22.83,1
100029,Postpaid,East,Store,25,34.19,22.96,1,3,38.79,0
100030,Family,North,Store,18,47.63,21.95,0,4,51.81,0
100031,Business,West,App,38,68.04,10.43,0,4,68.04,0
100032,Prepaid,West,Web,1,13.33,9.73,1,4,13.33,0
100033,Postpaid,North,Store,5,37.58,11.17,1,1,37.58,0
100034,Postpaid,South,Store,16,22.46,16.48,1,5,24.34,0
100035,Prepaid,Central,App,42,14.61,5.05,3,2,14.61,0
100036,Prepaid,East,App,19,22.11,12.4,2,1,22.28,0
100037,Postpaid,East,Web,36,30.11,7.48,1,4,30.11,0
100038,Prepaid,West,Web,11,28.35,17.04,0,2,30.47,1
100039,Postpaid,East,App,31,26.67,7.71,0,3,26.67,1
100040,Postpaid,North,App,33,34.82,5.76,1,4,34.82,1
100041,Family,West,App,24,38.04,40.11,1,2,49.84,0
100042,Postpaid,Central,Web,4,27.51,13.28,3,0,28.05,1
100043,Prepaid,North,App,45,21.64,9.42,3,2,21.64,0
100044,Family,North,Partner,15,32.45,11.33,1,2,32.45,0
100045,Family,West,App,35,39.2,16.32,3,2,41.02,1
100046,Postpaid,West,Partner,52,34.4,15.91,2,1,36.05,0
100047,Prepaid,South,App,8,16.8,6.1,0,4,16.8,1
100048,Postpaid,East,App,49,25.15,21.13,0,1,28.98,0
100049,Prepaid,West,App,27,22.55,7.92,1,3,22.55,1
100050,Prepaid,East,App,37,16.34,9.02,1,2,16.34,1
100051,Prepaid,North,Partner,6,14.09,6.66,0,4,14.09,1
100052,Family,North,Store,36,36.33,12.17,1,2,36.41,0
100053,Postpaid,East,App,28,34.55,26.59,1,5,40.68,1
100054,Postpaid,Central,Partner,13,21.37,13.04,1,3,21.81,1
100055,Family,East,App,39,33.17,25.27,0,4,38.74,0
100056,Postpaid,South,App,47,19.94,14.18,0,2,20.86,0
100057,Postpaid,Central,App,29,30.02,14.65,2,2,31.13,1
100058,Prepaid,South,Store,46,19.97,15.15,1,1,21.29,1
100059,Prepaid,East,Partner,25,11.96,5.62,2,2,11.96,1
100060,Postpaid,North,App,60,32.83,18.18,1,5,35.43,0
100061,Postpaid,West,Web,21,39.14,18.99,0,2,42.08,0
100062,Postpaid,West,App,58,30.38,0.2,0,2,30.38,0
100063,Family,West,App,28,44.56,36.22,2,0,54.73,0
100064,Postpaid,South,Web,41,43.07,14.73,0,2,44.21,0
100065,Postpaid,East,Web,5,26.87,13.91,1,2,27.67,1
100066,Postpaid,North,Store,6,26.89,17.13,3,5,29.04,0
100067,Prepaid,Central,App,72,14.58,11.2,1,2,14.58,0
100068,Prepaid,North,App,1,22.6,10.72,1,2,22.6,1
100069,Postpaid,West,Web,40,33.23,26.2,1,5,39.2,0
100070,Prepaid,West,Store,33,11.7,2.52,2,1,11.7,1
100071,Postpaid,North,App,46,31.96,17.62,2,2,34.32,1
100072,Family,South,App,1,41.79,23.2,2,4,46.5,1
100073,Prepaid,North,Web,14,23.4,15.42,2,1,24.84,0
100074,Prepaid,East,App,25,24.53,2.46,0,2,24.53,0
100075,Prepaid,Central,Web,67,9.36,6.48,2,1,9.36,0
100076,Prepaid,East,Web,26,18.0,8.72,2,3,18.0,1
100077,Postpaid,Central,App,42,28.83,14.94,3,1,30.06,0
100078,Postpaid,North,Store,42,34.86,6.23,2,0,34.86,1
100079,Family,South,Store,30,50.54,24.27,2,3,55.69,0
100080,Postpaid,Central,Store,60,31.14,17.82,0,1,33.58,0
100081,Postpaid,Central,Partner,52,24.79,9.45,1,1,24.79,0
100082,Family,South,Store,32,38.86,14.76,0,1,40.02,1
100083,Prepaid,West,App,22,21.31,9.93,1,2,21.31,1
100084,Prepaid,Central,App,21,14.75,4.06,1,4,14.75,0
100085,Prepaid,West,Store,68,14.26,14.85,1,0,15.45,0
100086,Family,West,App,10,34.36,5.79,2,1,34.36,0
100087,Postpaid,North,Web,13,31.14,17.91,3,3,33.63,0
100088,Prepaid,North,App,19,19.82,8.17,0,1,19.82,0
100089,Postpaid,West,App,60,29.78,11.56,1,3,29.78,0
100090,Prepaid,East,App,50,19.14,4.03,0,3,19.14,1
100091,Postpaid,South,Web,70,23.07,2.96,0,3,23.07,0
100092,Postpaid,South,Web,52,25.26,19.92,0,1,28.59,0
100093,Postpaid,South,Store,36,29.2,9.33,4,1,29.2,0
100094,Prepaid,East,App,3,21.22,5.47,0,2,21.22,0
100095,Postpaid,South,Partner,64,21.47,27.0,0,5,27.77,0
100096,Postpaid,South,Partner,49,30.02,23.84,2,3,34.99,0
100097,Prepaid,North,App,6,23.82,4.79,3,2,23.82,1
100098,Prepaid,Central,Web,70,25.03,9.1,2,6,25.03,0
100099,Business,West,Partner,45,63.28,18.87,2,2,66.16,0
100100,Family,North,App,45,35.62,25.83,0,2,41.43,0
100101,Postpaid,East,App,26,34.1,19.73,0,2,37.35,0
100102,Prepaid,East,Store,24,21.53,6.46,3,2,21.53,0
100103,Business,West,App,27,33.64,21.05,2,3,37.44,0
100104,Family,West,Web,4,27.4,24.55,1,3,32.67,1
100105,Postpaid,West,Store,33,16.8,3.15,0,6,16.8,0
100106,Postpaid,West,App,5,23.71,15.91,3,2,25.35,1
100107,Prepaid,North,App,43,18.14,10.8,4,4,18.14,1
100108,Prepaid,South,Web,15,19.98,0.26,1,3,19.98,0
100109,Family,North,App,45,33.53,13.58,2,3,34.2,0
100110,Postpaid,East,App,27,31.92,14.59,2,3,33.01,0
100111,Prepaid,East,App,21,18.48,1.79,1,4,18.48,0
100112,Prepaid,West,Web,11,23.87,0.88,3,2,23.87,1
100113,Postpaid,North,App,28,37.81,8.67,1,3,37.81,0
100114,Prepaid,West,App,5,14.95,7.33,3,3,14.95,0
100115,Family,South,Web,18,44.01,12.91,2,1,44.39,0
100116,Family,South,App,34,43.06,11.87,0,4,43.06,1
100117,Postpaid,West,Web,46,32.66,8.95,1,3,32.66,0
100118,Postpaid,North,App,34,15.14,13.34,1,6,15.71,0
100119,Postpaid,South,Web,8,29.2,12.96,1,2,29.61,0
100120,Postpaid,South,App,52,28.1,8.47,4,1,28.1,0
100121,Postpaid,West,App,31,22.55,20.47,0,3,26.11,1
100122,Prepaid,North,App,46,22.56,17.09,3,3,24.69,1
100123,Postpaid,Central,Partner,71,27.62,13.21,0,0,28.13,1
100124,Prepaid,Central,Web,4,21.32,9.27,3,4,21.32,1
100125,Postpaid,West,App,72,22.54,6.1,1,0,22.54,0
100126,Prepaid,South,App,69,18.04,9.52,2,6,18.04,1
100127,Prepaid,West,App,38,21.69,7.75,4,3,21.69,0
100128,Prepaid,North,App,2,24.72,17.56,0,1,27.05,0
100129,Postpaid,Central,App,18,45.19,22.02,1,1,49.4,0
100130,Prepaid,East,Partner,17,19.93,4.49,1,1,19.93,1
100131,Business,North,App,43,59.58,21.17,0,3,63.44,0
100132,Postpaid,South,Partner,50,28.06,8.34,0,2,28.06,0
100133,Postpaid,West,App,36,37.82,13.06,1,2,38.26,1
100134,Postpaid,Central,Web,26,23.81,19.01,3,2,26.75,1
100135,Prepaid,East,App,4,25.93,11.89,1,3,25.93,0
100136,Business,East,App,68,50.97,38.86,1,0,62.26,0
100137,Postpaid,West,Web,72,32.33,26.56,0,5,38.45,0
100138,Family,West,App,3,59.2,23.76,0,2,64.14,0
100139,Prepaid,West,Web,24,15.15,3.75,0,5,15.15,0
100140,Postpaid,South,Web,71,34.76,14.45,1,4,35.79,1
100141,Postpaid,West,Partner,29,20.92,17.27,1,3,23.13,0
100142,Business,Central,Web,45,51.34,29.3,0,2,58.6,0
100143,Postpaid,North,App,37,18.08,17.53,1,4,20.4,0
100144,Postpaid,South,App,46,28.05,2.19,1,1,28.05,0
100145,Prepaid,North,Web,64,19.98,4.1,1,3,19.98,0
100146,Prepaid,South,App,28,28.98,0.2,3,5,28.98,0
100147,Postpaid,West,Store,58,26.54,15.69,1,2,28.09,0
100148,Postpaid,North,App,33,32.49,22.55,0,2,36.92,1
100149,Prepaid,East,Web,15,16.49,11.88,0,7,16.49,1
100150,Family,North,App,6,44.18,18.35,3,5,46.84,0
100151,Family,Central,App,52,34.51,20.91,0,2,38.25,0
100152,Prepaid,West,Partner,44,19.68,1.33,1,2,19.68,0
100153,Postpaid,East,Web,63,28.23,2.44,2,2,28.23,0
100154,Prepaid,West,App,17,16.86,16.79,0,5,18.87,1
100155,Postpaid,North,App,52,34.46,22.17,0,2,38.73,0
100156,Prepaid,Central,Web,2,11.03,8.66,0,1,11.03,0
100157,Postpaid,West,App,11,33.87,9.01,0,2,33.87,0
100158,Family,North,Store,43,32.53,8.11,0,2,32.53,0
100159,Family,Central,Web,39,44.19,14.55,1,3,45.26,0
100160,Prepaid,North,App,43,16.95,5.09,2,3,16.95,0
100161,Family,West,App,61,39.19,23.98,0,2,44.22,0
100162,Prepaid,North,App,61,18.34,6.97,1,3,18.34,0
100163,Prepaid,West,App,15,16.22,7.95,3,3,16.22,1
100164,Postpaid,North,Store,15,36.22,13.76,2,6,36.96,1
100165,Postpaid,North,App,39,38.07,15.89,1,2,39.71,1
100166,Family,East,Partner,69,38.74,28.9,1,5,45.84,0
100167,Family,Central,Web,49,42.1,15.43,0,6,43.54,0
100168,Prepaid,South,App,11,8.0,7.84,1,2,8.0,0
100169,Business,West,Store,46,52.69,32.96,4,1,61.49,1
100170,Prepaid,East,App,25,22.56,0.22,0,6,22.56,0
100171,Postpaid,Central,App,8,29.22,20.18,1,1,32.66,0
100172,Prepaid,South,Store,52,20.93,6.95,1,0,20.93,0
100173,Business,East,App,20,57.98,22.42,1,4,62.36,0
100174,Prepaid,Central,App,56,19.94,11.08,3,3,19.94,1
100175,Prepaid,South,App,40,11.73,3.09,2,3,11.73,0
100176,Postpaid,East,App,33,28.28,3.48,2,3,28.28,0
100177,Business,Central,Web,16,62.71,28.3,0,5,69.55,0
100178,Family,South,Partner,22,38.02,13.35,1,5,38.59,1
100179,Family,South,Web,25,37.35,17.25,1,1,39.56,0
100180,Family,South,Partner,50,29.49,6.8,1,3,29.49,1
100181,Family,West,Store,30,41.51,6.73,0,1,41.51,0
100182,Postpaid,Central,App,3,32.26,29.89,1,2,39.77,0
100183,Prepaid,West,Web,1,15.55,0.2,1,4,15.55,0
100184,Family,West,App,20,47.45,5.57,0,2,47.45,0
100185,Postpaid,South,App,37,25.28,12.44,0,4,25.47,1
100186,Postpaid,North,Partner,24,26.65,14.36,1,4,27.64,0
100187,Prepaid,North,Web,72,8.0,10.8,1,4,8.0,0
100188,Family,North,Partner,17,34.36,20.88,0,1,38.09,0
100189,Prepaid,North,App,30,10.88,6.4,0,1,10.88,0
100190,Business,West,Web,29,42.74,34.17,2,5,52.05,0
100191,Prepaid,North,App,20,15.52,9.56,1,1,15.52,0
100192,Prepaid,North,App,64,21.27,5.55,2,4,21.27,0
100193,Family,South,Partner,19,33.51,19.8,0,4,36.79,0
100194,Prepaid,South,App,1,14.55,7.32,1,4,14.55,1
100195,Prepaid,North,Web,38,20.9,9.45,1,1,20.9,1
100196,Postpaid,North,Partner,46,28.35,16.67,0,3,30.31,0
100197,Family,South,Web,33,41.15,9.21,0,1,41.15,0
100198,Prepaid,East,App,31,16.34,9.08,0,0,16.34,0
100199,Prepaid,West,App,63,17.24,6.49,1,3,17.24,0
100200,Family,Central,Partner,27,34.55,22.14,2,3,38.81,1
100201,Business,West,Store,47,43.1,27.73,0,4,49.71,0
100202,Postpaid,West,Store,61,34.82,0.2,1,7,34.82,0
100203,Prepaid,Central,App,29,19.43,3.18,2,3,19.43,1
100204,Prepaid,East,App,39,18.63,4.09,0,1,18.63,1
100205,Prepaid,West,Partner,28,18.25,11.87,1,3,18.25,0
100206,Prepaid,East,Store,45,10.53,8.26,1,2,10.53,0
100207,Postpaid,South,Web,40,37.68,16.23,1,0,39.45,0
100208,Prepaid,South,App,62,21.08,9.95,1,3,21.08,0
100209,Postpaid,North,App,19,35.92,10.2,5,5,35.92,0
100210,Postpaid,West,Store,12,29.4,16.07,3,2,31.11,1
100211,Postpaid,North,Web,31,37.89,20.12,0,1,41.3,0
100212,Prepaid,West,App,45,20.51,14.74,2,1,21.66,0
100213,Family,Central,App,21,31.14,29.32,1,3,38.41,0
100214,Postpaid,East,Store,72,27.73,19.49,2,4,30.87,0
100215,Family,North,App,38,39.83,5.9,1,3,39.83,0
100216,Prepaid,East,App,59,13.13,12.12,2,1,13.18,0
100217,Prepaid,South,Store,40,21.56,5.31,1,1,21.56,0
100218,Business,Central,App,29,36.11,39.72,0,1,47.76,0
100219,Postpaid,West,Store,61,24.01,14.07,3,4,24.88,0
100220,Prepaid,West,App,12,27.38,18.78,1,6,30.23,1
100221,Postpaid,East,Web,19,29.17,27.75,2,3,35.79,1
100222,Postpaid,West,Web,56,27.15,23.01,0,4,31.77,0
100223,Business,West,Web,66,59.88,27.68,0,4,66.47,0
100224,Prepaid,North,Web,21,20.91,5.17,3,0,20.91,0
100225,Business,South,Store,39,52.11,33.59,2,3,61.18,1
100226,Prepaid,North,App,36,24.68,7.28,0,3,24.68,1
100227,Postpaid,East,App,53,23.91,22.59,3,6,28.36,0
100228,Postpaid,Central,App,36,22.02,2.12,1,1,22.02,0
100229,Prepaid,West,Web,45,13.41,2.57,0,5,13.41,0
100230,Prepaid,East,App,49,24.0,5.4,1,4,24.0,0
100231,Postpaid,Central,App,60,38.25,23.07,0,0,42.9,0
100232,Business,North,Store,10,62.63,23.55,2,3,67.48,0
100233,Postpaid,North,Web,48,33.1,2.12,2,2,33.1,0
100234,Business,Central,App,14,66.44,30.58,1,1,74.25,0
100235,Family,Central,Store,1,36.07,15.05,3,2,37.35,1
100236,Postpaid,West,Store,52,23.28,26.33,0,1,29.3,0
100237,Family,South,Partner,29,42.84,11.6,2,4,42.84,1
100238,Prepaid,Central,Web,52,26.17,9.37,0,5,26.17,0
100239,Prepaid,West,App,68,8.0,4.64,1,8,8.0,0
100240,Family,West,Web,10,37.98,26.59,2,3,44.11,0
100241,Family,South,App,33,39.48,26.86,0,2,45.72,1
100242,Prepaid,East,App,8,15.72,8.99,1,1,15.72,0
100243,Postpaid,West,App,60,24.29,9.67,0,6,24.29,0
100244,Postpaid,Central,Store,72,40.69,18.27,0,2,43.32,0
100245,Family,East,Store,63,40.55,0.2,1,4,40.55,1
100246,Postpaid,East,Store,72,28.1,12.1,2,0,28.15,0
100247,Postpaid,West,Web,24,34.16,10.44,0,1,34.16,0
100248,Postpaid,East,Store,21,30.07,9.99,1,2,30.07,1
100249,Postpaid,East,App,62,16.07,26.46,2,1,22.14,0
100250,Postpaid,North,Store,47,42.14,6.31,2,4,42.14,0
100251,Family,North,Web,28,29.49,30.38,4,1,37.2,0
100252,Postpaid,West,Store,16,24.96,6.21,1,3,24.96,1
100253,Prepaid,North,Store,2,20.94,12.95,0,2,21.34,0
100254,Prepaid,North,Store,3,13.66,8.91,0,2,13.66,1
100255,Family,Central,Store,50,36.19,22.82,2,2,40.74,0
100256,Family,West,App,19,28.13,20.68,0,3,31.78,0
100257,Prepaid,North,Web,60,20.55,10.78,1,2,20.55,0
100258,Prepaid,South,App,61,18.18,4.17,1,0,18.18,0
100259,Postpaid,West,App,33,35.72,12.14,1,4,35.78,1
100260,Prepaid,East,Web,22,11.44,4.34,0,1,11.44,0
100261,Family,East,Web,13,26.4,17.29,1,2,28.63,0
100262,Prepaid,East,Web,19,15.5,14.3,1,2,16.46,0
100263,Prepaid,South,Store,45,22.45,2.67,0,1,22.45,1
100264,Business,West,Partner,55,55.02,37.46,2,2,65.71,0
100265,Prepaid,North,App,54,19.63,5.27,2,2,19.63,0
100266,Prepaid,East,App,70,14.23,7.94,5,2,14.23,1
100267,Prepaid,North,Store,48,22.81,4.02,0,3,22.81,0
100268,Prepaid,North,App,37,11.95,16.03,3,0,13.65,1
100269,Prepaid,North,Store,26,19.51,4.42,1,3,19.51,0
100270,Prepaid,Central,Partner,25,11.9,10.98,0,4,11.9,0
100271,Prepaid,North,App,27,15.86,2.24,0,5,15.86,0
100272,Prepaid,South,App,64,21.2,7.3,2,3,21.2,0
100273,Postpaid,North,App,40,33.44,13.57,0,1,34.1,0
100274,Postpaid,West,Store,16,26.6,8.64,1,3,26.6,0
100275,Postpaid,East,Web,14,31.44,7.6,1,6,31.44,0
100276,Prepaid,Central,Partner,3,8.0,7.25,0,4,8.0,0
100277,Postpaid,West,Web,61,31.62,7.67,4,1,31.62,0
100278,Family,East,Partner,16,40.4,35.67,0,5,50.34,0
100279,Family,West,App,8,36.06,17.07,0,3,38.19,0
100280,Prepaid,North,App,21,13.7,12.68,2,5,13.99,1
100281,Prepaid,Central,App,36,9.87,4.74,0,3,9.87,0
100282,Prepaid,Central,Web,70,13.19,9.9,4,2,13.19,0
100283,Prepaid,South,App,62,23.09,7.33,1,3,23.09,1
100284,Postpaid,West,App,13,21.74,22.32,0,2,26.07,0
100285,Postpaid,South,App,39,22.91,19.38,1,4,26.01,1
100286,Prepaid,East,App,60,14.88,16.3,2,0,16.68,1
100287,Postpaid,West,Web,55,29.11,14.37,1,4,30.11,0
100288,Postpaid,Central,Partner,34,25.3,6.22,3,5,25.3,0
100289,Prepaid,South,App,18,24.73,7.21,2,1,24.73,1
100290,Family,West,Store,57,40.02,13.35,2,2,40.59,1
100291,Prepaid,West,App,33,16.96,6.39,0,1,16.96,0
100292,Business,South,App,18,52.85,32.45,3,4,61.44,1
100293,Prepaid,West,App,52,22.01,16.27,0,3,23.8,0
100294,Family,West,Store,64,39.02,23.5,2,1,43.85,0
100295,Family,West,Store,64,30.67,21.5,2,6,34.66,0
100296,Business,Central,Web,68,56.9,27.04,1,6,63.22,1
100297,Family,North,Web,47,33.79,13.86,0,1,34.58,0
100298,Family,South,App,56,43.92,21.81,0,2,48.04,0
100299,Postpaid,North,Web,18,27.9,9.45,0,2,27.9,0
100300,Family,North,Web,24,35.57,28.29,4,1,42.41,1
100301,Prepaid,East,App,11,17.32,3.29,1,4,17.32,1
100302,Postpaid,Central,App,6,35.04,4.64,3,3,35.04,1
100303,Postpaid,East,App,61,28.5,19.16,0,3,31.51,1
100304,Family,West,App,33,21.96,23.27,0,4,26.69,0
100305,Postpaid,South,App,40,42.26,19.97,1,3,45.6,0
100306,Postpaid,South,App,7,25.75,14.91,1,4,26.97,0
100307,Postpaid,West,Partner,14,27.42,40.04,1,0,39.2,0
100308,Prepaid,West,Partner,6,23.06,3.63,0,2,23.06,1
100309,Prepaid,South,Store,35,20.12,0.2,0,3,20.12,0
100310,Postpaid,Central,Web,42,22.09,15.72,1,4,23.65,1
100311,Postpaid,East,Partner,10,38.65,11.72,3,2,38.65,1
100312,Prepaid,North,App,52,24.07,10.79,0,3,24.07,1
100313,Postpaid,East,Store,8,29.47,11.78,1,3,29.47,0
100314,Postpaid,West,Web,61,29.0,22.44,3,1,33.38,0
100315,Prepaid,South,Partner,67,18.41,11.77,1,0,18.41,0
100316,Postpaid,Central,Web,47,20.64,9.81,0,1,20.64,0
100317,Postpaid,East,App,40,32.44,18.98,1,4,35.37,0
100318,Prepaid,East,Web,53,21.88,13.38,1,3,22.46,0
100319,Business,Central,App,18,58.14,24.54,1,3,63.4,1
100320,Family,East,App,67,32.69,39.84,0,3,44.38,0
100321,Postpaid,East,Store,64,28.77,16.94,1,3,30.84,0
100322,Prepaid,North,Web,51,11.02,7.15,3,1,11.02,0
100323,Postpaid,South,App,72,32.51,10.43,1,2,32.51,0
100324,Family,South,App,22,24.11,21.64,0,3,28.16,0
100325,Postpaid,North,Web,64,25.34,9.67,2,2,25.34,0
100326,Family,East,App,3,47.47,30.46,0,2,55.22,0
100327,Postpaid,North,Web,54,23.55,19.98,2,4,26.9,0
100328,Postpaid,South,Store,21,36.31,16.13,3,3,38.05,0
100329,Prepaid,East,Store,70,24.79,6.11,1,3,24.79,0
100330,Family,South,App,41,32.11,12.54,0,3,32.33,1
100331,Prepaid,West,Partner,15,25.32,13.23,5,2,25.83,0
100332,Postpaid,West,Partner,23,29.64,18.02,1,3,32.17,1
100333,Family,South,App,64,33.66,17.83,0,1,36.11,0
100334,Prepaid,North,Web,58,13.76,7.46,0,2,13.76,0
100335,Postpaid,East,Web,26,31.1,14.12,0,3,31.99,0
100336,Prepaid,North,App,19,13.35,8.94,1,2,13.35,0
100337,Family,East,Store,3,38.15,35.56,1,0,48.05,1
100338,Prepaid,West,Web,9,26.98,12.42,6,1,27.16,1
100339,Business,West,Store,3,49.66,27.42,0,1,56.13,0
100340,Prepaid,East,Partner,24,25.44,4.24,1,4,25.44,0
100341,Business,Central,App,14,51.46,27.17,3,0,57.83,1
100342,Family,North,Partner,2,44.48,22.8,1,1,49.02,0
100343,Postpaid,Central,Partner,57,24.48,20.98,1,4,28.25,0
100344,Family,West,App,64,43.93,18.91,1,1,46.83,0
100345,Family,East,App,65,37.01,13.42,1,2,37.61,0
100346,Business,North,Store,61,58.49,22.56,3,2,62.93,1
100347,Prepaid,North,Partner,10,16.24,4.04,1,5,16.24,0
100348,Postpaid,Central,App,12,24.19,4.15,0,7,24.19,0
100349,Prepaid,South,App,61,22.51,6.79,0,1,22.51,0
100350,Postpaid,Central,Web,2,27.19,17.42,1,3,29.46,0
100351,Prepaid,East,App,55,15.04,7.46,1,5,15.04,0
100352,Postpaid,East,Store,10,34.35,5.25,3,4,34.35,0
100353,Postpaid,West,Store,4,31.52,0.2,0,2,31.52,0
100354,Postpaid,South,Partner,57,32.54,16.89,1,6,34.59,1
100355,Postpaid,East,App,53,30.02,18.0,2,2,32.54,0
100356,Family,Central,Partner,7,31.85,20.35,1,2,35.36,0
100357,Family,South,Store,3,46.32,31.15,0,1,54.36,0
100358,Postpaid,Central,Partner,64,36.63,18.83,1,0,39.5,0
100359,Postpaid,Central,App,19,27.91,27.65,2,3,34.48,1
100360,Business,North,Web,70,47.99,29.58,0,3,55.37,0
100361,Prepaid,East,Web,39,8.0,14.51,0,1,9.05,1
100362,Prepaid,North,Web,71,16.58,7.25,2,2,16.58,1
100363,Prepaid,West,App,66,17.27,4.18,1,4,17.27,0
100364,Postpaid,Central,Store,45,37.09,12.54,2,1,37.32,0
100365,Postpaid,Central,App,8,35.82,9.91,2,3,35.82,0
100366,Family,Central,App,65,34.0,16.35,1,4,35.82,0
100367,Postpaid,South,Web,26,30.45,0.2,0,2,30.45,1
100368,Prepaid,East,Partner,19,20.94,1.55,1,0,20.94,1
100369,Family,South,Store,42,33.52,29.8,1,2,40.99,0
100370,Family,Central,App,26,30.31,2.14,1,1,30.31,0
100371,Prepaid,North,App,54,21.23,8.11,2,2,21.23,1
100372,Postpaid,North,App,20,26.62,12.9,1,0,27.0,0
100373,Prepaid,North,App,66,25.05,3.55,0,2,25.05,0
100374,Prepaid,North,Web,8,10.77,11.4,2,0,10.77,0
100375,Prepaid,North,App,34,14.73,10.07,1,2,14.73,1
100376,Business,North,App,70,59.67,38.37,0,2,70.74,0
100377,Postpaid,Central,Web,61,31.94,14.78,0,4,33.1,0
100378,Postpaid,West,App,60,34.38,21.06,0,0,38.19,0
100379,Family,South,App,45,39.36,23.26,2,0,44.09,0
100380,Postpaid,West,Store,41,23.87,20.28,0,0,27.35,0
100381,Business,East,App,15,41.08,32.04,0,1,49.5,0
100382,Family,West,Store,22,30.38,24.23,1,5,35.52,1
100383,Postpaid,South,Store,42,22.69,15.09,4,2,23.99,0
100384,Postpaid,East,Web,23,23.84,20.18,1,2,27.28,0
100385,Business,South,App,23,56.39,28.39,2,3,63.27,0
100386,Postpaid,North,App,49,31.57,15.37,1,1,32.99,0
100387,Business,East,Web,51,56.04,15.34,2,2,57.45,1
100388,Prepaid,West,App,36,20.56,10.16,0,0,20.56,0
100389,Family,West,App,21,42.35,19.5,2,3,45.5,0
100390,Postpaid,South,App,13,29.36,10.05,0,3,29.36,0
100391,Prepaid,East,App,19,15.69,7.96,1,1,15.69,0
100392,Postpaid,West,App,24,26.78,10.45,1,2,26.78,1
100393,Postpaid,North,Partner,69,28.4,25.93,1,1,34.25,0
100394,Prepaid,North,Store,24,21.81,5.18,2,1,21.81,0
100395,Postpaid,South,Store,66,21.98,12.21,0,5,22.07,1
100396,Family,South,App,39,33.54,18.93,0,4,36.45,0
100397,Prepaid,South,App,33,22.81,5.7,1,3,22.81,0
100398,Postpaid,North,Web,20,26.72,15.01,1,1,27.98,0
100399,Postpaid,West,Web,56,26.62,7.96,0,1,26.62,0
100400,Prepaid,West,Partner,61,25.0,5.34,1,4,25.0,1
100401,Family,West,App,71,47.08,5.79,1,1,47.08,0
100402,Family,West,App,60,37.37,27.68,2,5,43.95,0
100403,Prepaid,South,Web,7,22.68,7.63,0,3,22.68,0
100404,Business,Central,App,64,58.76,12.29,1,4,58.88,0
100405,Family,West,App,44,30.34,22.43,2,1,34.72,0
100406,Prepaid,East,App,37,14.84,12.1,3,6,14.89,1
100407,Family,South,App,19,38.0,5.84,1,4,38.0,0
100408,Prepaid,West,Web,37,10.63,11.59,1,3,10.63,1
100409,Business,West,Web,58,52.48,31.52,2,5,60.68,1
100410,Postpaid,West,Store,43,37.64,20.07,0,5,41.03,1
100411,Postpaid,West,App,8,30.32,29.11,0,3,37.51,0
100412,Prepaid,Central,Web,55,9.08,11.44,0,3,9.08,0
100413,Family,Central,Store,57,35.49,16.63,1,4,37.43,0
100414,Prepaid,West,Web,49,31.31,7.22,1,3,31.31,0
100415,Prepaid,Central,Store,15,14.98,7.97,0,4,14.98,1
100416,Prepaid,Central,Partner,22,23.29,6.41,1,2,23.29,0
100417,Family,North,App,33,33.58,24.64,1,1,38.89,1
100418,Prepaid,West,Store,63,11.38,11.26,1,3,11.38,0
100419,Family,North,Web,59,44.76,18.64,1,1,47.55,0
100420,Postpaid,South,Partner,7,41.49,18.39,1,5,44.17,0
100421,Prepaid,South,Partner,5,15.03,5.02,2,0,15.03,1
100422,Prepaid,East,App,4,18.02,13.04,0,2,18.45,1
100423,Prepaid,North,Web,67,14.17,4.41,1,3,14.17,0
100424,Postpaid,South,App,63,36.27,12.16,2,6,36.33,0
100425,Family,North,Web,16,37.72,14.37,1,4,38.72,0
100426,Prepaid,West,App,66,23.27,7.37,1,5,23.27,0
100427,Family,Central,App,37,32.48,16.61,1,1,34.42,0
100428,Prepaid,Central,Partner,23,20.27,11.31,2,2,20.27,1
100429,Family,East,Web,53,39.87,17.41,2,6,42.15,1
100430,Business,South,Store,5,42.31,33.27,0,3,51.24,0
100431,Family,Central,App,9,42.67,26.31,1,7,48.67,0
100432,Postpaid,North,App,19,33.06,17.92,0,0,35.54,0
100433,Family,Central,App,44,38.75,15.82,1,4,40.36,0
100434,Prepaid,West,App,61,18.26,14.23,1,1,19.2,1
100435,Prepaid,East,Partner,38,13.53,4.12,1,5,13.53,1
100436,Prepaid,North,Store,32,12.94,5.95,0,2,12.94,0
100437,Postpaid,North,App,43,35.81,8.31,2,2,35.81,0
100438,Family,East,Web,1,47.61,13.88,2,3,48.4,1
100439,Postpaid,East,App,48,24.97,20.75,2,1,28.64,0
100440,Family,Central,App,58,46.14,25.94,0,2,51.99,0
100441,Prepaid,West,App,31,17.12,11.72,1,2,17.12,1
100442,Family,East,App,47,40.13,12.49,0,0,40.33,0
100443,Prepaid,South,Store,22,22.6,7.99,1,2,22.6,1
100444,Prepaid,East,Web,68,16.75,15.81,2,3,18.35,1
100445,Postpaid,North,Store,14,28.93,25.76,2,3,34.71,0
100446,Business,West,Web,10,47.75,29.52,1,1,55.11,0
100447,Postpaid,West,Partner,68,34.35,17.66,1,2,36.72,1
100448,Prepaid,West,Web,37,11.65,7.47,0,4,11.65,0
100449,Postpaid,East,Partner,29,29.75,33.64,0,1,38.84,0
100450,Prepaid,South,Partner,59,23.2,11.15,1,5,23.2,0
100451,Family,West,Web,21,45.7,3.49,2,6,45.7,0
100452,Postpaid,West,App,22,31.11,1.65,1,5,31.11,0
100453,Prepaid,West,App,4,14.62,6.05,1,5,14.62,0
100454,Prepaid,East,Web,38,9.16,3.44,0,3,9.16,0
100455,Prepaid,Central,Web,55,15.29,8.11,2,4,15.29,1
100456,Business,South,Web,72,59.16,23.85,0,0,64.13,0
100457,Postpaid,South,Web,38,34.1,19.66,1,1,37.31,0
100458,Family,West,Web,6,49.97,22.14,0,1,54.23,0
100459,Postpaid,North,Web,14,32.61,19.75,1,5,35.86,0
100460,Postpaid,West,Web,21,36.34,27.96,2,3,43.05,0
100461,Prepaid,South,App,65,18.27,11.25,4,4,18.27,1
100462,Business,North,Store,42,52.38,23.81,0,5,57.34,0
100463,Prepaid,North,App,68,20.49,10.45,2,1,20.49,1
100464,Postpaid,Central,App,61,27.72,17.01,0,3,29.83,0
100465,Postpaid,West,Store,64,26.32,0.2,3,1,26.32,0
100466,Postpaid,South,App,21,33.92,5.57,4,2,33.92,0
100467,Business,North,Partner,41,59.58,23.8,2,2,64.54,1
100468,Prepaid,South,Store,5,18.31,5.09,4,2,18.31,0
100469,Postpaid,South,Web,27,26.99,10.28,3,2,26.99,0
100470,Postpaid,West,App,23,32.38,8.93,0,2,32.38,1
100471,Postpaid,South,Web,12,34.44,10.63,4,4,34.44,1
100472,Prepaid,South,Store,5,25.18,10.45,3,5,25.18,1
100473,Prepaid,North,Store,28,15.18,2.66,0,4,15.18,0
100474,Prepaid,West,Web,6,20.51,5.07,0,1,20.51,0
100475,Prepaid,West,Store,45,19.16,12.62,0,1,19.42,0
100476,Postpaid,West,Store,20,32.79,0.2,0,0,32.79,0
100477,Postpaid,East,Web,17,38.24,7.0,1,4,38.24,0
100478,Postpaid,Central,Web,8,27.45,7.07,1,0,27.45,0
100479,Postpaid,East,App,34,25.73,12.31,1,4,25.86,0
100480,Postpaid,Central,Partner,13,45.73,22.82,0,5,50.27,0
100481,Prepaid,West,App,42,13.64,1.73,2,4,13.64,1
100482,Postpaid,North,App,72,35.13,5.96,0,2,35.13,0
100483,Prepaid,West,App,53,15.55,4.99,1,4,15.55,0
100484,Prepaid,East,App,9,18.32,14.07,1,3,19.19,1
100485,Postpaid,West,App,7,22.63,12.73,1,4,22.94,1
100486,Postpaid,North,Web,64,46.25,13.38,0,5,46.83,1
100487,Prepaid,East,Store,63,30.82,2.79,0,4,30.82,0
100488,Postpaid,Central,Partner,27,26.91,6.91,2,4,26.91,1
100489,Postpaid,South,App,33,22.02,24.1,0,3,27.1,0
100490,Postpaid,North,Store,28,17.93,8.01,1,1,17.93,1
100491,Postpaid,South,App,42,34.22,16.78,2,4,36.23,0
100492,Postpaid,East,Store,16,24.97,6.6,0,5,24.97,1
100493,Prepaid,West,App,68,19.69,6.23,2,1,19.69,1
100494,Family,West,Web,30,40.97,31.05,1,4,48.97,1
100495,Postpaid,Central,Web,13,33.23,19.51,3,4,36.38,0
100496,Postpaid,East,App,22,32.34,22.5,2,2,36.75,0
100497,Postpaid,South,App,64,34.51,21.39,3,4,38.46,0
100498,Postpaid,South,App,21,34.74,0.3,0,2,34.74,1
100499,Postpaid,South,App,58,25.7,17.87,1,4,28.17,0
100500,Family,West,Web,56,27.7,0.2,0,3,27.7,0
100501,Family,North,Store,72,41.1,30.67,0,3,48.94,0
100502,Business,South,Web,12,54.86,25.32,0,1,60.45,0
100503,Postpaid,Central,Partner,29,30.65,6.65,1,1,30.65,1
100504,Postpaid,East,App,61,18.78,17.46,3,1,21.08,1
100505,Family,North,Partner,10,40.0,7.97,3,3,40.0,0
100506,Prepaid,West,Web,3,24.42,12.22,1,2,24.52,0
100507,Family,East,App,2,36.71,17.66,1,1,39.09,0
100508,Postpaid,Central,Web,6,35.79,12.6,4,1,36.04,0
100509,Prepaid,West,Store,58,18.53,9.73,0,3,18.53,1
100510,Prepaid,North,Web,26,13.3,6.29,4,1,13.3,0
100511,Family,South,Web,10,44.82,18.74,3,1,47.65,0
100512,Prepaid,South,Partner,51,30.12,10.04,3,1,30.12,0
100513,Prepaid,West,Web,23,26.96,8.88,2,1,26.96,0
100514,Prepaid,East,Web,10,19.41,1.78,0,4,19.41,0
100515,Prepaid,West,App,72,8.49,3.02,1,1,8.49,0
100516,Prepaid,East,Partner,43,20.62,7.05,3,1,20.62,0
100517,Family,South,Web,32,51.88,3.46,2,2,51.88,0
100518,Prepaid,North,Web,67,15.93,5.53,0,0,15.93,0
100519,Family,South,Web,17,35.36,13.93,2,3,36.18,1
100520,Family,South,App,43,39.08,14.76,0,0,40.24,0
100521,Postpaid,East,App,55,35.3,9.38,2,1,35.3,1
100522,Prepaid,Central,Web,1,22.99,11.52,6,4,22.99,1
100523,Postpaid,South,Partner,20,33.53,10.68,0,5,33.53,0
100524,Prepaid,West,Web,7,19.98,8.5,2,2,19.98,0
100525,Postpaid,North,Store,39,40.34,17.21,0,2,42.52,0
100526,Business,West,App,49,51.72,0.2,1,3,51.72,1
100527,Business,North,Store,12,49.03,26.73,2,1,55.21,0
100528,Family,West,App,11,36.84,17.25,2,2,39.05,0
100529,Prepaid,North,Partner,34,10.4,7.75,0,2,10.4,0
100530,Postpaid,North,Store,29,21.66,13.48,2,1,22.28,0
100531,Postpaid,East,App,8,36.09,26.48,1,5,42.17,0
100532,Postpaid,South,Store,50,39.59,7.4,1,4,39.59,0
100533,Postpaid,East,Partner,56,30.92,3.78,1,8,30.92,0
100534,Prepaid,South,Store,31,21.03,9.04,0,2,21.03,0
100535,Prepaid,Central,App,27,23.85,0.6,0,4,23.85,1
100536,Postpaid,South,Store,12,24.54,20.51,0,2,28.12,0
100537,Prepaid,East,Store,23,10.86,5.95,2,1,10.86,0
100538,Prepaid,Central,App,37,24.59,6.58,2,0,24.59,1
100539,Family,West,Web,72,44.61,21.09,0,2,48.43,0
100540,Business,South,App,14,58.45,6.2,3,3,58.45,0
100541,Postpaid,East,Store,60,33.76,23.45,0,2,38.57,0
100542,Family,North,Store,37,36.69,21.66,1,4,40.75,1
100543,Business,East,Store,40,50.03,37.88,2,1,60.9,0
100544,Prepaid,East,Store,22,18.39,8.99,1,4,18.39,1
100545,Postpaid,West,Web,68,28.96,16.85,4,4,31.0,0
100546,Postpaid,Central,App,5,29.92,7.59,3,2,29.92,1
100547,Prepaid,North,App,16,21.99,0.2,1,2,21.99,1
100548,Family,North,Web,23,38.22,22.19,4,2,42.5,1
100549,Postpaid,South,Partner,42,32.98,9.15,0,2,32.98,0
100550,Postpaid,East,App,31,22.89,13.71,1,2,23.6,0
100551,Prepaid,South,App,67,16.7,13.1,1,4,17.16,1
100552,Prepaid,West,Partner,14,14.35,10.44,0,3,14.35,1
100553,Family,East,App,42,32.85,25.05,3,1,38.34,0
100554,Prepaid,Central,Partner,35,15.55,8.46,1,0,15.55,0
100555,Prepaid,South,Web,23,11.44,13.21,2,5,11.95,1
100556,Prepaid,North,App,2,16.72,6.91,2,4,16.72,1
100557,Postpaid,South,App,59,32.86,31.39,1,2,41.01,0
100558,Postpaid,West,Partner,15,20.67,22.58,1,4,25.12,0
100559,Postpaid,South,App,10,20.33,16.36,0,4,22.16,0
100560,Prepaid,South,Store,42,23.41,6.61,3,0,23.41,0
100561,Prepaid,South,App,11,18.03,17.02,4,1,20.14,1
100562,Family,West,Store,47,46.58,27.86,0,2,53.24,0
100563,Postpaid,Central,Web,53,41.06,5.3,2,2,41.06,0
100564,Postpaid,South,Web,17,28.2,0.2,1,2,28.2,0
100565,Postpaid,North,App,5,27.89,2.83,0,4,27.89,0
100566,Family,East,Store,7,40.18,14.22,0,0,41.11,0
100567,Prepaid,South,Web,4,10.38,9.38,0,2,10.38,0
100568,Postpaid,Central,App,35,17.65,10.64,2,2,17.65,0
100569,Postpaid,East,Web,28,24.18,13.42,2,2,24.77,0
100570,Prepaid,West,Store,56,9.45,10.05,1,5,9.45,0
100571,Family,Central,App,29,24.75,17.91,0,2,27.23,0
100572,Postpaid,West,Partner,47,29.72,11.43,0,1,29.72,0
100573,Family,South,Store,34,44.53,20.92,2,1,48.28,0
100574,Family,West,App,31,41.62,11.4,2,5,41.62,0
100575,Postpaid,South,App,54,17.6,9.58,1,1,17.6,0
100576,Family,East,App,37,46.9,0.2,2,3,46.9,1
100577,Postpaid,Central,App,41,28.93,10.45,3,2,28.93,0
100578,Family,South,App,33,35.47,9.21,0,4,35.47,0
100579,Postpaid,East,Web,52,29.65,24.76,1,4,35.01,0
100580,Postpaid,North,Web,22,29.54,8.95,0,4,29.54,0
100581,Postpaid,North,App,4,30.98,20.64,0,1,34.61,0
100582,Prepaid,West,Web,31,19.17,4.25,4,3,19.17,1
100583,Postpaid,West,Web,23,27.97,28.73,1,5,34.99,0
100584,Family,West,Store,65,44.38,11.66,2,3,44.38,0
100585,Postpaid,South,Partner,70,44.9,5.88,2,3,44.9,1
100586,Prepaid,North,App,16,13.15,11.29,0,3,13.15,0
100587,Prepaid,East,App,31,23.61,15.1,1,3,24.91,1
100588,Prepaid,East,App,32,20.13,15.21,2,4,21.48,1
100589,Prepaid,West,App,17,22.93,7.74,1,1,22.93,1
100590,Business,West,Store,1,51.6,27.44,2,4,58.08,0
100591,Postpaid,Central,App,72,30.02,15.9,3,5,31.65,0
100592,Prepaid,West,Store,47,12.39,4.33,2,2,12.39,0
100593,Postpaid,South,Partner,30,35.27,18.81,0,2,38.13,0
100594,Prepaid,West,Web,14,13.44,8.98,1,3,13.44,0
100595,Prepaid,West,Web,35,20.97,4.75,0,5,20.97,1
100596,Postpaid,Central,Web,20,22.22,16.18,0,4,23.98,0
100597,Postpaid,East,Web,17,28.06,7.08,1,5,28.06,0
100598,Business,West,Store,69,58.22,29.55,0,0,65.59,0
100599,Postpaid,South,App,48,26.29,21.59,1,5,30.31,1
100600,Postpaid,West,App,23,30.5,17.3,1,0,32.73,0
100601,Family,Central,App,15,32.62,19.13,3,6,35.61,0
100602,Family,Central,Store,56,43.23,10.42,0,3,43.23,0
100603,Family,North,Store,44,20.89,11.83,2,1,20.89,0
100604,Business,South,App,62,64.4,21.68,0,4,68.46,1
100605,Family,West,App,55,28.22,9.6,0,3,28.22,0
100606,Family,West,Web,29,36.0,20.91,0,5,39.74,0
100607,Prepaid,Central,App,47,16.72,8.8,2,0,16.72,0
100608,Family,South,App,28,38.2,9.98,0,3,38.2,0
100609,Postpaid,Central,App,7,20.37,12.74,0,1,20.68,0
100610,Postpaid,West,App,3,32.93,9.57,0,5,32.93,0
100611,Postpaid,North,Web,6,32.81,10.11,0,2,32.81,0
100612,Business,North,App,67,38.66,26.91,1,6,44.92,0
100613,Business,West,App,61,59.39,35.79,0,0,69.39,0
100614,Prepaid,North,Partner,29,16.72,6.04,1,2,16.72,0
100615,Family,West,Store,66,33.2,6.53,0,1,33.2,0
100616,Family,East,Store,54,41.76,13.37,1,5,42.34,0
100617,Postpaid,East,Web,10,37.59,12.38,1,2,37.75,0
100618,Prepaid,South,App,17,26.05,7.51,1,2,26.05,1
100619,Prepaid,Central,App,28,13.76,8.01,4,2,13.76,1
100620,Family,West,App,58,37.39,23.11,0,2,42.06,0
100621,Postpaid,West,App,48,35.5,18.61,1,3,38.27,0
100622,Business,West,App,29,46.53,23.61,1,4,51.41,0
100623,Postpaid,East,Store,61,29.69,13.9,1,2,30.49,0
100624,Business,Central,App,24,52.05,33.81,1,2,61.21,0
100625,Postpaid,East,App,66,24.9,0.2,0,7,24.9,1
100626,Family,East,Store,52,43.21,10.23,0,4,43.21,0
100627,Prepaid,South,Store,51,19.17,10.35,2,5,19.17,0
100628,Postpaid,South,Store,7,19.94,23.17,0,5,24.63,0
100629,Family,West,App,11,31.33,14.09,2,1,32.21,1
100630,Business,South,Web,71,55.71,0.2,2,2,55.71,0
100631,Family,West,Web,56,41.55,29.7,2,6,48.98,1
100632,Prepaid,Central,Store,19,23.76,0.2,3,2,23.76,1
100633,Postpaid,East,Web,62,27.8,24.36,1,1,32.99,0
100634,Prepaid,North,App,23,9.91,6.51,1,3,9.91,1
100635,Prepaid,West,App,26,14.01,15.19,2,6,15.35,0
100636,Postpaid,North,App,22,44.16,11.77,1,1,44.16,0
100637,Postpaid,West,Store,36,27.65,13.43,2,2,28.25,1
100638,Family,East,Web,55,28.66,10.39,2,1,28.66,0
100639,Family,East,App,12,35.74,18.42,2,3,38.44,0
100640,Family,East,App,70,37.2,23.06,2,4,41.84,0
100641,Family,East,Partner,22,33.59,30.02,3,5,41.16,0
100642,Prepaid,South,App,70,14.32,4.55,1,5,14.32,0
100643,Prepaid,South,Web,63,13.45,6.45,0,1,13.45,0
100644,Postpaid,East,App,40,26.45,11.32,2,4,26.45,0
100645,Family,Central,Partner,7,49.4,13.98,1,2,50.23,0
100646,Prepaid,North,App,42,20.45,6.79,1,6,20.45,0
100647,Postpaid,South,Web,55,24.37,20.35,0,3,27.88,1
100648,Postpaid,North,Store,71,26.59,12.74,0,1,26.9,0
100649,Prepaid,East,Partner,8,9.84,11.35,2,4,9.84,1
100650,Postpaid,North,Partner,54,30.28,0.2,0,2,30.28,0
100651,Family,West,Web,22,47.41,5.62,0,3,47.41,0
100652,Postpaid,North,App,54,28.09,16.15,2,5,29.84,1
100653,Prepaid,West,Store,42,17.17,3.58,1,2,17.17,0
100654,Family,South,Web,63,39.13,15.89,2,3,40.77,0
100655,Postpaid,East,Store,1,25.51,23.08,2,2,30.16,0
100656,Family,North,Web,37,36.92,15.98,1,4,38.59,1
100657,Prepaid,West,Web,49,23.07,5.22,0,0,23.07,0
100658,Postpaid,Central,App,28,31.73,8.62,2,1,31.73,0
100659,Postpaid,South,App,23,39.65,20.4,1,0,43.18,0
100660,Prepaid,Central,App,24,11.3,12.23,0,4,11.39,0
100661,Family,South,Web,54,43.0,10.67,0,5,43.0,0
100662,Prepaid,East,Store,15,24.22,6.86,0,3,24.22,0
100663,Prepaid,West,App,71,18.9,7.32,2,2,18.9,0
100664,Postpaid,North,Web,16,27.07,23.96,1,1,32.1,0
100665,Postpaid,East,App,30,36.85,16.73,2,4,38.83,0
100666,Family,North,App,72,33.42,24.12,3,1,38.51,0
100667,Business,West,Store,3,52.44,30.93,1,2,60.39,1
100668,Prepaid,East,Store,25,21.96,14.25,1,2,22.9,1
100669,Postpaid,Central,App,62,36.99,23.91,1,3,41.99,0
100670,Prepaid,South,Web,23,18.28,2.81,0,2,18.28,0
100671,Postpaid,Central,Web,20,31.84,2.91,1,3,31.84,0
100672,Business,North,Web,1,42.03,30.48,0,1,49.79,0
100673,Postpaid,West,Partner,11,18.82,24.6,2,4,24.12,0
100674,Postpaid,South,App,15,30.02,16.9,0,4,32.07,0
100675,Postpaid,North,App,64,33.36,15.34,0,0,34.76,0
100676,Family,North,App,40,38.36,19.32,3,4,41.43,0
100677,Postpaid,West,Web,17,29.45,6.95,1,6,29.45,1
100678,Prepaid,South,App,59,16.96,8.5,2,3,16.96,1
100679,Postpaid,East,Partner,44,38.74,15.45,3,0,40.19,0
100680,Prepaid,Central,Store,23,24.1,4.92,0,2,24.1,0
100681,Prepaid,South,Web,19,11.75,5.96,1,2,11.75,1
100682,Prepaid,North,App,16,17.81,8.26,1,3,17.81,0
100683,Postpaid,North,Web,52,27.78,8.78,1,2,27.78,1
100684,Postpaid,North,Store,52,36.26,12.23,0,1,36.36,0
100685,Postpaid,East,Store,47,26.85,5.86,1,2,26.85,0
100686,Postpaid,West,Web,33,34.5,6.04,0,2,34.5,1
100687,Business,South,App,37,61.89,20.49,1,3,65.46,1
100688,Family,North,Partner,65,39.53,18.57,3,2,42.29,1
100689,Postpaid,West,Web,40,32.16,4.58,2,2,32.16,0
100690,Prepaid,South,Web,45,9.88,8.57,1,4,9.88,1
100691,Family,East,App,17,41.49,2.1,0,2,41.49,1
100692,Prepaid,Central,App,33,13.72,12.85,2,2,14.07,1
100693,Prepaid,South,App,2,8.0,4.84,0,2,8.0,1
100694,Family,East,Web,34,47.14,16.14,0,3,48.87,0
100695,Postpaid,West,App,58,37.21,20.04,1,3,40.58,0
100696,Family,West,Partner,49,37.86,11.88,1,2,37.86,0
100697,Postpaid,West,Partner,65,29.73,7.87,2,3,29.73,0
100698,Postpaid,West,App,25,29.91,16.72,1,6,31.89,0
100699,Prepaid,East,Web,57,20.54,10.05,0,1,20.54,0
100700,Prepaid,East,App,53,20.47,6.37,1,2,20.47,0
100701,Prepaid,West,App,51,22.77,8.51,3,3,22.77,0
100702,Prepaid,West,App,58,19.79,4.89,1,3,19.79,1
100703,Family,West,Web,34,36.73,17.62,1,3,39.09,0
100704,Prepaid,South,Partner,25,17.16,1.78,1,2,17.16,0
100705,Postpaid,West,App,43,17.41,16.72,1,2,19.39,0
100706,Family,South,App,28,41.52,5.1,4,2,41.52,1
100707,Family,North,Store,50,35.64,10.91,0,9,35.64,0
100708,Postpaid,South,Store,63,28.75,10.4,1,5,28.75,0
100709,Postpaid,South,App,2,21.64,17.92,0,1,24.13,0
100710,Business,West,Web,45,53.62,49.41,1,1,69.33,1
100711,Postpaid,South,Partner,31,30.42,19.82,2,1,33.71,0
100712,Family,West,App,8,45.65,27.0,0,1,51.95,0
100713,Family,East,Web,17,48.82,10.74,3,3,48.82,0
100714,Family,North,Web,60,22.0,18.77,0,2,24.84,0
100715,Prepaid,South,Store,27,11.82,1.95,0,3,11.82,0
100716,Postpaid,East,Web,7,25.75,12.54,0,4,25.98,0
100717,Prepaid,West,Store,54,15.57,7.51,0,2,15.57,0
100718,Postpaid,South,Store,18,21.18,16.08,1,2,22.89,0
100719,Business,South,App,27,44.89,14.74,1,2,46.04,0
100720,Postpaid,South,Web,15,32.15,16.46,1,1,34.02,0
100721,Postpaid,North,App,54,32.44,21.68,1,5,36.51,1
100722,Prepaid,North,App,67,18.16,2.6,0,1,18.16,0
100723,Business,Central,Store,70,57.92,40.02,2,2,69.69,0
100724,Prepaid,North,App,6,8.0,6.95,2,2,8.0,1
100725,Prepaid,North,App,67,20.44,12.48,0,2,20.64,1
100726,Prepaid,Central,App,46,18.3,13.08,2,2,18.75,0
100727,Prepaid,West,Web,60,24.02,11.06,0,3,24.02,1
100728,Postpaid,East,Store,6,22.87,5.94,2,2,22.87,1
100729,Postpaid,West,App,62,24.51,11.74,0,3,24.51,1
100730,Prepaid,Central,Web,24,15.28,9.12,1,2,15.28,1
100731,Prepaid,North,Web,29,14.91,3.3,1,0,14.91,1
100732,Prepaid,South,App,65,19.89,7.29,0,4,19.89,0
100733,Postpaid,Central,Store,53,27.99,17.66,2,3,30.37,1
100734,Prepaid,West,App,37,9.55,3.52,0,2,9.55,0
100735,Postpaid,Central,Store,49,30.99,5.82,0,1,30.99,0
100736,Prepaid,South,Web,26,19.07,8.1,0,3,19.07,0
100737,Prepaid,Central,App,71,21.26,4.39,2,3,21.26,0
100738,Postpaid,South,Store,6,32.22,11.73,1,2,32.22,1
100739,Postpaid,West,App,42,24.19,19.3,1,2,27.26,0
100740,Prepaid,Central,Store,4,16.95,12.83,2,5,17.3,0
100741,Prepaid,North,App,31,12.58,17.23,3,3,14.77,1
100742,Family,South,Web,37,40.69,14.66,0,4,41.81,1
100743,Prepaid,East,Store,61,10.21,15.27,0,5,11.58,0
100744,Postpaid,Central,App,68,34.41,5.09,0,6,34.41,0
100745,Postpaid,North,Web,54,26.25,11.6,1,4,26.25,0
100746,Prepaid,Central,App,70,11.38,6.8,1,2,11.38,1
100747,Postpaid,South,Store,9,24.27,14.28,2,4,25.22,1
100748,Family,South,Store,38,33.54,20.98,1,2,37.32,1
100749,Family,South,App,43,33.66,23.18,0,3,38.36,1
100750,Prepaid,Central,App,6,17.83,0.2,1,1,17.83,1
100751,Prepaid,North,App,43,21.56,9.73,0,5,21.56,0
100752,Prepaid,East,Web,4,11.16,8.41,1,0,11.16,0
100753,Postpaid,North,Web,46,29.44,26.22,0,2,35.42,0
100754,Postpaid,Central,App,16,23.61,14.05,4,2,24.47,0
100755,Prepaid,West,App,68,16.02,12.61,1,2,16.28,0
100756,Prepaid,South,Partner,24,18.65,8.64,0,2,18.65,1
100757,Business,South,App,44,57.09,19.0,2,1,60.03,1
100758,Prepaid,South,App,44,25.63,6.0,1,2,25.63,1
100759,Postpaid,South,Web,63,24.51,17.2,0,4,26.7,0
100760,Postpaid,West,App,25,45.5,21.02,3,2,49.29,0
100761,Prepaid,East,Partner,26,17.2,5.76,1,2,17.2,0
100762,Prepaid,East,App,50,12.59,8.6,2,5,12.59,0
100763,Prepaid,West,Web,5,24.26,0.2,0,2,24.26,0
100764,Family,East,App,40,30.57,29.68,1,3,38.0,0
100765,Prepaid,North,App,28,17.98,7.77,2,2,17.98,1
100766,Prepaid,North,App,71,23.59,8.25,3,2,23.59,1
100767,Prepaid,South,Partner,39,21.87,8.93,2,3,21.87,1
100768,Prepaid,West,Store,56,22.87,9.92,1,2,22.87,1
100769,Postpaid,North,App,60,26.97,18.53,1,4,29.71,0
100770,Prepaid,East,Partner,11,25.08,7.25,1,2,25.08,1
100771,Postpaid,South,App,46,28.73,9.78,1,0,28.73,1
100772,Postpaid,West,App,49,34.11,18.09,3,2,36.67,0
100773,Family,North,App,32,27.56,5.4,0,0,27.56,0
100774,Prepaid,East,Web,15,16.41,10.81,0,4,16.41,0
100775,Family,North,App,34,43.59,21.64,2,3,47.64,1
100776,Postpaid,South,App,4,27.68,20.24,0,1,31.14,0
100777,Prepaid,North,Partner,72,18.01,13.91,0,2,18.81,0
100778,Family,East,Store,7,38.33,20.2,0,2,41.77,1
100779,Family,West,App,11,41.42,7.15,1,2,41.42,1
100780,Prepaid,North,Store,10,23.66,12.17,1,3,23.73,0
100781,Family,West,App,15,40.37,23.85,3,2,45.34,0
100782,Postpaid,East,Store,14,34.11,17.62,1,5,36.47,0
100783,Postpaid,East,App,46,28.69,16.17,1,3,30.45,1
100784,Business,West,Store,9,50.9,19.55,2,3,54.07,0
100785,Postpaid,South,Web,51,22.4,15.8,0,4,23.99,0
100786,Family,West,App,30,33.04,10.33,1,0,33.04,0
100787,Prepaid,West,App,29,16.04,9.16,1,3,16.04,0
100788,Family,West,App,37,26.85,10.64,1,2,26.85,0
100789,Postpaid,South,Web,3,29.95,4.26,2,1,29.95,0
100790,Prepaid,West,Web,37,21.31,6.87,1,4,21.31,0
100791,Postpaid,North,Web,38,36.48,17.29,0,1,38.71,0
100792,Prepaid,East,Partner,54,8.0,4.02,2,3,8.0,1
100793,Prepaid,North,Web,11,15.88,12.18,0,3,15.95,0
100794,Prepaid,North,Partner,4,20.61,7.01,1,2,20.61,0
100795,Postpaid,West,Store,5,30.11,24.21,0,3,35.24,0
100796,Prepaid,Central,App,70,20.51,9.78,1,2,20.51,0
100797,Prepaid,North,Store,25,17.87,8.56,0,7,17.87,0
100798,Family,East,App,17,23.39,35.75,2,6,33.37,0
100799,Postpaid,West,App,10,25.64,20.69,1,2,29.29,1
100800,Family,Central,App,19,26.62,22.86,0,2,31.18,1
100801,Prepaid,West,App,32,10.45,10.6,3,2,10.45,1
100802,Family,North,Web,70,34.53,27.96,3,2,41.24,1
100803,Postpaid,North,App,55,31.68,23.55,0,5,36.53,0
100804,Prepaid,West,App,62,12.07,10.46,0,1,12.07,0
100805,Prepaid,South,Partner,4,14.33,8.63,2,3,14.33,1
100806,Postpaid,Central,Store,42,33.14,6.06,0,5,33.14,0
100807,Prepaid,Central,App,36,12.77,5.77,2,0,12.77,0
100808,Postpaid,Central,App,15,21.49,14.62,0,2,22.59,0
100809,Business,South,App,36,50.84,40.72,0,2,62.9,0
100810,Prepaid,West,Partner,43,20.71,12.61,2,0,20.97,0
100811,Prepaid,West,App,1,19.56,3.55,0,1,19.56,1
100812,Business,North,Partner,71,48.83,35.53,0,7,58.72,0
100813,Postpaid,South,App,54,23.55,14.23,1,4,24.48,0
100814,Prepaid,South,Web,67,15.49,9.38,0,4,15.49,0
100815,Family,South,App,7,46.61,10.08,1,6,46.61,0
100816,Family,Central,Store,5,30.82,13.78,2,0,31.57,1
100817,Postpaid,Central,App,68,46.63,0.2,1,1,46.63,0
100818,Postpaid,South,App,68,24.71,19.48,1,5,27.85,0
100819,Prepaid,East,Partner,47,9.31,2.54,0,1,9.31,0
100820,Prepaid,North,Web,15,13.3,0.2,0,0,13.3,0
100821,Postpaid,South,App,21,26.8,15.94,0,1,28.45,0
100822,Prepaid,North,Web,58,15.65,6.33,1,0,15.65,0
100823,Postpaid,West,App,67,24.53,14.34,1,5,25.51,0
100824,Family,West,Partner,49,41.33,9.93,0,3,41.33,1
100825,Prepaid,West,App,29,11.04,13.3,1,2,11.59,1
100826,Postpaid,Central,App,60,29.43,16.94,2,2,31.5,0
100827,Prepaid,North,App,19,9.21,2.77,0,5,9.21,1
100828,Family,West,App,10,36.78,16.48,2,2,38.66,0
100829,Prepaid,North,Partner,28,18.22,13.67,0,1,18.92,0
100830,Postpaid,South,App,34,16.43,24.08,0,3,21.5,0
100831,Postpaid,East,App,45,12.65,6.91,1,3,12.65,0
100832,Postpaid,North,Web,50,30.32,14.1,0,6,31.2,0
100833,Postpaid,North,App,53,34.42,16.79,3,2,36.44,1
100834,Family,South,App,15,21.09,17.59,1,4,23.44,0
100835,Postpaid,North,Web,48,39.65,11.84,2,2,39.65,0
100836,Family,Central,App,4,43.47,7.88,0,3,43.47,0
100837,Business,South,Web,67,47.76,31.57,3,3,55.98,1
100838,Postpaid,East,Store,32,31.46,11.28,3,4,31.46,1
100839,Postpaid,Central,App,69,39.16,18.32,6,5,41.81,1
100840,Prepaid,East,Store,63,9.01,0.2,3,2,9.01,1
100841,Family,East,App,15,34.17,19.34,2,2,37.25,0
100842,Postpaid,Central,Store,9,35.14,2.75,1,0,35.14,1
100843,Postpaid,South,Store,66,36.32,9.97,0,2,36.32,0
100844,Prepaid,North,Web,36,14.24,10.39,2,1,14.24,0
100845,Family,East,Store,8,32.9,12.71,3,1,33.2,0
100846,Postpaid,East,Web,44,27.01,3.77,0,4,27.01,0
100847,Postpaid,West,App,69,34.22,15.51,1,4,35.7,0
100848,Prepaid,North,Partner,44,18.46,8.62,0,4,18.46,1
100849,Business,West,App,19,34.64,36.32,3,0,44.85,1
100850,Prepaid,West,Web,25,15.56,10.01,1,4,15.56,0
100851,Prepaid,Central,Store,20,23.44,4.58,0,4,23.44,1
100852,Family,North,App,39,32.87,19.62,2,4,36.07,0
100853,Family,South,App,31,50.59,21.1,2,3,54.42,1
100854,Prepaid,Central,Partner,25,24.81,8.53,1,6,24.81,1
100855,Postpaid,West,Web,14,36.92,18.07,2,3,39.47,0
100856,Family,North,Web,3,39.13,12.85,1,4,39.48,0
100857,Family,North,App,60,41.95,18.64,1,2,44.74,1
100858,Postpaid,West,Store,58,30.13,13.03,0,1,30.56,1
100859,Postpaid,East,App,9,18.6,0.2,0,5,18.6,1
100860,Family,East,Web,17,39.26,27.41,2,2,45.73,0
100861,Family,Central,App,32,32.26,6.88,0,2,32.26,0
100862,Family,South,Web,43,33.84,24.74,0,5,39.19,0
100863,Postpaid,North,Web,66,25.43,4.38,0,0,25.43,0
100864,Prepaid,West,App,51,20.37,1.02,0,1,20.37,1
100865,Family,Central,Web,46,46.49,32.78,0,0,55.22,0
100866,Family,South,App,54,43.84,19.62,1,6,47.04,0
100867,Family,West,App,44,27.03,23.27,3,1,31.76,0
100868,Prepaid,North,App,67,8.73,6.48,2,3,8.73,1
100869,Prepaid,North,App,72,11.3,11.41,1,6,11.3,0
100870,Family,Central,App,33,48.21,17.14,2,3,50.37,1
100871,Prepaid,North,Web,2,24.01,7.41,0,1,24.01,0
100872,Business,North,Web,72,69.55,29.71,2,5,76.99,0
100873,Postpaid,West,Store,24,26.89,13.74,1,2,27.62,0
100874,Postpaid,South,Partner,20,28.74,15.62,1,6,30.26,0
100875,Family,South,Partner,10,29.21,15.22,0,4,30.57,0
100876,Postpaid,West,App,55,17.66,14.98,1,5,18.91,0
100877,Prepaid,North,Store,14,25.5,11.32,2,4,25.5,0
100878,Postpaid,West,Partner,70,29.7,21.88,1,4,33.85,0
100879,Postpaid,South,App,16,13.09,16.31,2,2,14.9,0
100880,Postpaid,North,App,6,31.01,3.43,0,1,31.01,0
100881,Postpaid,West,Partner,46,27.4,15.71,2,0,28.96,1
100882,Business,South,Web,15,58.32,35.1,3,1,68.02,1
100883,Postpaid,Central,Web,20,41.75,17.43,3,3,44.03,0
100884,Prepaid,Central,Web,8,12.01,6.96,2,1,12.01,1
100885,Postpaid,Central,App,48,29.05,15.53,3,4,30.53,1
100886,Postpaid,South,Web,16,30.33,17.91,1,3,32.81,1
100887,Prepaid,South,Web,54,22.81,8.31,0,3,22.81,0
100888,Prepaid,Central,App,19,17.52,14.6,1,0,18.61,1
100889,Postpaid,East,App,29,45.77,15.58,2,1,47.28,0
100890,Prepaid,West,App,36,14.31,7.6,0,5,14.31,1
100891,Business,West,Web,39,59.92,31.69,1,1,68.19,1
100892,Prepaid,South,Web,60,16.38,3.13,0,2,16.38,0
100893,Prepaid,North,Partner,10,9.72,7.62,3,4,9.72,0
100894,Family,West,App,17,51.78,16.04,2,3,53.47,0
100895,Family,West,Store,55,32.46,24.19,1,4,37.58,0
100896,Prepaid,South,App,62,24.31,10.3,3,1,24.31,0
100897,Prepaid,East,Partner,31,15.32,4.55,0,2,15.32,0
100898,Prepaid,West,Store,1,18.37,9.48,2,1,18.37,1
100899,Postpaid,South,Web,61,9.75,16.05,0,2,11.45,1
100900,Postpaid,South,App,45,27.18,11.5,0,3,27.18,0
100901,Prepaid,West,App,38,8.16,9.39,1,2,8.16,0
100902,Prepaid,West,App,29,20.71,11.32,1,0,20.71,0
100903,Postpaid,Central,Web,51,30.79,16.7,2,6,32.77,1
100904,Business,North,App,21,52.01,23.9,0,3,57.01,0
100905,Postpaid,Central,Web,26,22.79,12.07,0,1,22.82,0
100906,Postpaid,West,App,56,29.15,11.34,0,2,29.15,1
100907,Prepaid,West,Store,27,8.0,9.02,3,0,8.0,1
100908,Prepaid,South,App,69,15.76,8.39,1,2,15.76,1
100909,Prepaid,North,App,32,16.11,7.76,2,0,16.11,0
100910,Family,East,Store,41,32.4,13.89,0,2,33.19,0
100911,Family,South,App,46,30.54,15.55,0,4,32.03,1
100912,Family,South,App,51,36.0,17.76,1,4,38.42,0
100913,Business,Central,Store,37,44.25,40.49,4,4,56.22,0
100914,Business,North,App,27,61.98,23.7,0,3,66.89,1
100915,Business,Central,Store,58,48.41,29.32,1,5,55.68,0
100916,Prepaid,East,Web,52,19.99,12.1,1,3,20.03,0
100917,Prepaid,West,App,4,18.72,5.62,0,2,18.72,0
100918,Prepaid,South,App,46,18.98,5.18,0,0,18.98,0
100919,Postpaid,West,App,65,38.77,18.51,2,4,41.5,0
100920,Prepaid,East,App,41,18.01,2.48,2,2,18.01,1
100921,Family,Central,App,67,42.22,18.56,2,1,44.98,0
100922,Postpaid,North,Store,29,30.24,8.71,1,3,30.24,0
100923,Postpaid,South,App,18,43.24,25.18,3,0,48.77,0
100924,Prepaid,Central,Web,36,24.4,7.56,2,3,24.4,1
100925,Prepaid,North,Web,8,14.3,1.74,1,2,14.3,0
100926,Prepaid,West,App,5,18.9,6.25,0,4,18.9,1
100927,Family,North,Store,42,46.9,12.89,1,3,47.27,0
100928,Postpaid,North,App,3,25.13,22.88,2,2,29.7,0
100929,Family,West,App,5,34.84,9.14,1,2,34.84,1
100930,Prepaid,East,Partner,33,23.46,9.39,1,2,23.46,0
100931,Postpaid,East,Store,17,30.22,13.08,2,3,30.67,0
100932,Postpaid,East,App,13,29.31,9.17,1,2,29.31,1
100933,Family,West,Web,37,35.48,23.91,2,1,40.48,0
100934,Family,Central,Partner,24,41.29,32.36,2,5,49.84,1
100935,Prepaid,South,Store,45,14.69,6.6,2,6,14.69,0
100936,Business,South,Web,31,63.23,24.89,0,6,68.64,1
100937,Prepaid,South,Web,14,8.0,4.58,1,4,8.0,0
100938,Family,West,Web,51,23.37,23.03,0,5,28.0,0
100939,Prepaid,South,Store,68,15.35,5.65,0,1,15.35,1
100940,Prepaid,West,Web,53,18.45,5.49,1,1,18.45,0
100941,Family,East,Store,14,24.9,8.42,0,3,24.9,0
100942,Prepaid,West,App,41,19.74,9.94,1,2,19.74,0
100943,Postpaid,West,App,12,24.88,18.38,1,4,27.56,0
100944,Postpaid,East,App,2,21.01,17.44,0,1,23.29,1
100945,Prepaid,East,App,12,18.22,8.01,1,5,18.22,0
100946,Postpaid,South,App,59,35.04,7.62,1,4,35.04,0
100947,Family,East,Store,67,50.15,17.58,1,6,52.49,0
100948,Family,South,Partner,43,35.18,14.19,1,0,36.1,0
100949,Prepaid,Central,App,64,10.44,9.7,1,2,10.44,1
100950,Postpaid,South,App,30,24.84,19.97,0,6,28.19,0
100951,Prepaid,North,Web,3,20.05,7.27,1,1,20.05,1
100952,Prepaid,South,App,66,13.13,14.22,0,2,14.06,1
100953,Prepaid,East,Web,53,13.8,8.84,2,3,13.8,0
100954,Business,Central,Store,48,42.25,11.93,0,4,42.25,0
100955,Family,South,Store,6,26.19,18.58,2,2,28.95,1
100956,Family,South,App,70,26.88,20.59,0,1,30.49,0
100957,Postpaid,South,App,6,36.61,2.22,0,1,36.61,1
100958,Postpaid,Central,Store,2,34.44,6.53,1,3,34.44,1
100959,Postpaid,Central,App,6,26.91,14.73,3,2,28.06,1
100960,Postpaid,North,App,68,32.94,19.37,1,1,36.03,0
100961,Postpaid,West,App,60,31.86,9.93,1,1,31.86,0
100962,Prepaid,West,Web,9,25.04,6.12,1,1,25.04,1
100963,Prepaid,West,Store,31,10.14,14.76,1,8,11.3,0
100964,Business,East,Web,39,57.67,42.45,0,2,70.46,0
100965,Postpaid,West,Web,41,33.25,14.82,3,2,34.43,0
100966,Business,East,App,15,51.19,35.61,0,3,61.11,1
100967,Prepaid,South,Partner,3,17.9,7.6,0,2,17.9,0
100968,Postpaid,North,Web,3,36.9,17.79,1,1,39.33,0
100969,Prepaid,South,App,65,17.4,3.6,2,3,17.4,0
100970,Prepaid,North,Store,45,19.92,13.0,2,3,20.34,0
100971,Prepaid,South,App,71,14.64,3.45,2,1,14.64,0
100972,Prepaid,West,Partner,62,13.64,5.48,2,3,13.64,1
100973,Family,Central,App,17,41.78,16.89,2,3,43.84,1
100974,Prepaid,North,App,7,16.91,3.79,3,2,16.91,0
100975,Postpaid,North,Partner,48,40.01,14.46,2,1,41.04,0
100976,Postpaid,West,Store,17,36.93,7.02,0,3,36.93,0
100977,Postpaid,East,App,49,32.69,11.7,0,1,32.69,0
100978,Postpaid,North,Store,70,26.75,13.06,1,1,27.19,0
100979,Prepaid,West,Web,70,22.67,7.83,1,2,22.67,0
100980,Business,South,App,19,56.18,11.83,1,2,56.18,0
100981,Family,North,Store,35,34.26,28.45,0,1,41.17,0
100982,Family,West,Store,51,42.48,28.2,3,1,49.29,0
100983,Postpaid,West,Store,18,30.91,11.95,3,3,30.91,0
100984,Prepaid,South,Partner,41,16.74,7.47,4,1,16.74,1
100985,Business,West,Store,26,57.64,17.28,1,0,59.86,0
100986,Postpaid,Central,Web,42,19.86,1.61,0,3,19.86,0
100987,Prepaid,North,Web,47,17.18,12.71,1,4,17.48,0
100988,Postpaid,West,App,64,32.33,14.76,2,3,33.48,0
100989,Family,South,App,35,29.63,9.88,2,2,29.63,0
100990,Postpaid,East,Partner,21,26.67,12.85,0,3,27.03,0
100991,Family,East,Web,6,40.39,20.7,2,3,44.05,1
100992,Family,South,App,51,41.84,5.54,0,3,41.84,0
100993,Prepaid,North,App,59,18.1,11.78,1,4,18.1,1
100994,Business,West,App,30,64.75,32.61,0,5,73.41,0
100995,Postpaid,South,App,63,34.67,10.11,2,3,34.67,0
100996,Postpaid,Central,App,35,27.15,2.07,2,0,27.15,0
100997,Prepaid,South,Store,35,16.61,5.01,0,1,16.61,0
100998,Business,West,App,4,48.96,35.07,2,1,58.65,1
100999,Prepaid,East,Store,38,19.16,4.35,3,2,19.16,1
101000,Prepaid,South,Partner,43,16.46,9.14,1,5,16.46,0
101001,Postpaid,West,Partner,36,24.37,11.9,0,2,24.37,0
101002,Prepaid,West,Web,39,24.91,1.16,3,1,24.91,0
101003,Prepaid,East,Store,39,24.49,6.42,3,1,24.49,0
101004,Postpaid,East,Store,51,27.3,9.35,2,0,27.3,0
101005,Postpaid,East,Store,8,20.58,17.13,0,2,22.74,0
101006,Business,East,App,39,50.92,13.38,2,1,51.5,1
101007,Prepaid,East,Web,32,18.43,12.08,1,5,18.47,0
101008,Family,West,Web,25,23.49,13.74,0,4,24.22,0
101009,Postpaid,South,Store,33,30.25,6.2,2,1,30.25,0
101010,Postpaid,East,App,49,38.83,9.53,0,3,38.83,1
101011,Postpaid,West,App,72,28.64,2.34,1,3,28.64,0
101012,Postpaid,Central,Web,16,26.37,12.73,1,0,26.68,1
101013,Business,South,App,4,48.3,29.38,2,2,55.6,1
101014,Postpaid,South,App,26,40.95,7.96,1,2,40.95,0
101015,Prepaid,North,Store,23,24.68,19.26,1,2,27.72,1
101016,Postpaid,West,Web,5,39.49,9.99,1,2,39.49,0
101017,Family,East,App,36,39.63,10.85,2,4,39.63,0
101018,Prepaid,South,App,38,17.91,12.66,2,1,18.19,1
101019,Postpaid,South,Web,62,34.19,19.31,1,3,37.26,0
101020,Family,Central,Partner,51,46.36,14.51,0,2,47.41,0
101021,Family,East,Store,34,41.25,31.26,3,6,49.34,1
101022,Business,West,Web,48,52.36,29.42,1,3,59.67,1
101023,Postpaid,North,App,21,31.12,15.05,0,1,32.4,0
101024,Postpaid,North,Web,12,39.89,21.41,2,4,43.84,1
101025,Prepaid,North,Store,39,18.01,8.41,1,2,18.01,0
101026,Business,South,Web,36,48.94,41.88,1,2,61.49,1
101027,Postpaid,East,Web,22,27.87,14.14,1,2,28.77,0
101028,Family,South,App,65,33.87,33.34,1,2,42.83,1
101029,Postpaid,South,App,40,32.68,27.6,1,3,39.23,1
101030,Postpaid,North,Web,41,27.59,7.93,1,3,27.59,0
101031,Postpaid,South,App,50,35.65,25.54,1,2,41.34,0
101032,Postpaid,North,Web,21,28.77,14.64,3,3,29.88,1
101033,Family,North,Store,39,27.32,19.1,0,1,30.3,0
101034,Postpaid,North,App,65,22.04,24.83,1,3,27.43,0
101035,Postpaid,West,Web,44,35.48,8.13,3,2,35.48,0
101036,Postpaid,Central,Store,62,25.69,19.48,1,3,28.83,0
101037,Postpaid,West,Web,3,34.05,6.56,0,4,34.05,0
101038,Postpaid,North,App,52,37.69,21.68,0,2,41.75,1
101039,Prepaid,Central,App,48,20.08,14.53,1,2,21.14,1
101040,Prepaid,Central,App,65,22.9,4.26,2,3,22.9,0
101041,Postpaid,East,App,70,23.53,7.67,0,2,23.53,0
101042,Postpaid,North,Web,11,29.5,8.98,1,3,29.5,0
101043,Postpaid,West,App,36,26.11,8.51,0,4,26.11,0
101044,Prepaid,Central,App,68,19.67,3.64,2,1,19.67,0
101045,Prepaid,West,Partner,58,18.26,8.97,0,2,18.26,0
101046,Prepaid,West,App,8,23.43,15.1,0,7,24.74,0
101047,Family,West,App,40,31.4,5.25,0,1,31.4,0
101048,Family,Central,Web,26,29.84,17.53,1,2,32.16,0
101049,Prepaid,North,Web,51,19.45,7.98,1,4,19.45,0
101050,Postpaid,North,App,37,27.12,21.69,0,4,31.19,0
101051,Prepaid,West,Partner,23,17.07,16.78,3,1,19.08,0
101052,Prepaid,North,Store,31,23.28,11.51,1,1,23.28,0
101053,Prepaid,South,App,70,13.54,0.2,2,2,13.54,1
101054,Prepaid,South,App,27,12.23,13.29,1,2,12.77,0
101055,Postpaid,South,Partner,16,28.26,8.05,1,3,28.26,0
101056,Family,North,App,9,38.17,10.86,1,3,38.17,0
101057,Prepaid,East,Web,12,19.44,11.86,0,3,19.44,0
101058,Postpaid,South,App,4,31.07,7.88,1,3,31.07,0
101059,Postpaid,East,App,4,32.36,8.91,1,3,32.36,0
101060,Business,South,Web,39,58.31,37.28,0,2,68.92,1
101061,Postpaid,Central,Partner,39,33.7,10.29,2,1,33.7,0
101062,Prepaid,West,App,58,19.89,8.05,3,2,19.89,0
101063,Postpaid,Central,App,45,25.0,16.0,2,9,26.68,0
101064,Prepaid,South,Web,14,16.62,2.18,3,2,16.62,1
101065,Business,North,Store,47,56.55,8.35,1,1,56.55,0
101066,Postpaid,West,App,32,24.61,22.86,0,5,29.17,0
101067,Postpaid,West,App,13,24.7,17.13,1,1,26.86,1
101068,Prepaid,North,Partner,47,20.37,15.64,2,2,21.9,0
101069,Postpaid,West,App,47,29.03,8.7,1,3,29.03,1
101070,Family,West,App,31,43.34,19.06,2,1,46.3,0
101071,Postpaid,North,App,12,26.82,22.23,2,0,31.12,0
101072,Postpaid,East,App,3,32.71,19.3,2,0,35.77,0
101073,Business,South,Store,55,59.7,19.92,1,0,63.03,0
101074,Family,North,App,12,31.06,11.81,0,2,31.06,0
101075,Prepaid,Central,Store,20,11.33,3.01,1,1,11.33,0
101076,Postpaid,East,App,49,20.57,0.2,0,5,20.57,0
101077,Postpaid,West,App,31,27.56,17.91,2,3,30.05,0
101078,Postpaid,West,Web,60,30.37,20.45,3,3,33.91,0
101079,Prepaid,Central,Store,27,15.48,9.58,0,1,15.48,0
101080,Prepaid,East,App,65,15.34,5.1,0,2,15.34,0
101081,Family,East,App,27,43.72,22.3,2,1,48.04,0
101082,Business,South,Store,6,43.06,46.52,1,2,57.56,0
101083,Family,West,Web,52,35.14,36.41,0,0,45.39,0
101084,Business,East,Web,48,60.92,18.97,0,1,63.85,0
101085,Family,West,Web,72,34.68,2.92,1,2,34.68,1
101086,Family,South,App,8,35.75,22.5,0,1,40.16,0
101087,Family,North,Partner,38,41.83,6.23,1,1,41.83,0
101088,Postpaid,Central,App,52,33.22,6.87,0,1,33.22,1
101089,Postpaid,West,App,29,29.24,8.16,0,1,29.24,0
101090,Prepaid,South,Store,19,17.19,8.55,2,3,17.19,0
101091,Postpaid,West,App,22,30.1,2.32,2,4,30.1,0
101092,Prepaid,East,Store,1,20.3,4.69,1,4,20.3,1
101093,Prepaid,West,App,45,24.97,6.92,0,1,24.97,0
101094,Postpaid,South,Web,57,31.65,21.58,3,3,35.68,1
101095,Postpaid,East,Web,33,29.52,12.86,3,5,29.88,1
101096,Prepaid,North,Store,3,15.65,2.23,0,3,15.65,0
101097,Family,North,App,56,29.49,25.83,1,2,35.3,1
101098,Family,West,App,66,42.07,8.01,1,5,42.07,0
101099,Prepaid,South,Web,44,24.33,4.36,2,2,24.33,1
101100,Prepaid,North,Store,7,27.97,6.64,2,6,27.97,1
101101,Prepaid,North,Store,30,19.1,6.5,2,2,19.1,0
101102,Family,East,App,41,35.1,11.3,1,4,35.1,0
101103,Family,West,App,69,31.82,15.34,4,3,33.23,1
101104,Prepaid,South,App,36,12.38,7.78,2,2,12.38,1
101105,Family,West,Web,1,51.12,19.63,1,3,54.33,1
101106,Prepaid,Central,Web,51,20.72,11.49,2,4,20.72,0
101107,Postpaid,South,Partner,50,33.05,8.44,0,3,33.05,0
101108,Business,West,App,17,62.34,19.85,0,4,65.63,0
101109,Prepaid,North,Store,30,15.63,7.26,1,4,15.63,1
101110,Prepaid,East,Web,4,18.64,2.27,3,3,18.64,1
101111,Postpaid,North,App,9,35.02,15.52,0,3,36.49,0
101112,Postpaid,North,Store,23,21.1,22.64,1,5,25.57,0
101113,Business,North,Web,7,54.36,28.84,1,3,61.44,0
101114,Business,North,App,20,52.85,19.3,2,2,55.92,1
101115,Prepaid,West,App,47,19.62,4.25,1,1,19.62,0
101116,Prepaid,East,App,28,13.71,8.76,1,0,13.71,0
101117,Family,Central,Store,11,32.07,17.45,0,3,34.36,0
101118,Prepaid,East,App,45,18.78,4.55,1,2,18.78,1
101119,Family,West,App,62,28.48,25.67,2,1,34.22,0
101120,Postpaid,North,App,43,33.83,27.65,3,6,40.41,0
101121,Prepaid,East,Web,23,15.06,11.51,1,2,15.06,1
101122,Family,South,Partner,59,31.86,16.7,2,1,33.84,0
101123,Prepaid,Central,Partner,25,18.68,4.6,2,0,18.68,0
101124,Postpaid,Central,Web,2,29.45,4.15,2,4,29.45,0
101125,Postpaid,North,App,48,29.59,20.99,2,3,33.37,0
101126,Postpaid,West,App,52,31.76,9.48,2,1,31.76,1
101127,Postpaid,West,Store,16,23.45,18.95,1,0,26.37,1
101128,Postpaid,East,Store,28,27.62,23.75,2,3,32.56,0
101129,Business,North,Web,1,42.15,18.38,0,3,44.83,0
101130,Business,West,App,34,62.18,35.61,1,2,72.1,0
101131,Postpaid,West,Partner,33,37.49,7.32,1,0,37.49,1
101132,Prepaid,South,App,19,20.88,8.31,0,3,20.88,0
101133,Family,East,Store,39,52.8,22.92,1,2,57.39,0
101134,Business,North,Web,49,50.61,23.44,1,1,55.41,1
101135,Prepaid,Central,Store,33,20.77,6.82,1,3,20.77,1
101136,Postpaid,North,Web,58,38.25,9.49,2,1,38.25,0
101137,Postpaid,South,Web,33,35.37,11.54,2,3,35.37,0
101138,Prepaid,South,Web,30,17.3,0.2,1,0,17.3,0
101139,Postpaid,West,Web,48,34.59,18.76,1,5,37.42,0
101140,Postpaid,West,App,13,34.05,4.96,0,1,34.05,0
101141,Family,North,App,61,40.53,17.7,1,6,42.92,0
101142,Family,North,Web,44,22.31,14.68,0,2,23.44,0
101143,Family,West,Store,27,42.4,23.56,1,2,47.26,1
101144,Postpaid,South,Store,17,32.31,23.0,0,1,36.93,0
101145,Prepaid,North,App,57,15.56,19.2,1,2,18.58,0
101146,Family,Central,App,2,46.53,14.02,1,3,47.38,0
101147,Family,North,Store,5,36.08,9.28,2,1,36.08,1
101148,Postpaid,East,Partner,44,35.45,18.23,2,2,38.07,0
101149,Family,South,App,35,30.46,0.2,0,3,30.46,0
101150,Prepaid,West,App,13,15.83,8.53,1,3,15.83,0
101151,Family,West,App,28,33.81,19.7,1,0,37.04,1
101152,Prepaid,South,Store,57,14.34,3.21,0,4,14.34,0
101153,Prepaid,West,App,34,8.0,11.84,1,3,8.0,1
101154,Postpaid,Central,Web,39,32.56,21.04,1,1,36.36,0
101155,Prepaid,West,App,7,19.29,3.08,1,3,19.29,0
101156,Prepaid,East,App,52,13.51,16.12,0,5,15.24,0
101157,Prepaid,East,App,10,20.29,8.26,3,4,20.29,1
101158,Postpaid,Central,App,17,25.44,6.62,2,1,25.44,0
101159,Family,North,Web,22,40.09,17.22,0,1,42.29,0
101160,Prepaid,North,Partner,32,19.89,1.97,1,3,19.89,1
101161,Postpaid,South,Web,20,34.01,23.16,2,1,38.7,0
101162,Family,West,Web,59,33.78,9.15,0,4,33.78,0
101163,Prepaid,North,App,28,14.6,8.8,5,3,14.6,1
101164,Prepaid,South,Partner,3,13.67,12.43,1,3,13.85,1
101165,Family,West,Store,33,44.88,23.14,2,4,49.56,0
101166,Family,North,Web,9,41.14,14.52,0,4,42.2,0
101167,Postpaid,South,Store,16,42.3,0.2,1,2,42.3,0
101168,Family,East,App,43,27.54,11.63,1,3,27.54,0
101169,Prepaid,South,App,45,15.8,10.15,0,2,15.8,0
101170,Postpaid,Central,App,48,31.51,14.16,5,1,32.41,1
101171,Family,North,App,28,34.87,13.87,1,4,35.66,0
101172,Prepaid,Central,Store,61,21.06,14.29,0,7,22.02,0
101173,Family,East,Partner,5,34.37,19.66,2,2,37.59,1
101174,Postpaid,North,App,28,34.26,1.41,1,2,34.26,0
101175,Family,North,Store,18,35.25,17.08,0,5,37.38,0
101176,Postpaid,East,Store,3,24.21,20.59,0,2,27.82,1
101177,Postpaid,South,App,41,31.86,10.7,2,2,31.86,0
101178,Prepaid,South,App,5,13.93,6.71,2,2,13.93,0
101179,Prepaid,Central,App,44,22.77,1.55,2,0,22.77,1
101180,Family,East,Store,62,33.81,18.43,1,7,36.51,0
101181,Prepaid,Central,App,58,24.03,9.83,1,2,24.03,0
101182,Prepaid,North,App,50,17.77,14.79,0,2,18.94,0
101183,Prepaid,North,App,18,17.9,7.21,1,3,17.9,0
101184,Prepaid,West,Web,48,14.47,16.58,2,1,16.39,0
101185,Family,South,Web,41,40.24,19.69,0,3,43.47,0
101186,Postpaid,North,App,36,30.99,10.82,2,4,30.99,1
101187,Business,North,Web,35,56.45,30.31,3,3,64.14,0
101188,Prepaid,North,Partner,11,18.99,10.4,2,5,18.99,0
101189,Postpaid,West,App,62,12.45,15.54,0,3,13.93,0
101190,Postpaid,South,App,61,37.47,13.64,2,2,38.15,0
101191,Postpaid,Central,App,53,21.98,12.52,0,3,22.2,0
101192,Family,North,App,40,33.03,19.06,0,1,35.99,0
101193,Business,South,Web,10,58.21,40.42,1,2,70.15,0
101194,Family,South,Web,46,30.29,12.21,3,2,30.38,0
101195,Prepaid,East,Store,70,13.99,8.87,2,3,13.99,0
101196,Prepaid,Central,App,10,15.73,14.18,2,3,16.65,1
101197,Postpaid,West,Web,26,32.7,12.26,4,7,32.81,1
101198,Prepaid,North,App,66,11.71,0.72,2,4,11.71,0
101199,Family,South,App,69,41.5,28.88,2,1,48.59,0
101200,Postpaid,West,App,33,27.79,11.92,2,1,27.79,0
101201,Postpaid,North,Web,21,33.49,18.68,0,7,36.3,1
101202,Family,East,Web,21,34.75,28.72,3,4,41.78,1
101203,Postpaid,South,Store,34,30.72,23.4,0,2,35.51,0
101204,Prepaid,East,Web,24,23.3,4.12,0,1,23.3,0
101205,Prepaid,East,App,40,17.65,11.61,2,3,17.65,1
101206,Postpaid,South,App,6,30.59,22.55,2,6,35.02,0
101207,Postpaid,Central,Web,5,29.75,9.08,1,0,29.75,0
101208,Prepaid,East,Partner,1,9.04,20.59,2,2,12.65,0
101209,Postpaid,Central,Store,52,38.97,10.64,1,4,38.97,0
101210,Family,West,App,67,38.03,11.74,4,2,38.03,0
101211,Family,South,Partner,8,40.67,30.04,4,3,48.25,0
101212,Postpaid,East,App,66,30.63,18.84,1,8,33.51,0
101213,Postpaid,South,App,12,31.84,0.2,2,4,31.84,1
101214,Prepaid,West,App,4,21.1,10.34,2,2,21.1,1
101215,Postpaid,North,App,21,33.62,7.17,0,2,33.62,0
101216,Prepaid,Central,Store,22,17.53,11.34,1,7,17.53,1
101217,Postpaid,East,Store,70,33.25,6.83,2,1,33.25,0
101218,Postpaid,West,App,9,30.39,9.69,0,5,30.39,0
101219,Prepaid,East,App,71,16.95,9.63,2,2,16.95,0
101220,Prepaid,East,Store,63,18.71,3.43,0,8,18.71,1
101221,Prepaid,West,App,36,17.3,3.18,1,4,17.3,0
101222,Family,West,App,49,51.37,29.3,0,3,58.64,1
101223,Postpaid,South,App,39,30.46,21.2,2,3,34.32,0
101224,Prepaid,East,Web,66,22.18,8.53,0,2,22.18,0
101225,Family,South,Partner,16,38.27,15.53,0,3,39.75,0
101226,Postpaid,West,App,69,25.05,17.45,3,1,27.34,1
101227,Postpaid,East,Web,31,38.6,1.75,1,3,38.6,1
101228,Business,North,Web,68,55.92,30.48,2,3,63.68,0
101229,Prepaid,West,App,71,18.57,6.23,0,2,18.57,1
101230,Prepaid,East,Partner,62,15.66,7.14,0,1,15.66,0
101231,Postpaid,East,Store,57,32.39,19.4,1,2,35.49,0
101232,Prepaid,West,Store,32,15.82,10.4,1,6,15.82,1
101233,Postpaid,West,Store,51,37.76,14.72,2,4,38.9,1
101234,Prepaid,West,App,18,11.36,6.77,2,3,11.36,0
101235,Prepaid,South,Web,21,24.99,5.88,0,6,24.99,0
101236,Prepaid,North,Web,54,18.9,14.88,1,0,20.11,1
101237,Postpaid,West,App,55,24.2,0.2,1,3,24.2,1
101238,Prepaid,South,Store,19,17.26,14.27,1,2,18.22,1
101239,Prepaid,North,Partner,70,8.0,6.72,0,6,8.0,0
101240,Family,North,Web,50,27.06,18.61,1,1,29.84,1
101241,Prepaid,South,Store,72,14.31,12.94,1,3,14.7,1
101242,Postpaid,Central,App,35,36.02,8.91,2,3,36.02,1
101243,Prepaid,North,App,44,20.0,8.84,3,1,20.0,0
101244,Postpaid,South,App,47,25.95,0.2,1,0,25.95,0
101245,Prepaid,Central,Web,12,10.38,0.98,2,2,10.38,1
101246,Postpaid,Central,Web,21,29.46,22.26,0,2,33.77,0
101247,Prepaid,South,Partner,70,21.72,10.18,0,4,21.72,0
101248,Family,Central,App,49,50.07,20.56,1,1,53.67,0
101249,Business,North,Partner,39,52.23,30.87,4,2,60.15,1
101250,Prepaid,West,Partner,1,15.49,6.51,2,5,15.49,1
101251,Prepaid,North,Web,3,22.97,2.76,2,4,22.97,1
101252,Prepaid,South,Partner,41,19.93,12.31,0,4,20.06,1
101253,Postpaid,South,App,6,29.78,17.77,1,4,32.2,0
101254,Prepaid,West,App,11,19.85,7.48,2,2,19.85,0
101255,Family,North,App,42,24.19,17.13,2,5,26.34,0
101256,Family,East,App,70,29.86,14.04,1,2,30.72,0
101257,Family,West,App,61,40.4,14.07,0,0,41.27,0
101258,Postpaid,North,Web,34,36.36,16.11,1,2,38.08,0
101259,Business,Central,App,68,55.47,19.79,0,4,58.74,0
101260,Prepaid,South,App,44,12.07,7.35,0,2,12.07,1
101261,Postpaid,North,App,68,28.86,16.03,0,4,30.55,0
101262,Prepaid,South,Web,18,17.65,17.11,1,0,19.79,0
101263,Business,South,Partner,42,48.51,22.36,0,2,52.87,0
101264,Postpaid,North,App,67,23.03,19.91,1,4,26.35,0
101265,Family,East,Web,71,31.44,23.36,0,3,36.21,0
101266,Prepaid,West,Partner,62,14.59,8.83,0,2,14.59,1
101267,Business,East,Web,11,40.24,31.27,2,3,48.34,0
101268,Postpaid,East,Web,45,31.7,26.59,3,3,37.83,1
101269,Postpaid,West,Store,7,17.24,16.73,2,3,19.23,0
101270,Business,South,Partner,28,45.82,40.95,2,4,57.98,0
101271,Postpaid,West,App,3,28.07,10.37,1,1,28.07,0
101272,Postpaid,Central,Web,55,19.47,16.84,0,5,21.5,0
101273,Postpaid,South,App,56,32.17,14.43,0,4,33.2,0
101274,Prepaid,West,App,7,30.28,7.25,3,3,30.28,1
101275,Prepaid,Central,Web,66,15.45,11.91,2,3,15.45,0
101276,Prepaid,East,Web,61,17.4,11.3,1,2,17.4,1
101277,Prepaid,Central,Web,61,19.71,5.84,1,2,19.71,0
101278,Family,South,Partner,33,52.78,27.55,1,4,59.31,0
101279,Postpaid,East,Web,68,28.98,16.21,1,3,30.75,1
101280,Postpaid,South,Store,71,24.68,7.96,1,2,24.68,0
101281,Postpaid,North,Partner,40,22.52,4.42,1,1,22.52,0
101282,Postpaid,Central,App,28,33.42,15.51,1,5,34.9,0
101283,Postpaid,South,App,55,31.29,15.47,1,1,32.75,0
101284,Business,Central,App,4,64.32,38.69,1,3,75.53,0
101285,Business,West,Store,25,48.26,29.44,0,5,55.59,1
101286,Postpaid,Central,Web,1,33.32,6.52,4,1,33.32,0
101287,Prepaid,Central,Web,56,10.18,0.2,3,4,10.18,1
101288,Postpaid,East,App,4,17.16,14.11,1,1,18.05,1
101289,Postpaid,Central,Web,55,41.87,9.17,0,2,41.87,0
101290,Postpaid,West,Store,41,32.96,6.03,4,2,32.96,1
101291,Postpaid,East,Partner,32,39.62,4.89,3,5,39.62,1
101292,Postpaid,West,App,46,22.91,28.6,2,3,29.88,0
101293,Prepaid,North,Store,4,17.23,10.48,0,1,17.23,1
101294,Postpaid,North,Web,59,31.73,14.99,2,1,32.99,0
101295,Postpaid,South,Store,20,36.37,19.56,0,5,39.55,0
101296,Prepaid,East,App,61,21.28,12.33,1,2,21.41,0
101297,Prepaid,South,App,64,19.05,1.61,0,3,19.05,0
101298,Family,East,App,40,38.56,21.98,0,1,42.75,0
101299,Postpaid,West,Store,43,27.88,13.46,0,2,28.49,1
101300,Prepaid,West,Store,67,13.93,12.31,2,2,14.06,0
101301,Postpaid,Central,Store,30,25.22,15.63,0,5,26.75,0
101302,Family,Central,Web,29,42.95,23.23,0,3,47.67,1
101303,Prepaid,Central,App,69,24.3,2.1,2,4,24.3,0
101304,Family,West,App,30,38.79,34.99,0,3,48.44,0
101305,Business,South,Web,27,47.91,24.44,3,2,53.14,1
101306,Postpaid,Central,Web,1,28.04,7.23,1,3,28.04,0
101307,Postpaid,North,Web,24,36.34,5.58,2,3,36.34,0
101308,Prepaid,North,Web,18,21.24,8.69,0,6,21.24,0
101309,Business,South,Partner,56,48.72,31.25,2,6,56.81,0
101310,Postpaid,East,Partner,37,23.75,14.88,3,6,24.96,1
101311,Business,West,Web,26,59.78,19.18,1,3,62.8,1
101312,Postpaid,North,App,68,26.26,15.23,2,1,27.61,0
101313,Prepaid,West,App,33,25.52,12.75,2,0,25.84,1
101314,Prepaid,North,Store,30,8.13,11.14,0,2,8.13,0
101315,Postpaid,South,App,53,36.76,27.89,1,4,43.44,1
101316,Postpaid,South,App,19,29.64,17.01,1,2,31.75,0
101317,Prepaid,South,App,31,11.36,5.03,1,3,11.36,1
101318,Family,West,Partner,51,40.87,4.34,1,4,40.87,0
101319,Family,North,App,24,33.2,13.57,2,1,33.86,0
101320,Postpaid,North,Web,31,34.77,11.47,1,5,34.77,0
101321,Postpaid,North,Partner,2,22.38,14.68,3,5,23.5,0
101322,Prepaid,West,Web,58,12.45,4.84,1,2,12.45,0
101323,Family,Central,App,62,39.36,27.99,3,1,46.08,0
101324,Prepaid,West,Web,49,20.77,0.99,0,3,20.77,0
101325,Family,West,Web,38,44.86,20.58,2,3,48.46,0
101326,Postpaid,Central,App,65,26.58,15.52,1,3,28.06,0
101327,Postpaid,South,Store,62,38.16,26.24,2,2,44.14,1
101328,Prepaid,North,App,34,20.31,15.91,2,1,21.95,0
101329,Prepaid,East,Web,45,8.45,10.22,1,3,8.45,1
101330,Family,South,Partner,68,29.99,21.3,1,4,33.9,0
101331,Postpaid,East,Store,15,26.98,19.37,1,3,30.08,1
101332,Postpaid,East,Partner,57,29.89,20.73,1,2,33.55,0
101333,Business,South,App,27,56.73,31.59,2,3,64.96,0
101334,Business,East,Web,7,54.43,34.22,2,1,63.76,0
101335,Family,South,Web,31,35.71,18.41,4,4,38.4,0
101336,Prepaid,North,App,38,19.28,5.62,0,1,19.28,0
101337,Postpaid,Central,Partner,54,28.01,6.77,0,1,28.01,0
101338,Family,West,Partner,11,35.67,12.93,2,5,36.07,1
101339,Postpaid,North,App,40,28.46,7.69,0,3,28.46,0
101340,Prepaid,North,Web,48,17.26,12.86,1,2,17.62,0
101341,Family,North,App,46,42.8,21.92,0,4,46.96,0
101342,Postpaid,North,App,60,29.53,12.57,1,4,29.77,0
101343,Postpaid,North,App,55,32.25,10.51,2,2,32.25,0
101344,Business,North,Store,34,50.77,21.32,4,4,54.68,1
101345,Postpaid,Central,App,20,25.24,16.38,1,7,27.08,0
101346,Postpaid,West,App,64,23.25,15.15,2,0,24.57,0
101347,Postpaid,West,Partner,64,27.74,25.25,1,3,33.31,0
101348,Postpaid,West,Store,10,23.31,17.13,1,0,25.47,0
101349,Prepaid,West,Web,33,22.25,10.89,0,3,22.25,0
101350,Family,West,App,55,37.14,26.4,0,3,43.19,0
101351,Family,Central,App,48,34.69,6.96,0,2,34.69,1
101352,Prepaid,West,Web,63,15.95,14.34,2,1,16.93,1
101353,Prepaid,West,App,16,19.28,12.36,2,3,19.43,0
101354,Family,West,Store,68,39.48,19.83,0,2,42.77,0
101355,Prepaid,East,Partner,17,15.9,4.7,2,6,15.9,0
101356,Postpaid,South,App,7,46.06,9.71,1,5,46.06,1
101357,Postpaid,North,Store,53,32.35,16.18,2,3,34.11,0
101358,Postpaid,East,Store,67,23.4,9.07,0,1,23.4,1
101359,Prepaid,North,App,26,17.21,7.23,0,2,17.21,0
101360,Postpaid,North,Web,12,29.41,34.46,2,4,38.84,1
101361,Postpaid,North,Store,64,35.01,5.11,3,5,35.01,0
101362,Postpaid,South,App,7,28.11,23.61,1,1,32.99,0
101363,Prepaid,Central,App,48,10.91,15.03,1,4,12.18,0
101364,Postpaid,South,Store,10,34.12,18.45,2,3,36.83,0
101365,Postpaid,South,Web,48,35.16,12.86,0,4,35.52,1
101366,Prepaid,South,Partner,9,14.39,10.61,3,4,14.39,1
101367,Prepaid,South,Web,28,22.26,12.25,1,3,22.36,1
101368,Prepaid,West,App,34,12.88,12.01,4,1,12.88,1
101369,Postpaid,West,Partner,65,29.71,18.98,0,2,32.65,0
101370,Prepaid,North,Web,52,19.1,12.27,2,3,19.21,1
101371,Business,East,App,69,44.8,28.54,5,1,51.75,0
101372,Postpaid,North,App,39,28.15,19.89,0,3,31.46,0
101373,Family,West,App,19,43.92,22.77,0,3,48.45,0
101374,Business,Central,App,31,69.56,29.04,4,4,76.72,1
101375,Prepaid,Central,Store,38,17.8,6.94,2,3,17.8,0
101376,Postpaid,South,App,41,28.42,4.34,1,4,28.42,0
101377,Family,West,Partner,66,50.95,23.93,1,0,55.97,1
101378,Postpaid,West,Store,65,24.61,18.57,1,1,27.37,0
101379,Postpaid,Central,App,8,30.93,0.2,2,5,30.93,0
101380,Postpaid,South,Partner,58,30.05,20.98,0,1,33.82,0
101381,Prepaid,East,Store,22,16.54,11.35,3,2,16.54,1
101382,Postpaid,South,App,43,28.7,20.39,1,3,32.23,0
101383,Business,North,App,69,58.81,21.6,2,2,62.84,0
101384,Business,West,Web,64,52.8,30.85,0,2,60.72,0
101385,Prepaid,East,Store,35,16.63,4.2,1,3,16.63,0
101386,Postpaid,South,Store,4,31.58,17.53,1,2,33.9,0
101387,Prepaid,Central,Web,69,16.77,8.99,0,1,16.77,0
101388,Family,East,Web,66,32.13,29.19,0,1,39.35,0
101389,Prepaid,Central,Web,28,9.22,11.35,0,4,9.22,0
101390,Business,West,Web,10,49.77,39.89,1,3,61.48,1
101391,Family,Central,Web,38,27.61,12.6,1,4,27.86,0
101392,Prepaid,West,App,58,11.99,6.3,1,4,11.99,0
101393,Prepaid,North,Store,33,20.9,5.09,0,2,20.9,0
101394,Family,North,App,2,51.68,13.7,1,0,52.39,1
101395,Prepaid,Central,Store,33,17.91,10.15,1,3,17.91,0
101396,Postpaid,North,App,38,22.19,11.76,1,3,22.19,1
101397,Family,South,Store,67,43.26,18.41,3,4,45.96,0
101398,Postpaid,West,App,59,32.16,15.31,2,4,33.55,0
101399,Postpaid,South,Store,51,31.39,15.18,0,5,32.73,0
101400,Postpaid,South,App,30,19.88,22.25,2,6,24.19,0
101401,Prepaid,East,Partner,69,22.2,13.78,0,1,22.95,0
101402,Business,South,App,17,52.15,29.21,0,2,59.37,0
101403,Prepaid,West,Web,24,20.89,3.85,2,2,20.89,0
101404,Prepaid,North,Store,61,20.96,10.66,1,4,20.96,0
101405,Prepaid,East,App,72,16.24,12.93,0,5,16.63,0
101406,Business,North,Web,59,50.87,36.93,1,1,61.34,0
101407,Prepaid,West,Partner,51,15.24,7.94,2,1,15.24,1
101408,Family,North,Web,68,42.51,13.15,3,3,42.99,1
101409,Postpaid,North,Partner,10,19.64,8.14,1,2,19.64,0
101410,Family,West,App,49,32.38,24.89,0,2,37.79,0
101411,Business,South,Partner,30,47.95,22.63,0,2,52.42,0
101412,Family,West,Web,44,30.0,25.63,1,2,35.73,1
101413,Business,South,Web,18,68.18,12.16,0,3,68.25,0
101414,Prepaid,South,Web,36,19.05,9.31,1,3,19.05,0
101415,Family,South,Web,17,32.5,24.7,0,4,37.84,1
101416,Postpaid,Central,Store,47,32.24,15.13,0,0,33.56,0
101417,Postpaid,South,Store,67,29.2,20.93,0,2,32.95,0
101418,Family,South,App,5,37.71,25.54,2,0,43.39,0
101419,Business,East,Web,70,68.31,19.24,0,0,71.35,0
101420,Postpaid,South,App,48,15.68,3.95,1,4,15.68,0
101421,Postpaid,West,Web,2,30.11,6.2,0,3,30.11,1
101422,Postpaid,Central,Store,42,32.79,10.46,2,2,32.79,1
101423,Postpaid,East,App,10,29.41,6.74,0,2,29.41,0
101424,Postpaid,East,App,58,31.88,16.78,0,4,33.89,0
101425,Postpaid,South,App,21,37.19,14.91,0,2,38.42,0
101426,Prepaid,Central,Web,5,10.42,9.55,3,1,10.42,0
101427,Prepaid,East,App,62,16.34,8.69,0,2,16.34,1
101428,Family,North,App,39,43.11,18.25,1,3,45.73,0
101429,Postpaid,Central,App,44,33.72,15.83,0,5,35.33,0
101430,Business,Central,App,60,48.41,37.7,2,3,59.21,0
101431,Postpaid,East,App,41,31.56,19.69,2,1,34.79,0
101432,Prepaid,South,App,58,8.0,3.96,0,5,8.0,0
101433,Prepaid,West,Web,44,18.41,4.31,3,3,18.41,0
101434,Prepaid,West,Web,3,14.38,12.29,0,3,14.5,0
101435,Business,East,Partner,69,48.99,26.81,0,1,55.21,0
101436,Prepaid,South,App,70,24.02,11.77,0,2,24.02,0
101437,Postpaid,South,App,20,26.89,20.3,0,3,30.38,0
101438,Business,South,App,47,62.7,16.01,2,5,64.39,0
101439,Business,North,Store,9,48.12,12.81,3,4,48.46,0
101440,Prepaid,West,App,21,24.85,14.87,0,3,26.05,0
101441,Prepaid,North,App,44,25.68,4.03,2,2,25.68,0
101442,Prepaid,South,Store,26,14.96,10.23,2,2,14.96,0
101443,Prepaid,West,App,70,21.73,7.94,2,2,21.73,1
101444,Prepaid,South,Store,6,21.83,6.62,0,2,21.83,0
101445,Postpaid,South,Web,52,20.38,17.55,0,0,22.71,1
101446,Family,Central,Web,45,33.0,17.37,0,3,35.25,1
101447,Postpaid,North,App,65,36.39,15.59,2,5,37.9,0
101448,Postpaid,Central,App,59,25.12,4.59,1,4,25.12,0
101449,Prepaid,North,Store,65,24.35,0.2,0,3,24.35,0
101450,Family,East,App,58,37.4,4.4,0,2,37.4,0
101451,Postpaid,West,App,16,35.11,10.04,0,1,35.11,0
101452,Family,South,Store,31,35.46,22.97,2,2,40.07,1
101453,Business,East,App,50,49.88,26.08,2,3,55.8,0
101454,Postpaid,South,App,72,22.59,8.58,0,3,22.59,0
101455,Prepaid,East,Web,63,12.7,10.23,3,4,12.7,0
101456,Prepaid,North,Web,47,15.88,15.15,2,2,17.2,0
101457,Postpaid,West,App,8,26.81,24.75,0,5,32.16,0
101458,Business,East,Store,31,61.48,27.35,1,4,67.93,0
101459,Postpaid,East,Partner,47,30.06,18.39,2,2,32.75,0
101460,Family,North,App,56,37.87,20.88,0,3,41.6,0
101461,Postpaid,East,Web,20,32.54,22.27,2,3,36.86,0
101462,Prepaid,East,App,34,9.12,5.16,1,2,9.12,0
101463,Prepaid,South,Partner,60,12.77,12.99,1,1,13.19,0
101464,Postpaid,West,App,61,36.08,19.82,1,4,39.36,0
101465,Postpaid,North,App,17,23.0,13.75,2,4,23.74,1
101466,Postpaid,South,Partner,19,32.39,15.25,1,2,33.75,0
101467,Prepaid,West,Web,27,28.58,11.64,1,1,28.58,1
101468,Family,North,App,47,55.12,14.81,0,4,56.3,0
101469,Prepaid,South,Web,49,22.03,5.5,4,1,22.03,0
101470,Business,West,Partner,55,60.14,44.5,0,0,73.79,0
101471,Prepaid,West,Store,41,17.8,10.65,1,0,17.8,0
101472,Prepaid,North,App,67,16.2,4.24,0,2,16.2,0
101473,Postpaid,North,App,9,32.46,14.09,4,4,33.34,0
101474,Postpaid,East,Partner,38,22.44,17.16,1,0,24.61,0
101475,Postpaid,West,App,17,32.07,14.75,0,4,33.23,0
101476,Postpaid,East,App,39,30.21,19.43,0,0,33.32,0
101477,Business,West,App,64,55.85,31.57,2,6,64.07,1
101478,Postpaid,West,App,64,33.72,21.18,1,2,37.57,0
101479,Postpaid,Central,Store,72,34.97,18.35,2,1,37.64,0
101480,Postpaid,South,App,36,32.95,9.73,4,2,32.95,1
101481,Prepaid,North,App,50,10.62,7.09,3,2,10.62,1
101482,Postpaid,South,App,35,21.06,12.13,1,4,21.11,0
101483,Prepaid,North,App,1,17.13,11.94,4,0,17.13,1
101484,Postpaid,South,App,21,29.88,14.07,3,2,30.75,1
101485,Prepaid,Central,App,54,19.95,8.21,1,0,19.95,0
101486,Business,South,Web,4,45.9,25.21,0,1,51.45,0
101487,Postpaid,North,App,47,33.36,8.3,0,7,33.36,1
101488,Family,East,App,34,45.32,28.78,1,3,52.37,0
101489,Postpaid,Central,Store,30,28.39,25.98,0,1,34.26,0
101490,Prepaid,North,Web,53,15.79,10.36,3,2,15.79,0
101491,Family,West,Web,17,45.74,5.31,1,1,45.74,1
101492,Postpaid,West,Partner,19,26.98,22.56,0,5,31.41,0
101493,Family,South,App,12,36.27,24.78,1,3,41.64,0
101494,Postpaid,West,App,8,40.08,5.66,1,3,40.08,0
101495,Postpaid,East,App,7,39.23,6.57,1,2,39.23,0
101496,Family,South,App,8,28.92,14.03,3,3,29.77,1
101497,Postpaid,East,Partner,47,36.4,14.86,6,4,37.6,0
101498,Postpaid,North,Store,22,33.69,15.91,2,1,35.33,0
101499,Postpaid,West,Web,25,25.5,14.8,0,1,26.68,0
101500,Postpaid,West,Partner,55,26.62,7.67,2,3,26.62,0
101501,Business,South,Web,38,68.72,24.14,2,1,73.82,0
101502,Postpaid,East,App,6,19.31,16.47,3,4,21.19,1
101503,Postpaid,South,Web,38,37.94,18.95,2,0,40.86,1
101504,Family,North,App,48,35.05,5.19,1,2,35.05,0
101505,Postpaid,West,App,44,26.8,7.94,3,4,26.8,0
101506,Family,North,Store,63,34.25,0.2,0,2,34.25,0
101507,Postpaid,West,Partner,43,31.68,18.62,0,2,34.46,0
101508,Prepaid,South,Web,59,21.61,2.87,1,4,21.61,1
101509,Family,West,App,38,38.16,17.94,2,6,40.65,1
101510,Prepaid,South,Web,46,12.91,5.92,1,2,12.91,1
101511,Prepaid,South,Store,12,19.06,9.13,1,3,19.06,0
101512,Postpaid,West,Web,72,38.78,21.82,1,1,42.9,0
101513,Family,East,App,2,36.58,12.23,0,2,36.68,0
101514,Family,South,App,70,45.67,30.63,2,1,53.5,0
101515,Prepaid,Central,App,42,9.46,6.76,2,3,9.46,0
101516,Prepaid,South,Web,25,19.52,8.12,1,3,19.52,1
101517,Business,North,Partner,31,60.83,33.14,0,1,69.71,1
101518,Prepaid,East,App,6,21.54,6.94,1,4,21.54,0
101519,Prepaid,East,App,30,18.51,11.67,0,2,18.51,0
101520,Prepaid,West,App,6,20.64,3.39,1,3,20.64,1
101521,Postpaid,West,Web,31,26.67,17.8,1,5,29.11,0
101522,Family,East,Store,10,36.39,13.16,2,1,36.87,0
101523,Family,South,Store,9,45.71,17.86,4,6,48.18,0
101524,Postpaid,South,App,52,31.55,19.31,4,4,34.62,0
101525,Prepaid,North,App,13,26.46,5.75,0,2,26.46,0
101526,Postpaid,West,Partner,25,23.99,7.91,1,0,23.99,1
101527,Postpaid,North,Store,48,28.45,23.55,0,3,33.3,0
101528,Prepaid,West,App,37,21.01,13.13,2,1,21.48,1
101529,Prepaid,West,App,37,13.33,9.77,1,5,13.33,0
101530,Prepaid,West,App,32,22.48,15.72,1,3,24.04,1
101531,Prepaid,North,App,44,16.74,5.93,1,4,16.74,0
101532,Postpaid,South,App,47,30.36,11.05,2,2,30.36,0
101533,Postpaid,Central,Web,10,32.3,23.43,3,2,37.1,0
101534,Prepaid,East,App,70,15.0,3.0,0,1,15.0,0
101535,Postpaid,East,App,59,28.24,14.88,0,0,29.46,0
101536,Family,West,Store,31,34.82,4.61,5,2,34.82,0
101537,Family,Central,App,27,36.88,16.08,2,2,38.6,1
101538,Family,South,Store,53,32.78,16.77,0,1,34.78,0
101539,Postpaid,Central,Web,45,27.04,6.72,3,4,27.04,1
101540,Family,North,App,58,35.06,11.67,1,3,35.06,0
101541,Prepaid,Central,Web,34,16.18,9.93,2,3,16.18,0
101542,Postpaid,North,App,32,34.18,16.26,2,2,35.97,1
101543,Prepaid,South,App,34,16.04,2.53,0,2,16.04,0
101544,Postpaid,North,App,22,28.99,11.42,1,2,28.99,0
101545,Postpaid,West,Web,57,29.25,17.13,2,3,31.41,0
101546,Prepaid,Central,App,58,15.37,0.2,2,3,15.37,0
101547,Family,South,Web,8,31.95,22.67,1,3,36.43,0
101548,Prepaid,South,App,7,11.05,5.67,2,2,11.05,1
101549,Prepaid,South,Store,6,12.5,7.08,4,0,12.5,1
101550,Prepaid,North,App,24,14.38,7.72,0,2,14.38,0
101551,Postpaid,West,App,8,29.3,25.31,0,2,34.89,1
101552,Prepaid,North,Store,42,17.05,9.34,1,1,17.05,1
101553,Postpaid,Central,App,72,25.34,16.13,2,4,27.07,0
101554,Prepaid,Central,App,51,20.05,6.28,1,3,20.05,0
101555,Family,North,Store,67,49.2,21.87,0,7,53.34,0
101556,Business,East,Web,11,58.42,16.0,1,1,60.1,1
101557,Postpaid,Central,Web,51,31.42,0.2,2,5,31.42,1
101558,Postpaid,Central,App,53,25.32,26.52,1,0,31.42,0
101559,Family,West,App,33,41.92,28.2,1,2,48.72,0
101560,Business,North,App,54,58.39,18.35,2,4,61.06,0
101561,Postpaid,North,App,7,16.38,13.9,3,2,17.18,0
101562,Family,West,App,45,43.22,21.35,3,2,47.15,0
101563,Family,South,App,60,43.35,35.95,0,6,53.41,1
101564,Family,West,App,29,37.12,15.55,2,3,38.61,1
101565,Postpaid,West,Store,14,33.12,16.29,1,1,34.92,0
101566,Prepaid,East,App,1,21.34,11.04,2,1,21.34,0
101567,Prepaid,North,App,20,25.18,8.45,2,2,25.18,1
101568,Postpaid,South,App,60,31.54,4.89,0,4,31.54,0
101569,Postpaid,Central,App,61,24.35,9.33,0,2,24.35,0
101570,Postpaid,South,Web,45,38.29,0.59,2,3,38.29,0
101571,Postpaid,North,App,19,34.99,11.21,1,3,34.99,1
101572,Postpaid,Central,App,19,24.31,3.84,1,2,24.31,1
101573,Family,West,Web,61,48.34,14.02,0,7,49.18,0
101574,Prepaid,East,App,43,21.41,20.16,2,4,24.84,0
101575,Prepaid,West,App,57,10.88,6.55,1,3,10.88,0
101576,Family,East,Web,27,31.48,19.21,2,0,34.51,1
101577,Family,Central,Web,61,37.94,18.06,0,2,40.48,0
101578,Business,Central,Partner,34,52.0,32.23,2,5,60.5,0
101579,Family,South,Web,49,44.31,30.74,3,4,52.18,1
101580,Family,South,Web,62,32.24,12.41,2,4,32.41,1
101581,Prepaid,South,App,26,19.88,6.32,0,3,19.88,0
101582,Postpaid,West,Store,57,34.77,6.25,2,1,34.77,0
101583,Prepaid,West,App,48,15.39,2.43,1,1,15.39,1
101584,Postpaid,East,Store,36,18.91,3.03,1,9,18.91,0
101585,Business,Central,Partner,60,48.02,39.06,2,3,59.38,0
101586,Postpaid,East,App,32,35.79,1.64,5,4,35.79,0
101587,Postpaid,West,Web,54,25.81,10.12,2,3,25.81,1
101588,Prepaid,West,Store,6,16.53,7.99,0,6,16.53,1
101589,Prepaid,East,App,63,19.22,7.33,0,3,19.22,0
101590,Prepaid,North,Web,70,20.21,13.58,1,4,20.87,0
101591,Prepaid,West,Store,71,17.61,14.94,0,1,18.85,0
101592,Business,West,Store,61,74.15,23.96,1,2,79.17,1
101593,Postpaid,North,Store,50,32.37,21.0,2,3,36.15,1
101594,Family,West,App,54,33.26,30.45,1,4,41.01,0
101595,Postpaid,East,App,67,42.57,21.01,1,0,46.35,0
101596,Prepaid,South,Web,53,22.36,3.63,2,3,22.36,0
101597,Prepaid,West,Partner,20,18.36,5.49,0,3,18.36,0
101598,Family,South,Web,12,26.69,25.99,2,6,32.57,1
101599,Prepaid,West,Web,71,16.39,9.37,2,4,16.39,0
101600,Family,West,Web,11,31.81,22.34,2,2,36.15,1
101601,Prepaid,North,App,66,17.49,13.74,2,0,18.22,0
101602,Postpaid,East,Web,68,23.91,6.2,1,2,23.91,0
101603,Family,South,Web,3,34.24,19.25,0,1,37.29,0
101604,Prepaid,North,App,59,12.49,8.66,0,3,12.49,1
101605,Prepaid,West,App,43,14.46,13.09,0,2,14.92,0
101606,Business,North,Web,29,58.27,14.23,1,3,59.21,0
101607,Prepaid,Central,Partner,37,16.36,3.61,3,3,16.36,1
101608,Postpaid,South,Partner,31,28.08,6.67,0,3,28.08,0
101609,Postpaid,South,Store,59,33.13,16.99,0,3,35.23,0
101610,Prepaid,Central,Web,30,21.12,2.43,0,3,21.12,0
101611,Family,East,Store,10,45.83,14.91,2,1,47.05,0
101612,Family,West,Web,29,39.48,20.6,3,5,43.09,0
101613,Postpaid,West,Web,38,33.66,15.42,0,2,35.1,0
101614,Family,Central,Partner,33,45.44,30.86,0,1,53.36,0
101615,Prepaid,North,Partner,37,25.51,17.84,1,0,27.96,0
101616,Prepaid,North,App,72,19.9,3.35,1,2,19.9,0
101617,Postpaid,Central,Partner,29,26.12,33.74,1,4,35.25,0
101618,Business,North,Web,59,45.71,21.4,0,4,49.65,0
101619,Prepaid,West,App,72,23.74,2.58,1,2,23.74,0
101620,Prepaid,West,App,60,14.43,6.51,3,1,14.43,1
101621,Postpaid,East,Web,39,23.67,3.33,0,5,23.67,0
101622,Family,West,App,72,37.62,21.87,1,6,41.76,1
101623,Prepaid,Central,App,30,14.15,8.88,1,1,14.15,1
101624,Postpaid,North,Store,21,37.09,20.84,2,0,40.8,0
101625,Family,West,App,62,40.28,11.62,2,2,40.28,0
101626,Postpaid,West,App,67,36.16,11.66,1,4,36.16,0
101627,Prepaid,South,Web,11,33.3,1.45,4,3,33.3,1
101628,Prepaid,Central,App,23,13.49,6.41,0,4,13.49,0
101629,Postpaid,East,Store,21,28.23,16.81,3,2,30.26,0
101630,Postpaid,North,App,60,31.58,18.83,0,5,34.45,0
101631,Family,Central,Web,21,31.35,18.25,3,1,33.98,1
101632,Postpaid,Central,App,48,26.35,16.18,1,1,28.1,0
101633,Postpaid,North,Web,68,31.85,10.03,0,2,31.85,0
101634,Business,West,Web,66,53.77,17.86,1,1,56.23,0
101635,Postpaid,South,Web,64,32.59,20.42,4,0,36.12,0
101636,Postpaid,North,Store,39,30.81,8.46,1,1,30.81,0
101637,Business,South,Store,44,55.14,34.6,0,0,64.63,0
101638,Prepaid,Central,App,53,18.25,7.41,1,1,18.25,0
101639,Family,North,Store,24,30.83,2.41,2,2,30.83,0
101640,Family,North,Store,37,42.18,14.74,4,1,43.33,0
101641,Prepaid,West,Store,34,13.79,8.3,3,5,13.79,1
101642,Postpaid,South,App,58,34.26,15.31,3,2,35.65,0
101643,Prepaid,North,Store,42,23.11,6.4,1,0,23.11,0
101644,Prepaid,South,Store,33,11.24,3.95,2,2,11.24,1
101645,Postpaid,West,Store,39,27.96,0.2,2,1,27.96,0
101646,Prepaid,West,Web,13,12.16,6.69,2,2,12.16,1
101647,Family,West,App,19,38.09,7.83,1,3,38.09,0
101648,Family,North,Store,58,30.24,32.56,1,5,38.87,1
101649,Family,East,App,10,23.83,11.18,0,4,23.83,0
101650,Prepaid,West,Web,50,11.55,12.29,1,4,11.67,1
101651,Prepaid,South,Web,66,13.74,5.48,1,2,13.74,0
101652,Prepaid,North,App,50,15.4,4.18,0,4,15.4,1
101653,Prepaid,South,App,47,21.1,0.2,1,2,21.1,1
101654,Business,South,Web,52,55.33,16.21,1,3,57.09,0
101655,Postpaid,North,Web,11,14.73,10.56,1,2,14.73,1
101656,Prepaid,Central,App,10,8.78,0.2,2,2,8.78,1
101657,Family,East,App,72,39.43,15.62,1,4,40.95,0
101658,Postpaid,West,App,31,31.86,19.7,1,6,35.09,0
101659,Prepaid,North,Web,30,15.61,3.19,0,7,15.61,1
101660,Prepaid,West,App,12,20.67,10.12,1,6,20.67,1
101661,Postpaid,East,Web,53,32.9,11.76,0,2,32.9,0
101662,Family,Central,Web,3,44.06,16.06,4,4,45.77,1
101663,Prepaid,East,Web,13,20.81,3.2,0,6,20.81,0
101664,Family,West,Partner,17,31.18,7.68,3,2,31.18,0
101665,Family,South,Store,68,43.64,15.39,0,4,45.06,0
101666,Family,East,Web,69,35.5,18.84,0,4,38.37,1
101667,Prepaid,Central,Web,6,23.79,7.11,2,5,23.79,1
101668,Prepaid,West,Web,11,13.21,9.63,0,6,13.21,1
101669,Family,West,Store,69,51.53,8.56,0,1,51.53,0
101670,Prepaid,Central,App,46,11.1,6.14,3,1,11.1,0
101671,Postpaid,Central,Partner,53,24.75,12.83,0,2,25.09,0
101672,Family,South,App,41,39.38,39.3,1,1,50.85,0
101673,Prepaid,North,Partner,17,20.43,5.1,0,2,20.43,0
101674,Family,East,App,53,50.94,7.76,0,5,50.94,0
101675,Business,Central,Store,14,52.7,24.52,3,4,57.96,0
101676,Family,East,Partner,3,39.18,16.44,0,1,41.04,0
101677,Postpaid,South,Web,61,24.31,11.27,2,2,24.31,0
101678,Family,East,Store,28,44.32,8.18,0,6,44.32,0
101679,Postpaid,North,App,3,33.53,10.51,0,3,33.53,0
101680,Family,North,App,32,33.88,36.3,1,2,44.09,0
101681,Family,North,App,9,41.17,18.18,0,3,43.77,0
101682,Family,North,Store,34,39.23,10.51,2,2,39.23,0
101683,Prepaid,West,App,49,17.33,7.59,0,3,17.33,0
101684,Prepaid,South,App,25,16.94,6.62,1,5,16.94,1
101685,Prepaid,North,App,6,26.32,2.32,2,2,26.32,0
101686,Postpaid,East,Partner,65,31.35,18.7,1,2,34.17,0
101687,Postpaid,South,Web,39,26.63,10.0,0,4,26.63,0
101688,Postpaid,South,App,2,28.06,13.21,1,4,28.56,0
101689,Postpaid,South,Partner,42,29.11,5.59,0,3,29.11,0
101690,Family,North,Store,67,30.44,14.82,1,5,31.63,1
101691,Family,West,App,2,31.14,9.13,0,4,31.14,0
101692,Prepaid,North,App,57,17.43,18.5,2,0,20.17,0
101693,Family,South,Web,28,43.15,23.98,1,3,48.18,1
101694,Postpaid,North,App,51,28.99,24.43,2,2,34.21,1
101695,Postpaid,South,App,3,29.07,19.73,1,1,32.32,1
101696,Prepaid,North,Partner,66,17.31,5.33,1,2,17.31,0
101697,Family,South,Web,70,31.59,27.82,3,1,38.23,1
101698,Business,South,Web,40,52.99,26.31,3,7,59.0,1
101699,Family,North,Web,16,26.68,18.34,0,1,29.34,0
101700,Family,Central,Web,11,43.15,30.76,1,1,51.03,0
101701,Business,South,App,50,51.69,17.25,2,2,53.89,1
101702,Postpaid,North,Web,58,24.0,19.59,0,4,27.19,0
101703,Postpaid,East,App,49,29.9,21.96,2,3,34.08,0
101704,Postpaid,North,App,36,30.15,13.71,1,2,30.87,0
101705,Business,West,Partner,56,59.46,34.72,2,4,69.0,1
101706,Prepaid,North,App,54,22.86,1.45,2,0,22.86,0
101707,Postpaid,East,App,25,21.9,11.28,0,1,21.9,0
101708,Family,Central,App,56,44.63,34.84,0,1,54.22,0
101709,Prepaid,North,Web,14,15.34,2.58,3,5,15.34,1
101710,Family,South,Partner,60,46.31,21.84,2,6,50.44,0
101711,Postpaid,West,App,39,33.62,14.9,0,3,34.83,0
101712,Business,Central,App,54,67.32,22.55,2,2,71.75,0
101713,Family,South,Web,50,33.35,16.33,0,4,35.17,0
101714,Prepaid,West,Web,7,17.76,11.57,2,3,17.76,1
101715,Family,North,App,55,40.24,15.57,3,6,41.74,0
101716,Prepaid,West,App,57,12.55,11.1,1,1,12.55,0
101717,Postpaid,South,Store,4,32.3,18.87,1,1,35.18,0
101718,Postpaid,West,App,17,22.26,10.92,0,3,22.26,0
101719,Family,North,Web,55,29.01,12.1,1,3,29.05,0
101720,Prepaid,East,App,26,25.99,7.97,1,1,25.99,0
101721,Prepaid,South,Web,9,9.75,9.39,1,3,9.75,0
101722,Postpaid,West,Web,62,39.31,14.64,0,1,40.42,0
101723,Postpaid,West,Web,38,31.49,12.42,4,4,31.66,1
101724,Postpaid,Central,Web,29,23.79,18.77,2,3,26.64,1
101725,Prepaid,Central,App,40,12.68,8.33,3,3,12.68,0
101726,Postpaid,East,App,29,36.4,6.89,1,4,36.4,0
101727,Family,West,Store,10,36.31,33.1,4,3,45.17,0
101728,Prepaid,North,Web,41,13.97,9.77,0,4,13.97,1
101729,Postpaid,Central,Web,70,29.2,11.9,1,3,29.2,1
101730,Business,West,App,69,56.74,32.52,3,2,65.35,0
101731,Prepaid,East,Web,46,13.56,12.73,0,1,13.87,0
101732,Family,East,App,12,28.27,16.28,1,5,30.07,0
101733,Prepaid,West,App,17,13.55,13.9,2,1,14.35,1
101734,Family,West,App,23,37.4,20.88,1,4,41.14,0
101735,Family,West,Partner,4,28.9,13.54,2,4,29.54,1
101736,Family,East,Store,11,34.23,19.26,1,4,37.28,0
101737,Prepaid,South,Store,56,9.9,6.81,1,2,9.9,0
101738,Postpaid,Central,Web,31,30.57,11.09,1,1,30.57,0
101739,Family,West,App,61,42.83,27.54,1,6,49.36,0
101740,Prepaid,East,App,5,14.64,9.96,0,3,14.64,0
101741,Prepaid,West,App,7,15.94,12.87,0,4,16.3,0
101742,Prepaid,West,App,50,20.62,11.38,0,3,20.62,0
101743,Business,West,Store,19,60.75,28.42,0,1,67.64,0
101744,Postpaid,East,App,17,34.34,4.99,1,2,34.34,0
101745,Postpaid,Central,Web,47,25.69,8.66,0,1,25.69,0
101746,Family,Central,Web,66,35.07,13.74,1,3,35.8,0
101747,Postpaid,East,Partner,31,23.15,4.03,2,1,23.15,0
101748,Postpaid,North,App,55,33.97,15.66,1,1,35.51,1
101749,Postpaid,East,Store,25,37.36,24.21,1,3,42.49,0
101750,Postpaid,West,App,61,17.54,25.53,2,3,23.22,1
101751,Prepaid,East,App,31,20.35,5.8,0,7,20.35,0
101752,Family,Central,Store,11,47.74,15.28,0,3,49.12,0
101753,Family,North,App,37,30.82,22.85,3,0,35.38,0
101754,Postpaid,South,Web,22,26.55,33.45,1,3,35.56,0
101755,Postpaid,Central,Web,14,26.47,14.56,0,2,27.54,0
101756,Prepaid,Central,App,14,22.23,9.66,0,2,22.23,1
101757,Business,East,Partner,28,70.74,30.31,3,7,78.43,0
101758,Family,North,App,1,32.6,14.44,1,3,33.62,0
101759,Business,East,Partner,6,49.28,29.07,1,7,56.44,1
101760,Prepaid,East,Store,43,8.88,6.22,2,5,8.88,0
101761,Prepaid,East,App,1,15.02,7.13,0,3,15.02,0
101762,Prepaid,South,App,56,14.6,10.87,0,5,14.6,0
101763,Prepaid,South,App,71,16.53,7.43,2,4,16.53,1
101764,Prepaid,West,Web,14,16.69,4.59,3,4,16.69,1
101765,Prepaid,West,App,4,15.52,9.63,1,4,15.52,0
101766,Business,West,Web,16,60.54,27.12,1,3,66.89,0
101767,Prepaid,South,App,4,25.19,5.93,1,2,25.19,1
101768,Prepaid,South,Partner,20,29.62,2.95,1,5,29.62,1
101769,Family,South,App,65,20.07,5.74,0,3,20.07,1
101770,Postpaid,Central,Web,60,33.59,22.65,2,3,38.07,1
101771,Family,South,Web,71,39.52,24.44,1,5,44.75,0
101772,Postpaid,West,App,59,23.14,11.38,1,2,23.14,0
101773,Family,East,App,61,44.29,17.07,1,3,46.42,0
101774,Postpaid,Central,Store,43,38.12,0.2,3,4,38.12,0
101775,Postpaid,South,Web,11,28.58,16.16,3,4,30.33,1
101776,Postpaid,East,Web,56,29.69,12.15,1,1,29.76,0
101777,Postpaid,Central,App,47,38.47,31.52,2,4,46.67,0
101778,Postpaid,North,Web,70,27.65,10.57,1,5,27.65,1
101779,Postpaid,West,Partner,51,26.75,8.58,1,3,26.75,0
101780,Prepaid,South,Web,40,14.07,10.23,0,2,14.07,1
101781,Family,Central,App,56,48.63,17.5,1,4,50.94,0
101782,Prepaid,West,App,48,26.54,8.0,1,5,26.54,0
101783,Prepaid,North,Partner,9,17.61,8.93,2,4,17.61,1
101784,Prepaid,West,Web,45,23.3,9.92,2,3,23.3,0
101785,Family,West,Store,29,44.11,28.02,1,0,50.84,0
101786,Prepaid,East,Partner,12,20.87,5.7,1,3,20.87,1
101787,Postpaid,South,App,20,27.74,15.27,2,2,29.12,1
101788,Family,North,Web,61,43.39,19.41,0,2,46.5,0
101789,Prepaid,West,Web,48,12.54,1.62,3,3,12.54,0
101790,Family,East,Web,5,28.73,17.42,0,4,31.0,0
101791,Prepaid,Central,Web,25,16.64,6.64,3,4,16.64,1
101792,Prepaid,South,Store,50,16.13,6.9,1,2,16.13,0
101793,Postpaid,West,App,37,36.82,22.71,3,3,41.31,1
101794,Family,South,Partner,56,37.22,0.2,1,2,37.22,0
101795,Prepaid,West,Web,46,27.09,11.59,0,2,27.09,0
101796,Postpaid,North,App,3,32.42,18.84,1,2,35.3,0
101797,Prepaid,South,Partner,63,19.71,0.76,1,4,19.71,0
101798,Postpaid,North,App,42,26.85,19.82,0,8,30.14,0
101799,Postpaid,West,App,67,29.36,10.25,2,0,29.36,0
101800,Postpaid,South,Partner,16,32.8,13.13,1,1,33.28,0
101801,Postpaid,West,Web,50,33.63,19.25,0,3,36.68,0
101802,Prepaid,North,Web,3,15.9,4.0,0,1,15.9,1
101803,Postpaid,East,Partner,12,33.94,0.2,1,1,33.94,1
101804,Postpaid,West,Store,64,22.89,25.28,0,6,28.47,0
101805,Postpaid,North,App,65,38.23,20.75,2,1,41.9,1
101806,Prepaid,North,Web,69,30.5,6.48,1,3,30.5,0
101807,Postpaid,South,Store,15,29.72,11.25,0,2,29.72,0
101808,Postpaid,West,Store,65,24.05,15.69,1,1,25.6,1
101809,Prepaid,Central,Store,4,13.78,5.82,2,3,13.78,1
101810,Prepaid,North,App,29,13.85,5.35,3,1,13.85,1
101811,Postpaid,West,App,32,33.69,8.0,2,2,33.69,0
101812,Family,West,Store,58,41.04,14.39,2,4,42.05,1
101813,Prepaid,West,Web,50,15.37,9.7,0,4,15.37,0
101814,Family,East,Store,26,43.5,36.66,0,2,53.86,0
101815,Postpaid,Central,App,11,11.8,17.31,1,0,14.03,0
101816,Family,East,App,27,44.32,1.04,0,6,44.32,0
101817,Postpaid,West,Web,22,21.45,11.67,1,3,21.45,0
101818,Postpaid,South,App,49,39.2,9.88,0,2,39.2,0
101819,Postpaid,West,Store,6,33.78,6.4,1,1,33.78,0
101820,Business,Central,Web,30,53.03,30.55,1,3,60.83,0
101821,Postpaid,Central,App,45,27.56,7.85,2,0,27.56,1
101822,Postpaid,South,Store,47,37.19,28.53,1,5,44.13,0
101823,Postpaid,Central,Partner,51,25.29,12.4,1,3,25.46,0
101824,Family,North,App,21,29.36,4.63,2,4,29.36,0
101825,Prepaid,West,App,38,15.16,5.45,1,1,15.16,0
101826,Postpaid,South,App,8,31.32,18.65,1,5,34.12,0
101827,Postpaid,West,Web,32,25.78,0.71,2,2,25.78,0
101828,Business,East,Partner,71,42.61,14.14,1,2,43.51,0
101829,Postpaid,North,Web,62,30.57,12.38,3,2,30.73,0
101830,Postpaid,South,Partner,45,22.22,33.32,2,2,31.17,0
101831,Business,North,Web,31,65.22,25.1,3,2,70.72,0
101832,Postpaid,East,App,65,24.68,8.49,2,2,24.68,0
101833,Prepaid,Central,App,32,20.3,3.99,0,3,20.3,0
101834,Prepaid,West,Web,55,19.26,7.7,0,2,19.26,0
101835,Prepaid,West,Web,42,28.07,13.12,1,2,28.54,1
101836,Prepaid,West,Store,2,22.55,13.77,0,2,23.3,0
101837,Postpaid,South,Store,51,33.1,5.29,3,4,33.1,1
101838,Family,East,App,65,26.32,20.47,3,1,29.87,0
101839,Family,East,App,56,27.24,14.68,1,2,28.36,0
101840,Prepaid,North,Store,45,15.57,11.93,0,0,15.57,1
101841,Postpaid,West,Web,3,24.08,20.14,2,4,27.5,1
101842,Prepaid,West,Web,2,26.08,5.4,1,1,26.08,0
101843,Business,West,App,62,61.71,38.99,1,1,73.05,1
101844,Prepaid,West,Web,35,20.73,9.55,1,2,20.73,0
101845,Postpaid,North,App,33,40.76,18.5,0,4,43.49,0
101846,Prepaid,West,App,47,21.24,8.96,0,3,21.24,0
101847,Postpaid,South,Web,66,24.3,11.8,1,5,24.3,0
101848,Postpaid,Central,Partner,32,36.18,13.17,0,5,36.67,1
101849,Family,South,Partner,39,44.69,24.74,2,0,50.04,1
101850,Prepaid,East,App,41,24.6,12.35,2,3,24.75,0
101851,Family,East,App,35,36.34,20.75,2,2,40.02,1
101852,Postpaid,South,Web,48,37.73,7.3,1,4,37.73,1
101853,Family,South,Web,15,41.41,24.58,2,3,46.7,0
101854,Family,North,Store,27,40.64,18.97,2,3,43.57,0
101855,Business,East,App,34,38.1,31.52,2,1,46.3,1
101856,Prepaid,Central,Store,38,23.35,15.18,0,2,24.69,0
101857,Prepaid,South,App,36,27.45,6.92,1,4,27.45,1
101858,Prepaid,East,App,31,16.68,4.41,1,1,16.68,0
101859,Prepaid,Central,Web,65,25.3,9.06,1,3,25.3,1
101860,Postpaid,East,App,58,24.56,9.04,0,2,24.56,0
101861,Business,West,Web,64,48.52,32.72,2,3,57.22,0
101862,Business,East,Store,43,66.18,30.83,3,3,74.09,1
101863,Postpaid,East,App,36,34.87,5.51,1,3,34.87,1
101864,Postpaid,North,App,32,22.27,14.81,1,0,23.45,1
101865,Family,North,Partner,63,39.42,27.04,0,4,45.74,0
101866,Business,West,Store,48,51.64,31.72,3,3,59.92,1
101867,Prepaid,West,Partner,62,17.05,8.78,2,2,17.05,1
101868,Postpaid,North,App,62,24.76,17.04,1,2,26.87,0
101869,Family,Central,Store,69,38.93,23.02,2,0,43.56,0
101870,Prepaid,South,Partner,40,12.49,12.87,2,1,12.85,1
101871,Postpaid,East,App,27,22.77,23.59,1,2,27.64,0
101872,Business,Central,App,66,50.95,42.73,2,1,63.85,0
101873,Business,Central,Partner,16,63.06,32.57,0,1,71.7,0
101874,Family,East,App,24,39.71,25.54,2,1,45.4,1
101875,Family,South,App,68,48.19,21.02,2,4,51.98,0
101876,Prepaid,North,Partner,52,12.82,8.04,1,1,12.82,0
101877,Prepaid,South,App,43,17.36,13.74,2,6,18.09,0
101878,Postpaid,West,Store,39,21.48,15.04,0,2,22.76,0
101879,Postpaid,South,Web,34,32.13,20.22,0,2,35.59,0
101880,Postpaid,West,Web,65,29.48,13.07,2,2,29.93,1
101881,Postpaid,North,Store,30,18.33,27.25,0,2,24.74,0
101882,Postpaid,East,App,35,23.85,14.69,0,5,24.98,0
101883,Family,South,Web,7,31.74,2.71,3,6,31.74,1
101884,Prepaid,East,Web,9,16.6,1.01,2,3,16.6,0
101885,Prepaid,East,App,15,30.63,5.75,2,1,30.63,1
101886,Prepaid,Central,App,22,19.49,9.16,0,2,19.49,0
101887,Prepaid,Central,Store,21,9.08,12.76,0,1,9.4,1
101888,Family,West,App,49,31.31,18.16,0,3,33.89,0
101889,Postpaid,North,Web,40,43.61,27.35,1,2,50.06,1
101890,Prepaid,Central,Partner,1,28.74,4.01,0,1,28.74,1
101891,Family,Central,App,38,38.98,27.4,2,4,45.45,0
101892,Postpaid,Central,Partner,6,26.5,11.89,1,4,26.5,1
101893,Prepaid,East,Web,40,22.83,10.72,0,2,22.83,1
101894,Prepaid,North,Web,4,12.23,11.57,1,2,12.23,0
101895,Prepaid,West,Partner,6,10.44,1.77,3,0,10.44,1
101896,Postpaid,South,App,60,28.46,9.48,1,4,28.46,0
101897,Prepaid,South,Partner,1,16.34,4.28,0,0,16.34,1
101898,Prepaid,South,App,71,18.1,6.51,3,4,18.1,1
101899,Prepaid,East,Store,34,18.85,10.63,4,2,18.85,1
101900,Postpaid,South,Store,60,30.97,5.74,1,3,30.97,0
101901,Prepaid,West,App,14,17.65,10.42,1,1,17.65,0
101902,Family,West,Web,34,35.17,19.9,2,1,38.48,0
101903,Prepaid,East,Store,65,9.21,7.71,0,3,9.21,0
101904,Postpaid,North,Store,6,30.61,16.07,1,2,32.32,0
101905,Postpaid,Central,Store,32,28.17,12.83,3,5,28.52,0
101906,Postpaid,East,App,9,31.75,16.49,0,4,33.63,0
101907,Prepaid,East,App,26,19.73,7.56,0,4,19.73,1
101908,Family,East,App,70,41.95,14.89,1,3,43.16,1
101909,Family,South,Partner,40,43.09,25.62,2,2,48.81,1
101910,Prepaid,West,Web,25,15.21,1.54,0,5,15.21,1
101911,Prepaid,North,Store,46,24.45,2.83,0,4,24.45,0
101912,Family,Central,Web,21,46.14,9.99,2,3,46.14,1
101913,Postpaid,North,Web,6,29.55,6.62,0,2,29.55,0
101914,Prepaid,Central,App,41,16.24,4.27,0,4,16.24,0
101915,Prepaid,West,App,54,13.19,5.44,2,3,13.19,0
101916,Postpaid,North,Store,13,38.91,10.29,1,10,38.91,0
101917,Family,East,App,10,40.76,19.91,1,2,44.08,0
101918,Postpaid,South,Web,44,30.79,14.43,1,4,31.81,0
101919,Business,Central,App,28,54.21,24.36,4,2,59.4,0
101920,Postpaid,West,Store,68,32.72,12.39,0,0,32.88,0
101921,Prepaid,East,App,26,15.34,2.59,1,3,15.34,0
101922,Postpaid,East,Web,29,30.19,17.2,1,2,32.38,0
101923,Postpaid,Central,Partner,41,33.8,20.13,2,4,37.21,0
101924,Prepaid,West,App,71,19.06,2.88,3,2,19.06,1
101925,Prepaid,East,App,50,22.31,0.2,1,4,22.31,1
101926,Postpaid,South,Web,48,38.79,15.37,1,2,40.2,1
101927,Postpaid,South,App,58,31.35,4.56,2,2,31.35,1
101928,Prepaid,West,App,59,15.85,9.01,0,2,15.85,1
101929,Postpaid,East,Web,38,34.29,18.24,1,4,36.91,0
101930,Postpaid,Central,App,21,27.42,9.56,3,5,27.42,1
101931,Postpaid,East,App,12,21.19,8.63,1,2,21.19,1
101932,Family,East,App,41,45.97,16.88,0,3,48.02,0
101933,Family,East,Store,51,33.9,24.92,2,1,39.32,0
101934,Postpaid,West,Partner,27,28.75,8.77,1,1,28.75,0
101935,Prepaid,East,App,35,16.24,4.18,2,1,16.24,1
101936,Postpaid,Central,App,33,29.25,12.85,3,3,29.61,1
101937,Postpaid,South,Web,43,29.74,4.0,2,2,29.74,0
101938,Prepaid,West,Web,59,18.1,6.08,1,3,18.1,0
101939,Prepaid,Central,App,32,15.23,6.86,2,2,15.23,0
101940,Prepaid,West,Store,38,19.6,2.34,2,5,19.6,0
101941,Postpaid,South,Store,30,42.55,18.94,1,2,45.46,0
101942,Postpaid,West,App,22,40.82,10.55,1,1,40.82,1
101943,Prepaid,South,App,51,12.22,3.9,0,2,12.22,0
101944,Family,North,Web,45,17.67,21.22,1,3,21.54,0
101945,Business,West,App,38,61.53,29.83,2,0,69.01,1
101946,Prepaid,West,App,22,13.44,5.13,0,2,13.44,1
101947,Business,North,Store,63,65.34,19.57,2,4,68.52,0
101948,Prepaid,Central,App,58,16.14,8.51,1,2,16.14,0
101949,Business,East,App,54,57.92,22.45,2,5,62.31,0
101950,Business,Central,Store,59,46.05,23.21,1,4,50.76,1
101951,Prepaid,West,Web,35,20.41,8.34,1,0,20.41,0
101952,Family,Central,Web,46,32.67,18.55,1,5,35.42,0
101953,Business,West,App,16,54.39,27.14,1,2,60.75,0
101954,Family,Central,App,57,33.72,14.26,4,2,34.67,1
101955,Business,West,Partner,2,53.76,18.5,0,1,56.49,0
101956,Postpaid,South,Web,37,26.4,18.41,0,1,29.1,1
101957,Prepaid,South,Web,15,19.24,2.11,1,1,19.24,0
101958,Family,West,App,43,30.37,16.81,3,3,32.39,1
101959,Postpaid,North,App,21,35.03,7.61,3,6,35.03,0
101960,Postpaid,Central,App,70,34.04,17.7,4,1,36.44,0
101961,Postpaid,South,Web,9,25.25,9.8,1,2,25.25,1
101962,Postpaid,Central,Partner,60,37.57,17.22,1,3,39.77,0
101963,Prepaid,East,App,49,27.81,1.27,0,3,27.81,1
101964,Family,Central,Web,72,36.93,12.1,0,1,36.97,0
101965,Prepaid,Central,Web,24,19.69,8.37,2,1,19.69,0
101966,Family,East,Web,51,38.57,19.44,2,3,41.7,0
101967,Family,West,Store,3,53.76,15.2,1,3,55.11,0
101968,Postpaid,South,App,49,30.49,12.78,1,3,30.82,0
101969,Postpaid,West,Partner,32,33.12,17.34,0,0,35.36,0
101970,Prepaid,West,App,53,26.16,10.67,1,5,26.16,1
101971,Business,South,App,57,61.6,35.49,1,2,71.47,0
101972,Family,North,App,36,36.87,15.63,3,1,38.4,0
101973,Postpaid,East,Store,25,34.73,6.21,0,2,34.73,0
101974,Prepaid,North,App,52,10.26,1.7,2,0,10.26,1
101975,Prepaid,West,Store,65,19.66,7.92,1,3,19.66,1
101976,Postpaid,South,Partner,26,26.68,9.1,0,2,26.68,0
101977,Business,Central,Store,62,44.97,12.19,3,3,45.05,0
101978,Family,Central,Partner,32,36.58,12.38,0,4,36.74,0
101979,Prepaid,Central,Partner,65,11.71,6.88,1,3,11.71,0
101980,Family,West,Web,47,35.03,11.56,2,2,35.03,0
101981,Postpaid,South,Store,49,28.7,19.33,1,4,31.77,0
101982,Family,West,Partner,50,38.31,15.76,3,1,39.89,1
101983,Prepaid,West,Store,59,23.81,14.49,2,2,24.85,1
101984,Postpaid,Central,App,63,26.74,17.71,2,2,29.13,0
101985,Business,South,Partner,29,55.94,47.04,1,2,70.65,0
101986,Prepaid,North,Store,54,18.73,9.65,1,2,18.73,0
101987,Postpaid,Central,Partner,50,28.51,14.17,2,3,29.42,1
101988,Business,West,App,43,33.13,24.57,3,4,38.41,0
101989,Prepaid,South,App,17,8.0,6.1,2,3,8.0,0
101990,Prepaid,West,Web,34,24.33,6.36,5,1,24.33,0
101991,Postpaid,North,Store,15,25.39,24.15,1,3,30.5,0
101992,Prepaid,East,App,10,23.76,14.56,0,1,24.83,0
101993,Prepaid,South,Web,68,20.24,9.34,0,4,20.24,0
101994,Postpaid,South,Store,53,19.18,25.51,0,6,24.85,0
101995,Family,South,App,40,22.9,1.51,3,1,22.9,1
101996,Prepaid,South,Web,32,26.08,15.7,0,0,27.64,0
101997,Prepaid,East,App,6,13.69,10.06,1,3,13.69,0
101998,Family,South,Store,26,34.2,22.37,0,1,38.56,0
101999,Postpaid,East,App,15,22.18,12.6,0,3,22.43,0
102000,Family,East,App,39,34.92,7.57,1,1,34.92,1
102001,Postpaid,West,Partner,34,38.81,20.67,0,3,42.45,1
102002,Business,West,App,70,52.44,26.08,3,1,58.35,0
102003,Postpaid,South,Web,61,35.04,19.44,1,1,38.17,0
102004,Prepaid,North,Store,44,22.51,9.21,4,2,22.51,1
102005,Family,West,App,65,42.28,22.8,0,2,46.82,0
102006,Postpaid,Central,Partner,24,15.87,20.9,2,0,19.6,0
102007,Prepaid,Central,App,9,14.63,12.11,1,2,14.68,1
102008,Prepaid,Central,Store,41,16.44,6.59,2,3,16.44,0
102009,Postpaid,West,Web,5,25.67,22.6,3,4,30.12,0
102010,Prepaid,Central,Web,68,20.86,7.63,1,3,20.86,0
102011,Prepaid,East,App,9,20.47,7.01,0,5,20.47,1
102012,Prepaid,West,Web,62,11.61,10.53,2,5,11.61,0
102013,Postpaid,Central,Partner,49,31.8,1.46,3,1,31.8,1
102014,Postpaid,West,Store,18,34.69,6.87,0,5,34.69,1
102015,Postpaid,East,Web,39,24.25,10.67,0,4,24.25,0
102016,Prepaid,South,App,40,13.67,9.82,2,4,13.67,0
102017,Prepaid,South,App,54,14.25,11.31,1,0,14.25,0
102018,Postpaid,South,Store,31,21.04,32.45,0,3,29.63,0
102019,Postpaid,West,App,43,37.61,27.56,1,2,44.14,0
102020,Postpaid,West,Web,30,24.71,12.33,0,1,24.85,0
102021,Prepaid,South,App,7,20.0,8.15,1,3,20.0,0
102022,Prepaid,West,App,52,15.94,14.98,2,6,17.19,1
102023,Prepaid,South,App,19,27.24,1.02,2,2,27.24,0
102024,Postpaid,East,App,21,23.8,7.77,0,4,23.8,0
102025,Postpaid,South,Store,24,29.97,1.65,1,1,29.97,0
102026,Family,East,Store,41,52.32,23.09,3,5,56.98,0
102027,Postpaid,West,App,51,36.44,24.34,0,2,41.62,0
102028,Postpaid,West,App,59,26.29,18.11,0,3,28.85,1
102029,Postpaid,West,App,43,29.93,0.2,1,3,29.93,0
102030,Prepaid,South,Store,29,19.7,10.96,1,0,19.7,1
102031,Postpaid,West,App,69,35.6,19.32,0,4,38.68,0
102032,Postpaid,South,Web,35,21.4,9.19,2,2,21.4,0
102033,Postpaid,East,Store,11,32.87,16.2,2,3,34.63,0
102034,Prepaid,East,App,58,20.75,7.95,1,2,20.75,0
102035,Family,West,App,68,40.53,18.89,0,4,43.42,0
102036,Business,Central,App,21,50.36,18.12,0,4,52.93,0
102037,Prepaid,South,App,16,23.83,6.52,2,1,23.83,0
102038,Postpaid,Central,App,26,25.85,16.17,2,7,27.6,0
102039,Family,South,Partner,25,20.41,17.05,1,3,22.54,1
102040,Prepaid,East,App,14,21.0,4.78,1,2,21.0,0
102041,Family,West,App,3,47.4,10.2,0,5,47.4,0
102042,Postpaid,West,Web,14,27.2,4.92,0,6,27.2,0
102043,Business,Central,Partner,22,60.97,37.02,2,0,71.48,0
102044,Business,West,Store,14,49.81,32.18,0,4,58.28,0
102045,Prepaid,South,Store,15,15.43,12.94,3,3,15.82,1
102046,Postpaid,Central,App,68,31.6,16.16,0,4,33.35,0
102047,Postpaid,Central,Web,16,28.47,13.68,1,2,29.17,1
102048,Prepaid,East,Store,60,18.88,7.13,0,4,18.88,0
102049,Prepaid,North,Store,42,19.57,9.59,1,4,19.57,0
102050,Business,South,App,32,51.41,28.55,0,3,58.36,0
102051,Prepaid,West,Store,57,26.33,1.94,1,1,26.33,0
102052,Postpaid,Central,Web,2,39.39,6.47,0,3,39.39,0
102053,Family,West,App,54,37.16,20.87,2,4,40.89,0
102054,Prepaid,South,Store,30,14.14,8.31,1,0,14.14,0
102055,Postpaid,North,App,60,27.94,3.89,2,0,27.94,0
102056,Business,East,Web,70,57.71,28.97,2,1,64.83,0
102057,Postpaid,South,App,53,32.11,14.96,1,3,33.36,0
102058,Prepaid,North,Partner,9,13.55,10.51,1,1,13.55,0
102059,Prepaid,North,Store,71,14.75,11.37,1,1,14.75,0
102060,Business,North,Store,55,29.64,32.62,0,2,38.3,0
102061,Prepaid,South,App,2,18.37,7.1,1,3,18.37,1
102062,Postpaid,West,Store,14,30.33,6.99,1,3,30.33,0
102063,Prepaid,South,App,72,13.63,7.5,1,6,13.63,0
102064,Postpaid,East,App,61,33.8,9.38,2,1,33.8,1
102065,Business,West,App,30,48.11,23.31,2,4,52.86,0
102066,Postpaid,Central,App,69,29.81,9.57,3,3,29.81,1
102067,Business,West,Web,35,61.11,26.31,2,3,67.12,0
102068,Prepaid,West,App,63,19.61,15.15,0,1,20.93,0
102069,Postpaid,West,Web,42,29.51,3.89,0,2,29.51,0
102070,Family,West,Web,48,37.01,11.69,0,4,37.01,0
102071,Postpaid,West,Web,1,26.66,0.2,2,7,26.66,1
102072,Prepaid,East,App,70,11.14,0.2,1,4,11.14,0
102073,Family,East,Store,14,42.95,15.18,1,3,44.29,0
102074,Postpaid,East,Web,16,23.6,12.26,3,5,23.71,1
102075,Postpaid,South,App,33,30.25,13.62,2,3,30.93,0
102076,Business,South,App,55,53.73,41.71,1,3,66.21,0
102077,Prepaid,South,App,56,14.61,6.56,2,3,14.61,0
102078,Prepaid,East,App,46,14.77,1.04,0,2,14.77,0
102079,Prepaid,East,App,63,20.67,9.03,1,1,20.67,0
102080,Postpaid,East,App,50,37.32,27.38,1,2,43.78,0
102081,Prepaid,North,Web,11,18.5,18.31,3,4,21.15,0
102082,Postpaid,South,Store,57,31.32,8.9,1,3,31.32,1
102083,Prepaid,South,App,19,17.6,11.05,0,1,17.6,0
102084,Postpaid,West,Partner,38,22.04,0.2,2,6,22.04,0
102085,Prepaid,South,App,44,20.53,10.63,0,3,20.53,0
102086,Postpaid,North,App,29,28.07,15.49,1,1,29.54,0
102087,Postpaid,North,App,26,25.38,10.19,2,3,25.38,0
102088,Postpaid,East,App,20,23.2,17.91,0,3,25.68,0
102089,Postpaid,North,Store,22,37.9,12.77,2,1,38.22,0
102090,Postpaid,East,App,71,26.22,14.79,4,5,27.4,1
102091,Family,East,Web,28,44.99,25.52,3,0,50.66,0
102092,Postpaid,Central,Web,35,31.99,16.93,1,5,34.07,1
102093,Prepaid,West,App,51,10.85,6.4,1,1,10.85,0
102094,Family,North,Web,18,28.7,22.62,1,1,33.16,0
102095,Postpaid,South,Store,15,28.15,21.16,1,0,32.0,0
102096,Prepaid,West,Web,16,10.01,3.15,1,5,10.01,0
102097,Postpaid,South,App,5,35.35,17.79,1,2,37.79,1
102098,Prepaid,Central,Store,33,32.36,7.09,2,3,32.36,1
102099,Prepaid,East,App,1,23.09,9.63,2,1,23.09,1
102100,Family,North,App,28,38.41,17.46,1,4,40.7,1
102101,Prepaid,South,Web,38,33.17,9.65,0,2,33.17,0
102102,Family,Central,App,19,25.55,23.06,0,4,30.19,0
102103,Business,Central,Store,19,61.5,19.26,0,6,64.55,1
102104,Postpaid,Central,App,44,25.13,18.48,1,2,27.85,1
102105,Postpaid,South,Web,41,22.39,6.58,0,2,22.39,0
102106,Postpaid,West,App,57,33.53,10.07,1,2,33.53,1
102107,Business,South,App,64,53.46,28.78,0,1,60.5,0
102108,Postpaid,South,Store,18,43.55,7.23,3,3,43.55,0
102109,Prepaid,West,App,22,20.05,7.74,0,3,20.05,0
102110,Postpaid,Central,App,38,31.49,25.1,0,3,37.0,0
102111,Postpaid,East,Web,14,26.5,10.4,2,1,26.5,0
102112,Prepaid,East,Partner,53,18.19,7.07,2,2,18.19,1
102113,Postpaid,South,Web,1,25.85,15.89,1,2,27.48,0
102114,Prepaid,South,App,27,16.16,7.5,0,5,16.16,1
102115,Business,North,App,71,43.13,23.64,2,1,48.02,0
102116,Prepaid,Central,Web,53,10.68,10.41,2,3,10.68,1
102117,Prepaid,North,App,38,22.61,8.9,1,3,22.61,0
102118,Prepaid,West,Web,1,18.5,3.4,2,1,18.5,1
102119,Prepaid,South,Store,58,16.91,5.5,1,3,16.91,1
102120,Prepaid,East,Partner,33,15.8,5.62,1,5,15.8,0
102121,Prepaid,South,App,62,19.57,2.64,0,4,19.57,0
102122,Prepaid,South,Partner,57,15.61,4.89,2,8,15.61,1
102123,Prepaid,East,App,72,14.23,8.96,1,4,14.23,0
102124,Postpaid,West,Web,9,35.49,16.97,0,1,37.58,0
102125,Postpaid,Central,App,62,26.82,7.23,1,4,26.82,0
102126,Prepaid,South,Store,52,24.71,11.47,2,2,24.71,1
102127,Prepaid,East,App,22,15.23,4.69,1,2,15.23,0
102128,Prepaid,Central,App,61,21.75,15.4,0,3,23.18,0
102129,Prepaid,South,App,41,19.28,13.18,1,4,19.78,1
102130,Prepaid,Central,App,48,20.81,10.91,5,1,20.81,0
102131,Family,Central,Partner,70,34.96,22.48,1,2,39.36,0
102132,Business,Central,Web,42,57.23,18.03,1,2,59.76,1
102133,Business,East,Web,46,26.87,16.19,1,2,28.63,1
102134,Postpaid,West,Store,63,30.94,16.79,0,2,32.95,0
102135,Postpaid,East,App,56,34.93,12.86,0,3,35.29,0
102136,Prepaid,West,App,47,16.51,6.04,4,3,16.51,1
102137,Family,Central,App,66,40.76,12.2,3,2,40.85,0
102138,Family,South,Store,66,43.94,24.75,0,5,49.3,0
102139,Family,West,Web,45,29.78,15.01,4,4,31.05,1
102140,Family,East,App,8,37.48,23.46,1,2,42.29,0
102141,Postpaid,North,App,50,28.08,14.28,1,0,29.04,0
102142,Family,West,App,24,37.48,12.32,2,3,37.61,1
102143,Family,West,Store,43,55.52,9.8,0,5,55.52,0
102144,Prepaid,East,App,28,18.83,10.78,0,1,18.83,1
102145,Business,West,App,25,46.48,18.23,2,2,49.1,0
102146,Prepaid,South,App,71,12.78,6.53,0,1,12.78,1
102147,Business,Central,App,18,51.43,10.09,6,5,51.43,1
102148,Family,West,Web,12,31.89,15.56,2,5,33.38,1
102149,Prepaid,West,Partner,46,14.64,5.62,1,1,14.64,0
102150,Postpaid,South,App,47,27.64,2.38,1,6,27.64,0
102151,Prepaid,East,App,71,12.06,10.33,3,2,12.06,0
102152,Family,Central,App,5,33.81,15.61,3,0,35.33,1
102153,Family,North,Web,66,45.68,20.22,0,2,49.13,0
102154,Postpaid,South,Store,61,26.09,25.49,2,3,31.75,0
102155,Family,West,Store,16,32.12,11.81,2,4,32.12,0
102156,Prepaid,West,Store,59,16.89,14.6,0,5,17.99,0
102157,Prepaid,Central,Partner,61,13.7,5.39,4,3,13.7,1
102158,Postpaid,West,App,9,23.98,9.46,0,1,23.98,0
102159,Prepaid,Central,App,2,8.85,0.65,1,1,8.85,1
102160,Postpaid,East,App,48,34.72,16.61,0,5,36.66,0
102161,Prepaid,West,Store,43,11.37,13.76,0,2,12.11,0
102162,Postpaid,Central,App,63,25.31,19.85,3,4,28.61,0
102163,Postpaid,West,Partner,67,51.76,12.51,1,2,51.98,0
102164,Family,North,Web,8,39.75,15.56,3,2,41.24,0
102165,Prepaid,South,Partner,70,9.5,6.15,1,5,9.5,0
102166,Family,East,Partner,62,31.75,13.22,0,6,32.27,0
102167,Postpaid,West,Store,44,34.49,19.27,1,4,37.54,0
102168,Prepaid,East,Web,26,16.21,0.31,3,3,16.21,0
102169,Postpaid,West,Web,46,31.94,9.77,0,5,31.94,0
102170,Postpaid,West,App,41,37.69,24.16,0,5,42.8,0
102171,Prepaid,South,Web,29,15.55,2.92,0,3,15.55,1
102172,Postpaid,West,Partner,6,19.65,11.4,0,1,19.65,0
102173,Prepaid,East,Web,53,19.06,3.28,0,1,19.06,1
102174,Postpaid,South,Web,23,35.4,11.14,0,4,35.4,0
102175,Postpaid,East,App,18,29.71,11.96,0,5,29.71,0
102176,Postpaid,East,Web,28,24.09,7.44,0,0,24.09,0
102177,Family,West,App,3,37.05,20.37,2,1,40.57,0
102178,Prepaid,East,Store,29,22.34,1.56,0,4,22.34,0
102179,Business,North,Web,61,47.27,19.74,2,3,50.52,0
102180,Family,East,Store,53,40.0,22.01,1,2,44.2,0
102181,Business,West,App,5,46.44,44.4,0,2,60.04,0
102182,Family,East,Web,24,43.69,14.73,0,6,44.84,0
102183,Prepaid,South,App,48,21.72,5.33,1,0,21.72,0
102184,Postpaid,Central,App,68,26.53,11.18,3,2,26.53,0
102185,Prepaid,North,App,32,17.7,7.49,1,3,17.7,1
102186,Family,South,Store,72,51.1,28.05,1,2,57.84,1
102187,Postpaid,East,App,4,24.94,15.4,2,2,26.36,1
102188,Prepaid,West,App,66,24.32,3.68,2,5,24.32,1
102189,Business,West,Partner,12,52.17,30.96,1,3,60.14,0
102190,Prepaid,North,Store,53,20.11,3.96,1,3,20.11,0
102191,Postpaid,West,Partner,8,30.32,18.21,2,4,32.92,1
102192,Family,West,Store,72,36.4,19.65,0,3,39.61,0
102193,Prepaid,Central,App,16,19.97,6.77,4,4,19.97,1
102194,Postpaid,Central,Web,27,23.65,10.63,2,3,23.65,0
102195,Family,West,App,46,30.18,16.43,0,2,32.04,0
102196,Prepaid,North,Partner,4,16.31,7.51,0,0,16.31,0
102197,Postpaid,South,App,42,20.71,12.25,1,5,20.82,0
102198,Prepaid,Central,Web,22,13.68,19.02,0,3,16.63,1
102199,Postpaid,West,Store,32,31.54,25.38,0,2,37.16,0
102200,Prepaid,East,Web,24,20.65,10.19,1,1,20.65,0
102201,Business,Central,App,61,52.09,19.8,2,3,55.36,0
102202,Family,Central,Store,33,38.34,33.17,1,0,47.23,0
102203,Prepaid,West,App,55,15.73,0.42,0,3,15.73,0
102204,Prepaid,Central,Web,3,13.62,6.17,4,1,13.62,1
102205,Postpaid,North,App,50,34.45,27.45,1,1,40.94,1
102206,Postpaid,West,App,28,28.69,18.4,0,3,31.37,1
102207,Postpaid,Central,Web,44,37.68,18.23,0,3,40.3,0
102208,Prepaid,North,Store,61,24.55,7.32,1,1,24.55,1
102209,Prepaid,South,Web,51,16.72,6.54,1,1,16.72,0
102210,Business,West,Web,26,52.08,26.53,1,3,58.18,1
102211,Postpaid,East,App,17,43.58,5.74,3,3,43.58,1
102212,Family,North,Web,64,43.83,20.24,0,3,47.29,0
102213,Postpaid,South,App,19,42.86,20.36,0,2,46.37,0
102214,Business,South,Store,3,60.7,23.89,1,2,65.69,0
102215,Prepaid,South,App,22,14.85,2.4,2,4,14.85,1
102216,Prepaid,Central,App,1,12.62,7.28,2,1,12.62,1
102217,Business,West,Web,54,65.2,26.89,1,1,71.45,0
102218,Business,West,Partner,65,49.01,18.94,1,3,51.93,0
102219,Prepaid,North,Partner,32,19.63,9.36,1,2,19.63,0
102220,Postpaid,East,Web,45,37.48,14.09,1,4,38.36,0
102221,Postpaid,South,App,70,26.51,11.54,0,5,26.51,0
102222,Postpaid,Central,Store,67,35.41,22.72,4,1,39.91,0
102223,Prepaid,Central,App,3,25.29,9.42,0,0,25.29,1
102224,Family,East,Web,5,39.35,28.71,0,2,46.37,0
102225,Prepaid,Central,App,28,27.59,0.2,0,2,27.59,0
102226,Postpaid,North,Partner,21,22.97,15.45,2,2,24.42,0
102227,Prepaid,South,App,12,8.0,9.66,1,3,8.0,0
102228,Prepaid,West,App,11,14.79,7.38,0,5,14.79,1
102229,Postpaid,South,Web,59,36.85,14.81,0,5,38.03,0
102230,Prepaid,Central,App,14,14.6,10.53,0,1,14.6,0
102231,Postpaid,South,App,35,27.58,8.44,1,4,27.58,0
102232,Prepaid,West,Store,4,29.38,2.74,2,5,29.38,0
102233,Business,South,Partner,45,48.7,35.78,1,2,58.69,0
102234,Family,North,App,54,40.82,17.76,1,5,43.24,0
102235,Family,East,App,44,39.8,13.96,0,5,40.62,0
102236,Prepaid,Central,App,21,10.99,7.28,1,2,10.99,0
102237,Prepaid,East,Store,6,21.51,4.02,0,4,21.51,0
102238,Postpaid,West,App,29,39.08,18.15,1,2,41.67,0
102239,Postpaid,North,Store,57,26.25,14.15,2,2,27.16,1
102240,Prepaid,North,Store,9,20.07,6.73,2,5,20.07,1
102241,Prepaid,North,Partner,60,16.83,6.17,1,4,16.83,1
102242,Postpaid,West,Web,66,26.7,19.15,0,2,29.71,0
102243,Prepaid,South,Web,44,28.69,7.99,1,3,28.69,1
102244,Postpaid,South,Store,61,21.13,10.59,1,2,21.13,0
102245,Prepaid,West,App,21,16.93,0.2,1,0,16.93,0
102246,Prepaid,East,App,45,17.67,4.07,3,7,17.67,1
102247,Postpaid,East,Store,53,23.57,17.9,0,3,26.05,0
102248,Postpaid,North,App,52,28.9,17.59,0,4,31.24,0
102249,Postpaid,East,App,51,41.27,0.38,1,0,41.27,0
102250,Postpaid,West,App,14,45.07,22.98,0,2,49.68,0
102251,Family,South,App,66,50.89,10.15,1,2,50.89,0
102252,Postpaid,West,App,50,29.77,18.79,1,2,32.62,0
102253,Postpaid,North,Store,9,28.88,9.1,0,3,28.88,1
102254,Business,Central,Web,47,56.35,20.43,2,1,59.89,0
102255,Postpaid,Central,App,66,39.75,1.45,1,2,39.75,1
102256,Family,North,Web,2,43.42,22.76,2,2,47.94,0
102257,Family,East,App,64,30.19,6.16,1,4,30.19,0
102258,Prepaid,East,Partner,24,26.51,12.34,2,4,26.66,0
102259,Postpaid,Central,Store,22,28.88,4.85,1,3,28.88,0
102260,Postpaid,East,Store,36,34.62,8.85,1,2,34.62,0
102261,Business,West,Web,52,67.47,18.76,2,1,70.31,0
102262,Postpaid,South,Store,8,33.99,14.77,1,2,35.15,0
102263,Prepaid,North,App,19,15.08,4.65,1,1,15.08,1
102264,Postpaid,West,App,59,28.31,24.56,3,0,33.59,0
102265,Prepaid,West,Partner,17,10.9,4.31,0,4,10.9,0
102266,Family,West,Web,26,42.07,19.07,1,2,45.04,0
102267,Postpaid,Central,Store,47,26.3,23.37,3,2,31.08,1
102268,Family,West,Web,19,38.95,30.68,0,3,46.79,0
102269,Family,East,App,4,44.44,18.58,1,1,47.2,0
102270,Postpaid,Central,Store,38,30.73,7.23,1,3,30.73,0
102271,Postpaid,West,Store,7,37.65,8.76,1,2,37.65,1
102272,Family,Central,App,28,37.49,15.5,0,1,38.96,0
102273,Family,Central,Partner,48,32.55,17.82,1,5,34.99,1
102274,Family,South,Web,54,47.97,16.68,1,3,49.94,1
102275,Prepaid,West,Partner,69,20.35,4.31,1,1,20.35,0
102276,Postpaid,West,Store,63,28.27,15.82,2,0,29.88,0
102277,Prepaid,North,App,3,19.03,4.66,3,1,19.03,0
102278,Family,West,Web,36,42.21,15.43,1,2,43.65,0
102279,Postpaid,East,App,2,21.53,17.03,2,7,23.65,1
102280,Postpaid,East,Web,58,21.98,13.0,3,5,22.4,0
102281,Prepaid,North,App,6,21.36,13.18,0,5,21.85,1
102282,Prepaid,West,Web,56,18.74,8.8,1,4,18.74,0
102283,Postpaid,West,Web,1,30.86,18.57,1,4,33.62,0
102284,Prepaid,East,App,8,25.08,5.12,0,2,25.08,0
102285,Prepaid,North,App,67,19.68,4.62,1,4,19.68,0
102286,Family,East,Store,14,45.37,26.09,2,3,51.29,0
102287,Family,North,App,35,37.08,28.43,2,3,43.98,0
102288,Prepaid,South,Web,38,17.26,7.56,2,3,17.26,1
102289,Prepaid,South,App,50,15.0,7.53,1,1,15.0,0
102290,Business,Central,App,68,59.23,26.11,2,5,65.15,0
102291,Postpaid,East,App,30,30.87,6.14,3,3,30.87,0
102292,Postpaid,West,App,44,30.31,18.41,1,6,33.0,0
102293,Prepaid,Central,App,72,13.08,10.84,3,1,13.08,0
102294,Prepaid,East,Web,8,19.24,9.52,2,6,19.24,1
102295,Prepaid,Central,Web,35,19.61,13.54,0,4,20.26,0
102296,Family,North,Partner,22,42.58,27.25,0,4,48.98,1
102297,Prepaid,South,App,68,21.69,5.94,0,4,21.69,0
102298,Prepaid,North,App,45,16.72,5.23,0,2,16.72,1
102299,Family,East,App,47,41.25,11.83,0,2,41.25,0
102300,Business,Central,Store,14,43.23,21.47,1,5,47.21,0
102301,Family,West,App,69,47.93,19.76,0,2,51.19,0
102302,Postpaid,West,App,5,40.61,16.15,3,4,42.35,1
102303,Postpaid,South,Store,36,40.24,9.34,1,3,40.24,1
102304,Postpaid,Central,App,51,40.74,15.03,2,3,42.02,0
102305,Prepaid,East,Store,64,29.18,13.22,3,2,29.69,0
102306,Postpaid,South,Store,20,30.43,19.62,1,3,33.63,0
102307,Postpaid,Central,Web,25,19.15,28.88,0,3,26.24,0
102308,Postpaid,East,App,3,28.7,15.13,1,3,30.01,1
102309,Family,South,Web,48,34.56,23.31,0,4,39.31,0
102310,Business,North,App,15,59.09,29.86,2,3,66.6,1
102311,Prepaid,North,App,45,25.94,17.98,2,2,28.45,0
102312,Postpaid,West,App,7,30.66,16.84,3,0,32.69,1
102313,Prepaid,East,App,36,10.04,9.09,0,2,10.04,0
102314,Postpaid,Central,Store,35,40.94,17.11,0,3,43.09,0
102315,Prepaid,North,Web,37,24.61,1.14,1,2,24.61,0
102316,Prepaid,West,Web,23,8.65,12.92,0,3,9.03,1
102317,Family,West,App,13,29.7,11.93,2,2,29.7,1
102318,Postpaid,West,App,56,27.97,24.99,0,1,33.42,1
102319,Family,East,App,66,34.94,20.36,1,3,38.46,0
102320,Prepaid,East,Partner,20,17.16,13.83,0,2,17.93,0
102321,Prepaid,West,App,33,25.2,6.77,3,2,25.2,0
102322,Postpaid,Central,App,8,29.81,18.57,0,1,32.56,1
102323,Prepaid,South,App,11,20.29,13.39,1,3,20.87,0
102324,Prepaid,East,Web,26,20.65,9.14,1,6,20.65,1
102325,Business,West,Store,51,65.56,36.54,1,1,75.87,0
102326,Prepaid,South,App,49,12.72,0.2,0,3,12.72,0
102327,Prepaid,North,Store,53,22.97,10.32,3,2,22.97,0
102328,Postpaid,Central,Web,7,36.37,7.89,3,1,36.37,0
102329,Postpaid,North,Store,4,32.54,15.5,2,6,34.01,1
102330,Postpaid,South,Partner,20,28.87,17.81,2,2,31.31,0
102331,Postpaid,West,Web,24,18.17,8.1,2,1,18.17,1
102332,Family,North,Store,38,44.21,17.84,2,4,46.66,0
102333,Prepaid,North,Partner,43,12.41,6.64,0,1,12.41,0
102334,Postpaid,North,Web,14,20.74,23.48,2,7,25.56,1
102335,Postpaid,North,App,60,33.23,26.21,1,3,39.2,0
102336,Family,East,Web,54,41.18,15.71,0,6,42.74,0
102337,Postpaid,West,Store,23,22.11,10.41,1,1,22.11,1
102338,Postpaid,South,Store,47,30.29,6.13,0,3,30.29,0
102339,Prepaid,East,Store,22,12.67,11.12,1,3,12.67,0
102340,Prepaid,West,Web,5,23.52,9.56,0,1,23.52,0
102341,Prepaid,South,Partner,54,15.63,15.88,1,5,17.26,0
102342,Family,East,App,7,50.6,13.91,2,3,51.4,1
102343,Prepaid,South,Web,16,14.66,15.04,0,2,15.93,1
102344,Family,South,Store,22,44.05,21.62,1,4,48.09,0
102345,Prepaid,South,Partner,65,25.71,10.52,0,3,25.71,0
102346,Family,North,Store,43,41.77,25.79,1,1,47.56,1
102347,Family,Central,App,57,30.19,10.57,1,2,30.19,0
102348,Prepaid,Central,App,66,27.83,14.66,1,4,28.95,0
102349,Prepaid,Central,App,65,17.91,10.1,0,3,17.91,0
102350,Prepaid,North,App,44,24.05,5.14,1,4,24.05,1
102351,Family,West,App,26,43.28,13.35,5,3,43.85,1
102352,Prepaid,East,App,30,16.36,11.29,1,2,16.36,0
102353,Postpaid,North,Web,12,23.91,21.66,3,2,27.96,0
102354,Postpaid,Central,App,43,35.13,0.2,1,1,35.13,0
102355,Family,West,App,43,31.07,16.35,1,3,32.9,0
102356,Postpaid,North,Web,71,19.9,11.77,0,6,19.9,0
102357,Postpaid,Central,App,14,36.09,3.05,1,0,36.09,0
102358,Business,North,Web,55,57.6,33.54,3,1,66.65,1
102359,Prepaid,East,Web,20,15.45,0.2,4,2,15.45,0
102360,Family,North,App,6,47.0,17.55,2,3,49.33,0
102361,Prepaid,North,Store,29,11.78,3.71,1,1,11.78,1
102362,Postpaid,Central,App,70,19.82,5.99,1,1,19.82,0
102363,Family,East,App,34,26.38,21.5,3,1,30.37,1
102364,Postpaid,South,Store,14,33.91,12.72,1,2,34.21,0
102365,Postpaid,West,App,24,30.32,0.2,1,4,30.32,0
102366,Prepaid,Central,Store,51,17.8,11.9,2,3,17.8,0
102367,Postpaid,Central,Store,21,19.79,12.07,1,0,19.82,1
102368,Postpaid,Central,App,17,33.13,10.9,0,4,33.13,0
102369,Postpaid,Central,App,18,32.48,16.75,0,2,34.48,1
102370,Postpaid,West,Store,6,32.65,12.72,0,0,32.96,0
102371,Prepaid,South,App,50,20.33,9.24,2,0,20.33,0
102372,Prepaid,Central,Web,24,14.08,6.85,1,2,14.08,1
102373,Prepaid,North,Partner,23,18.87,4.89,3,1,18.87,0
102374,Postpaid,North,Web,24,30.38,11.09,2,1,30.38,1
102375,Prepaid,East,App,50,13.87,7.94,0,1,13.87,0
102376,Family,South,Store,63,40.9,36.58,1,2,51.22,0
102377,Postpaid,West,Web,54,25.99,10.71,0,4,25.99,0
102378,Prepaid,Central,Web,41,14.63,3.49,0,2,14.63,0
102379,Postpaid,East,Partner,52,27.55,14.51,0,1,28.6,1
102380,Family,East,Store,17,49.02,17.48,0,2,51.32,0
102381,Prepaid,East,App,66,25.65,6.39,1,1,25.65,0
102382,Prepaid,West,App,45,13.35,9.15,1,3,13.35,0
102383,Prepaid,North,Partner,69,23.29,8.67,1,1,23.29,1
102384,Prepaid,North,Store,20,9.8,12.25,4,1,9.91,1
102385,Family,West,Web,11,43.4,31.67,3,6,51.66,0
102386,Business,East,Web,52,50.03,25.03,3,5,55.5,0
102387,Prepaid,South,Partner,24,15.49,3.2,3,0,15.49,0
102388,Family,South,Store,15,43.97,18.5,0,1,46.7,0
102389,Prepaid,North,Partner,57,11.71,19.04,0,1,14.67,0
102390,Postpaid,West,Partner,39,30.49,17.18,5,3,32.66,1
102391,Family,East,Web,57,45.3,18.75,0,2,48.13,0
102392,Postpaid,East,Partner,18,29.58,12.8,0,4,29.91,0
102393,Prepaid,Central,Store,6,18.58,8.89,1,1,18.58,1
102394,Postpaid,West,Web,30,36.76,6.64,2,0,36.76,1
102395,Business,South,Store,70,49.07,33.14,2,2,57.94,0
102396,Prepaid,West,Web,43,23.65,2.07,2,5,23.65,0
102397,Prepaid,North,Web,62,23.67,12.05,1,1,23.69,1
102398,Prepaid,North,Web,61,15.29,1.15,0,4,15.29,0
102399,Postpaid,West,App,65,36.37,8.12,3,5,36.37,1
102400,Postpaid,North,Web,34,25.39,8.48,0,6,25.39,0
102401,Family,South,Web,15,38.39,30.42,2,4,46.12,0
102402,Family,Central,Store,65,44.39,7.64,0,3,44.39,0
102403,Family,West,Store,37,37.24,25.84,4,2,43.06,1
102404,Family,Central,Web,24,40.69,17.45,1,4,42.98,1
102405,Prepaid,Central,Web,32,18.33,9.13,2,4,18.33,1
102406,Postpaid,South,Store,57,38.85,21.98,0,3,43.04,0
102407,Prepaid,West,Store,26,9.84,10.06,1,3,9.84,0
102408,Prepaid,South,Web,60,15.49,8.52,0,2,15.49,0
102409,Business,West,Web,17,63.49,11.55,0,6,63.49,0
102410,Postpaid,South,App,23,22.59,7.72,1,4,22.59,0
102411,Business,North,App,11,47.35,24.69,0,0,52.68,0
102412,Postpaid,North,Partner,63,29.43,8.43,3,2,29.43,0
102413,Postpaid,West,Partner,63,44.06,12.11,3,1,44.1,0
102414,Postpaid,North,App,15,36.28,29.73,0,2,43.73,1
102415,Prepaid,West,Partner,39,20.23,10.11,1,2,20.23,0
102416,Prepaid,Central,Store,57,18.8,4.84,3,3,18.8,0
102417,Postpaid,West,App,44,29.46,9.66,1,3,29.46,0
102418,Prepaid,East,Web,47,14.63,7.04,0,5,14.63,0
102419,Business,South,App,19,66.28,31.95,0,1,74.66,0
102420,Prepaid,Central,App,3,12.13,10.19,2,4,12.13,1
102421,Prepaid,East,Partner,68,16.32,8.37,1,3,16.32,1
102422,Family,South,Store,66,40.31,10.69,1,3,40.31,0
102423,Prepaid,Central,App,68,22.5,11.16,0,0,22.5,0
102424,Family,South,Store,4,33.81,25.56,3,2,39.5,1
102425,Family,East,Store,49,37.27,29.2,3,2,44.5,1
102426,Prepaid,North,Store,19,13.82,7.01,1,2,13.82,0
102427,Postpaid,North,App,24,42.12,13.45,0,4,42.73,0
102428,Postpaid,South,App,30,33.18,16.14,0,2,34.92,0
102429,Family,West,Store,17,50.48,26.79,1,1,56.69,0
102430,Family,South,Store,43,43.53,10.19,1,3,43.53,0
102431,Postpaid,West,Partner,43,34.5,0.2,0,1,34.5,0
102432,Postpaid,West,App,67,24.7,5.25,2,3,24.7,0
102433,Prepaid,Central,Web,60,25.25,8.1,1,4,25.25,0
102434,Postpaid,North,Partner,51,16.87,11.16,2,3,16.87,0
102435,Business,West,App,70,48.03,33.8,0,4,57.19,0
102436,Postpaid,North,App,31,35.47,10.75,0,3,35.47,0
102437,Postpaid,West,Store,5,26.79,3.86,0,3,26.79,0
102438,Postpaid,South,Partner,64,22.98,16.03,1,7,24.67,0
102439,Family,West,App,25,37.93,5.15,1,2,37.93,0
102440,Business,South,App,33,54.49,15.28,0,4,55.87,0
102441,Prepaid,West,Web,29,16.68,9.51,3,4,16.68,0
102442,Prepaid,North,Web,66,16.38,11.39,1,4,16.38,0
102443,Postpaid,North,App,27,32.36,13.45,2,1,32.97,0
102444,Postpaid,West,App,50,26.56,23.3,0,1,31.3,0
102445,Postpaid,South,App,49,31.05,9.04,3,2,31.05,0
102446,Prepaid,West,Partner,41,17.63,5.34,1,1,17.63,1
102447,Postpaid,West,Web,40,37.48,5.24,0,2,37.48,1
102448,Postpaid,West,Store,6,34.28,9.35,4,5,34.28,1
102449,Postpaid,West,Web,65,27.84,10.75,1,1,27.84,0
102450,Postpaid,West,Store,25,31.83,6.25,0,2,31.83,0
102451,Family,Central,Partner,17,48.01,14.82,4,1,49.2,1
102452,Postpaid,North,App,16,37.05,0.2,0,2,37.05,0
102453,Family,East,App,29,48.99,35.25,0,4,58.75,0
102454,Postpaid,West,App,45,33.63,11.77,0,4,33.63,1
102455,Postpaid,South,App,39,26.75,25.09,0,2,32.25,0
102456,Postpaid,South,Web,61,33.53,12.87,0,3,33.9,0
102457,Prepaid,South,Store,59,19.78,8.27,3,2,19.78,0
102458,Prepaid,East,App,25,14.69,0.2,3,3,14.69,1
102459,Postpaid,South,Web,60,25.04,6.57,1,2,25.04,0
102460,Family,West,Store,50,39.13,20.38,1,0,42.65,1
102461,Postpaid,West,Store,62,34.56,20.04,2,1,37.94,1
102462,Prepaid,West,App,1,21.24,12.36,0,2,21.39,1
102463,Postpaid,South,Partner,38,34.58,21.79,1,4,38.69,0
102464,Prepaid,West,Web,46,11.71,0.78,2,3,11.71,0
102465,Family,West,Web,18,46.73,2.9,2,2,46.73,0
102466,Family,North,Web,48,32.65,10.87,3,0,32.65,1
102467,Postpaid,South,Store,53,32.33,8.24,0,1,32.33,0
102468,Postpaid,South,App,11,26.2,8.9,1,3,26.2,0
102469,Prepaid,Central,Web,69,18.02,6.45,1,1,18.02,0
102470,Postpaid,South,App,69,12.71,17.23,0,3,14.91,0
102471,Family,North,Partner,21,42.17,46.42,0,2,56.63,0
102472,Family,North,App,15,43.18,28.13,1,4,49.95,0
102473,Postpaid,North,App,15,28.76,17.87,0,1,31.22,0
102474,Postpaid,South,Store,3,30.21,24.6,2,3,35.5,0
102475,Prepaid,West,Store,2,22.72,4.67,4,3,22.72,1
102476,Prepaid,East,Web,23,17.71,9.57,3,3,17.71,1
102477,Prepaid,West,Web,48,22.02,2.81,2,3,22.02,0
102478,Postpaid,North,Web,50,40.1,26.85,1,0,46.34,0
102479,Business,East,Partner,40,52.07,32.42,2,4,60.64,0
102480,Postpaid,West,Store,47,40.62,12.76,0,3,40.94,0
102481,Prepaid,West,Store,10,19.84,7.2,1,0,19.84,1
102482,Prepaid,Central,Web,72,18.19,12.05,2,3,18.21,0
102483,Prepaid,South,App,15,13.26,4.0,1,1,13.26,0
102484,Family,East,App,27,49.09,11.61,1,1,49.09,0
102485,Postpaid,West,App,48,40.62,8.4,6,3,40.62,1
102486,Family,North,Web,10,43.81,8.7,1,2,43.81,0
102487,Family,West,Web,32,24.9,14.21,0,7,25.83,0
102488,Prepaid,South,App,68,24.84,16.17,3,4,26.59,1
102489,Postpaid,North,App,17,31.75,18.47,2,1,34.47,1
102490,Business,West,App,45,63.7,30.98,2,5,71.67,0
102491,Postpaid,West,Store,44,21.98,4.22,1,2,21.98,0
102492,Prepaid,Central,App,6,17.02,11.57,1,0,17.02,1
102493,Business,Central,Web,4,64.39,18.65,0,4,67.19,0
102494,Family,South,Partner,11,38.97,11.61,1,1,38.97,1
102495,Postpaid,West,Web,2,34.05,22.26,0,3,38.36,1
102496,Postpaid,Central,Web,39,25.91,13.72,1,0,26.63,1
102497,Prepaid,South,Partner,19,16.83,9.86,3,2,16.83,0
102498,Family,East,Web,44,35.34,21.52,1,5,39.34,0
102499,Postpaid,Central,Store,21,26.07,21.11,1,2,29.9,0
102500,Prepaid,North,Web,26,13.63,15.15,2,3,14.95,1
102501,Postpaid,Central,Store,8,28.49,12.45,0,1,28.68,0
102502,Business,East,App,58,62.57,23.61,4,8,67.44,0
102503,Family,Central,App,9,41.25,27.43,4,4,47.73,1
102504,Prepaid,West,Web,66,16.86,6.01,1,2,16.86,0
102505,Prepaid,West,Partner,13,24.51,15.14,0,2,25.83,1
102506,Business,West,Web,72,55.85,31.24,1,1,63.93,0
102507,Business,North,App,53,46.51,32.13,0,2,54.96,0
102508,Postpaid,West,Store,60,32.78,16.85,3,2,34.82,1
102509,Postpaid,Central,Web,59,32.6,14.13,0,1,33.5,0
102510,Postpaid,Central,Web,33,29.04,18.99,3,2,31.98,0
102511,Postpaid,Central,Store,14,31.71,7.88,1,1,31.71,1
102512,Prepaid,West,App,49,18.18,0.83,0,4,18.18,1
102513,Prepaid,West,App,48,14.04,3.16,1,7,14.04,1
102514,Prepaid,East,Partner,59,14.6,13.11,3,4,15.06,0
102515,Family,West,App,17,32.75,18.67,3,2,35.55,0
102516,Prepaid,West,Web,59,17.03,8.78,1,1,17.03,0
102517,Prepaid,North,App,64,14.31,8.86,0,1,14.31,0
102518,Postpaid,North,Partner,53,16.5,9.01,0,4,16.5,0
102519,Prepaid,West,Store,20,21.77,5.21,1,3,21.77,0
102520,Prepaid,South,Web,18,16.76,7.5,2,3,16.76,0
102521,Postpaid,South,Web,10,36.72,18.13,3,3,39.3,1
102522,Postpaid,North,Web,60,21.84,18.96,1,3,24.76,0
102523,Postpaid,West,Web,32,39.49,6.9,1,3,39.49,0
102524,Family,Central,App,23,35.53,23.97,3,4,40.56,1
102525,Prepaid,West,App,12,18.79,4.79,0,5,18.79,0
102526,Family,Central,App,36,47.04,36.1,0,4,57.16,0
102527,Family,Central,Web,15,27.15,8.51,0,2,27.15,1
102528,Family,South,Web,61,45.65,26.75,1,1,51.84,0
102529,Postpaid,North,App,25,31.42,31.2,0,4,39.48,0
102530,Postpaid,South,Web,33,35.64,11.14,2,5,35.64,0
102531,Postpaid,North,App,48,39.21,8.14,2,4,39.21,0
102532,Postpaid,East,App,51,26.29,10.29,1,2,26.29,1
102533,Prepaid,South,App,9,13.9,0.2,2,2,13.9,0
102534,Business,Central,Web,6,53.1,15.13,0,0,54.41,0
102535,Postpaid,West,App,21,32.12,26.08,5,3,38.03,1
102536,Family,South,Partner,54,35.4,19.01,2,1,38.34,1
102537,Postpaid,Central,Web,62,33.09,16.36,6,3,34.92,1
102538,Prepaid,Central,Store,71,11.86,14.07,0,2,12.73,0
102539,Postpaid,West,App,20,33.06,26.97,4,3,39.34,1
102540,Postpaid,West,Web,55,26.83,21.03,0,1,30.62,0
102541,Postpaid,Central,Web,13,31.45,25.64,0,1,37.18,0
102542,Prepaid,West,Store,14,15.38,12.18,0,1,15.46,1
102543,Prepaid,Central,App,39,8.63,7.94,1,4,8.63,0
102544,Postpaid,North,App,8,37.86,18.85,0,5,40.74,0
102545,Postpaid,East,App,3,26.92,22.91,1,3,31.5,1
102546,Business,East,App,72,62.39,22.97,2,1,67.0,0
102547,Prepaid,North,Web,58,20.55,7.77,0,2,20.55,0
102548,Prepaid,North,App,49,18.79,3.67,0,3,18.79,0
102549,Prepaid,North,Web,17,24.64,8.7,1,1,24.64,0
102550,Postpaid,South,Store,6,34.33,24.81,1,2,39.71,0
102551,Postpaid,North,Store,10,22.61,7.74,1,0,22.61,0
102552,Postpaid,East,Partner,31,19.89,1.98,1,4,19.89,1
102553,Business,West,Store,59,50.72,38.89,1,0,62.01,0
102554,Prepaid,West,App,43,27.63,7.58,2,1,27.63,0
102555,Postpaid,West,Store,61,36.21,7.95,2,2,36.21,1
102556,Prepaid,North,Store,66,15.15,6.08,2,4,15.15,0
102557,Prepaid,West,Web,53,11.1,16.22,2,3,12.87,0
102558,Postpaid,North,Web,8,30.78,4.78,0,3,30.78,0
102559,Prepaid,South,Web,17,16.06,7.57,1,3,16.06,1
102560,Postpaid,East,Partner,25,39.71,16.32,1,1,41.52,1
102561,Postpaid,Central,App,38,36.94,22.38,2,2,41.3,1
102562,Family,Central,App,58,31.44,6.23,1,2,31.44,0
102563,Postpaid,West,App,70,24.61,21.87,3,2,28.76,1
102564,Postpaid,West,Web,71,27.82,6.09,2,5,27.82,0
102565,Postpaid,East,App,35,28.86,14.56,4,3,29.93,1
102566,Prepaid,West,App,72,19.8,5.11,1,4,19.8,0
102567,Prepaid,North,Partner,69,11.34,0.2,2,1,11.34,0
102568,Postpaid,South,App,12,28.88,17.94,1,3,31.37,1
102569,Business,Central,App,49,53.97,14.73,1,1,55.12,0
102570,Prepaid,Central,App,32,25.08,10.44,1,3,25.08,0
102571,Postpaid,South,App,61,21.69,19.87,3,3,24.99,1
102572,Family,South,App,63,35.23,18.16,0,3,37.82,0
102573,Family,South,App,14,39.95,22.2,3,0,44.23,0
102574,Postpaid,East,App,44,19.85,21.7,2,0,23.93,0
102575,Postpaid,South,Web,67,30.2,8.63,1,2,30.2,0
102576,Postpaid,West,App,49,28.41,11.01,3,1,28.41,0
102577,Family,North,Web,62,28.16,25.49,2,1,33.82,1
102578,Prepaid,North,Web,53,16.54,8.8,1,1,16.54,1
102579,Business,South,Web,57,47.69,29.45,1,1,55.02,0
102580,Prepaid,West,Partner,62,21.74,1.4,1,2,21.74,0
102581,Family,South,Store,68,43.81,17.2,2,2,46.0,1
102582,Prepaid,East,App,15,14.94,11.45,1,2,14.94,0
102583,Prepaid,West,App,57,24.03,14.24,0,3,24.97,0
102584,Prepaid,West,App,28,17.88,11.29,2,2,17.88,0
102585,Postpaid,South,Web,42,30.7,20.65,1,2,34.33,1
102586,Prepaid,West,Store,48,22.56,6.63,2,3,22.56,0
102587,Prepaid,South,App,47,19.96,4.01,0,4,19.96,1
102588,Postpaid,West,App,15,22.25,17.29,0,4,24.47,0
102589,Postpaid,East,Partner,60,25.22,8.55,2,3,25.22,0
102590,Family,Central,Store,52,38.52,23.84,2,2,43.5,0
102591,Family,Central,App,54,33.99,5.3,1,3,33.99,1
102592,Postpaid,West,Partner,45,28.95,7.42,1,2,28.95,0
102593,Prepaid,Central,Web,43,15.9,6.79,1,6,15.9,0
102594,Prepaid,North,Store,20,19.22,6.0,3,1,19.22,1
102595,Family,West,Store,44,33.05,1.78,1,4,33.05,0
102596,Prepaid,North,Web,21,17.12,8.1,3,2,17.12,0
102597,Postpaid,South,App,64,28.81,4.92,1,2,28.81,1
102598,Business,East,Partner,4,72.78,15.94,3,1,74.43,1
102599,Business,West,Web,1,64.7,9.43,1,1,64.7,0
102600,Postpaid,West,Web,53,28.46,6.55,2,2,28.46,1
102601,Postpaid,Central,Web,52,22.36,9.36,1,2,22.36,0
102602,Postpaid,East,Partner,41,32.9,13.0,2,6,33.31,0
102603,Family,Central,App,41,37.98,10.95,0,2,37.98,0
102604,Prepaid,Central,App,3,22.93,14.98,1,3,24.18,0
102605,Prepaid,Central,Web,61,19.59,10.03,1,5,19.59,0
102606,Postpaid,South,App,61,32.01,13.29,0,4,32.55,0
102607,Prepaid,East,Web,15,26.01,8.23,0,2,26.01,0
102608,Postpaid,West,Store,2,40.88,16.19,1,9,42.65,1
102609,Postpaid,Central,App,38,39.16,19.23,2,0,42.2,1
102610,Family,North,App,19,33.36,14.24,1,1,34.3,0
102611,Family,South,Web,10,38.15,22.37,0,4,42.51,1
102612,Postpaid,South,App,9,35.81,25.19,0,2,41.35,0
102613,Family,South,App,48,42.63,3.44,1,0,42.63,0
102614,Prepaid,West,Store,26,20.82,10.89,0,6,20.82,1
102615,Postpaid,North,App,55,26.11,7.84,1,4,26.11,0
102616,Prepaid,South,Web,23,21.83,4.86,0,5,21.83,1
102617,Family,West,Partner,45,42.44,25.64,0,4,48.17,1
102618,Family,South,Web,20,35.34,14.06,1,3,36.21,1
102619,Family,North,Store,40,42.17,26.95,0,5,48.44,1
102620,Family,West,App,51,46.59,24.18,1,1,51.7,0
102621,Business,East,Partner,25,43.84,17.53,1,2,46.17,1
102622,Prepaid,Central,Web,64,17.64,9.6,1,1,17.64,0
102623,Business,West,Web,47,43.41,19.42,1,5,46.53,1
102624,Postpaid,Central,App,15,33.15,14.03,1,4,34.01,0
102625,Postpaid,North,App,65,25.66,13.42,0,2,26.26,0
102626,Postpaid,West,App,36,31.87,21.07,0,2,35.68,1
102627,Postpaid,East,App,52,36.36,0.2,0,1,36.36,0
102628,Prepaid,West,App,25,20.51,4.32,3,1,20.51,0
102629,Prepaid,East,Partner,2,14.84,19.26,2,2,17.88,1
102630,Prepaid,South,App,41,19.27,14.47,1,3,20.31,0
102631,Postpaid,North,App,37,27.2,19.65,1,4,30.41,0
102632,Family,West,Partner,53,40.83,15.17,2,6,42.16,1
102633,Postpaid,West,Partner,54,31.77,13.35,3,3,32.34,1
102634,Postpaid,North,App,50,27.68,7.83,1,5,27.68,0
102635,Postpaid,West,App,37,29.96,20.11,1,1,33.36,0
102636,Postpaid,West,Web,1,35.42,0.88,0,4,35.42,0
102637,Prepaid,East,Partner,43,21.72,12.31,2,2,21.85,1
102638,Family,South,Web,69,28.15,2.69,0,3,28.15,0
102639,Prepaid,Central,Store,66,19.71,3.4,1,4,19.71,1
102640,Postpaid,West,Web,6,31.36,23.14,1,2,36.04,0
102641,Family,West,Web,63,33.51,19.58,0,3,36.69,0
102642,Postpaid,West,App,11,22.43,16.16,2,3,24.18,0
102643,Family,West,App,6,33.52,29.27,0,5,40.78,1
102644,Prepaid,North,Web,2,18.71,2.31,1,2,18.71,1
102645,Family,Central,Web,37,31.85,20.02,0,5,35.22,1
102646,Family,South,App,13,42.34,0.68,1,0,42.34,0
102647,Family,West,Web,45,47.43,27.93,1,2,54.12,1
102648,Postpaid,Central,Web,34,35.69,6.86,2,4,35.69,1
102649,Family,West,App,62,41.75,20.04,4,1,45.13,1
102650,Business,West,App,16,31.54,15.06,0,2,32.82,0
102651,Postpaid,North,App,20,27.19,8.4,1,6,27.19,0
102652,Family,East,Partner,38,47.15,15.12,2,1,48.46,1
102653,Family,West,App,11,34.38,12.95,0,6,34.78,0
102654,Postpaid,North,Web,33,28.46,17.58,2,4,30.8,1
102655,Business,North,Store,43,54.69,16.68,1,2,56.65,0
102656,Postpaid,Central,Partner,45,20.44,11.25,0,0,20.44,0
102657,Postpaid,South,Partner,34,29.23,11.08,1,3,29.23,0
102658,Prepaid,South,Partner,8,21.21,14.3,0,4,22.18,1
102659,Prepaid,South,Web,19,16.81,9.95,1,1,16.81,1
102660,Family,West,App,6,39.27,17.35,3,2,41.51,1
102661,Postpaid,East,App,68,36.59,10.95,1,2,36.59,0
102662,Postpaid,West,App,42,34.18,21.23,0,3,38.06,1
102663,Prepaid,East,Web,23,12.46,0.2,2,4,12.46,1
102664,Postpaid,North,App,22,35.89,21.52,0,3,39.89,1
102665,Family,East,App,4,39.38,18.55,1,1,42.13,1
102666,Family,North,App,35,29.44,32.74,1,1,38.15,1
102667,Prepaid,West,Web,5,10.84,9.73,3,4,10.84,0
102668,Postpaid,North,App,51,30.65,29.13,1,8,37.84,1
102669,Postpaid,South,App,15,26.71,7.29,1,5,26.71,1
102670,Postpaid,East,Store,8,31.2,7.65,1,4,31.2,0
102671,Postpaid,North,Store,9,33.84,15.09,1,2,35.14,0
102672,Postpaid,East,Partner,3,30.84,18.39,2,2,33.53,1
102673,Postpaid,East,Web,29,30.14,13.63,0,4,30.82,0
102674,Postpaid,Central,Web,5,30.22,14.98,0,5,31.47,0
102675,Postpaid,North,App,6,41.62,20.74,1,1,45.29,0
102676,Postpaid,East,App,16,31.68,12.8,2,5,32.01,0
102677,Family,West,Web,41,40.1,15.14,1,5,41.42,1
102678,Family,North,App,16,53.64,9.75,0,4,53.64,0
102679,Postpaid,West,Web,30,36.42,16.39,0,2,38.26,1
102680,Family,Central,Partner,31,37.64,8.06,3,3,37.64,1
102681,Family,West,App,44,43.93,6.97,0,1,43.93,0
102682,Prepaid,Central,Web,4,19.44,9.64,0,4,19.44,0
102683,Postpaid,West,App,72,24.93,9.29,1,4,24.93,1
102684,Prepaid,South,App,7,10.79,4.81,0,4,10.79,0
102685,Family,Central,App,72,27.67,31.74,0,2,35.96,0
102686,Prepaid,South,Web,21,19.83,8.79,0,2,19.83,0
102687,Postpaid,East,Partner,31,22.58,5.63,1,4,22.58,1
102688,Prepaid,West,App,5,17.74,3.16,1,3,17.74,0
102689,Postpaid,Central,Web,27,29.51,11.71,1,3,29.51,1
102690,Business,Central,App,65,73.59,40.11,3,5,85.4,1
102691,Postpaid,North,App,50,32.29,15.05,1,2,33.57,0
102692,Family,West,Store,45,42.79,24.42,3,4,48.01,1
102693,Business,South,Web,27,59.14,36.72,2,5,69.52,0
102694,Family,West,Web,67,42.91,21.37,0,2,46.84,0
102695,Prepaid,West,Partner,57,24.99,6.09,3,4,24.99,1
102696,Family,North,App,19,27.74,22.14,0,4,32.0,0
102697,Prepaid,West,Store,44,21.67,14.28,3,4,22.62,0
102698,Postpaid,East,App,29,30.32,21.14,0,5,34.16,1
102699,Family,East,Web,15,41.45,12.5,0,4,41.66,0
102700,Postpaid,Central,App,48,29.19,18.26,0,7,31.82,1
102701,Postpaid,West,App,30,42.56,17.49,1,5,44.86,0
102702,Postpaid,East,Web,8,42.32,9.02,1,5,42.32,0
102703,Family,North,App,63,34.06,20.38,1,7,37.59,0
102704,Postpaid,North,Web,44,36.67,8.84,1,5,36.67,0
102705,Postpaid,North,Partner,40,27.56,11.46,3,2,27.56,0
102706,Family,South,Store,72,35.58,9.3,1,2,35.58,0
102707,Prepaid,South,Store,52,25.42,9.32,2,6,25.42,0
102708,Prepaid,East,Partner,71,15.89,10.21,1,2,15.89,0
102709,Postpaid,West,Web,52,21.3,6.8,2,3,21.3,0
102710,Business,North,App,13,56.77,15.3,1,2,58.16,1
102711,Prepaid,West,Web,35,15.48,2.33,2,1,15.48,1
102712,Prepaid,Central,Store,37,15.54,11.82,3,3,15.54,0
102713,Prepaid,North,Web,22,18.98,3.36,2,3,18.98,1
102714,Family,West,Store,23,38.46,27.06,1,3,44.79,0
102715,Prepaid,North,App,43,12.18,7.93,3,6,12.18,0
102716,Postpaid,East,Web,30,19.84,13.29,0,3,20.38,0
102717,Business,West,App,9,47.86,21.37,2,3,51.79,0
102718,Prepaid,North,Partner,42,26.79,18.11,1,0,29.36,0
102719,Postpaid,South,Web,44,30.35,10.46,1,2,30.35,0
102720,Postpaid,Central,Partner,59,37.06,16.99,2,0,39.16,0
102721,Family,South,App,8,48.54,17.95,1,3,51.04,0
102722,Postpaid,West,App,33,23.77,23.62,3,2,28.65,0
102723,Postpaid,West,App,65,43.33,17.48,0,2,45.63,0
102724,Prepaid,North,App,20,18.82,8.99,1,1,18.82,0
102725,Family,West,App,54,29.0,38.61,1,1,40.17,1
102726,Family,East,Store,25,45.24,5.97,1,1,45.24,0
102727,Prepaid,North,App,14,21.96,10.1,3,2,21.96,1
102728,Postpaid,Central,Partner,52,36.58,16.57,2,4,38.5,0
102729,Family,East,App,57,37.45,23.88,2,1,42.44,0
102730,Prepaid,West,App,66,17.22,12.06,2,1,17.24,0
102731,Prepaid,South,Web,53,11.29,13.59,4,3,11.96,0
102732,Postpaid,North,App,23,38.6,6.54,1,2,38.6,0
102733,Prepaid,West,Web,53,14.43,7.87,1,4,14.43,1
102734,Prepaid,West,Web,3,17.55,13.15,1,3,18.03,0
102735,Postpaid,South,Web,25,30.09,7.18,1,4,30.09,0
102736,Prepaid,West,Web,16,23.77,6.04,1,8,23.77,1
102737,Postpaid,East,Web,38,40.27,21.12,0,0,44.1,0
102738,Postpaid,South,Partner,50,27.29,18.17,2,1,29.88,1
102739,Postpaid,West,App,43,27.78,10.38,1,3,27.78,0
102740,Prepaid,West,Store,14,23.2,1.79,1,2,23.2,0
102741,Family,East,Web,28,27.9,6.28,1,2,27.9,0
102742,Prepaid,West,App,7,17.93,9.56,1,1,17.93,1
102743,Family,East,Store,41,39.87,22.77,1,3,44.39,0
102744,Postpaid,Central,Web,54,22.09,15.42,1,1,23.53,0
102745,Family,West,App,18,40.24,7.9,1,3,40.24,1
102746,Prepaid,South,App,39,21.93,8.54,3,6,21.93,1
102747,Prepaid,East,Web,63,12.97,7.19,1,3,12.97,1
102748,Postpaid,Central,App,9,30.11,15.17,3,3,31.44,0
102749,Prepaid,Central,App,70,9.45,9.54,0,4,9.45,0
102750,Prepaid,North,Web,24,28.04,0.2,0,2,28.04,0
102751,Family,South,Web,24,29.48,23.15,0,0,34.17,0
102752,Family,South,Store,52,34.22,25.37,2,3,39.83,0
102753,Prepaid,Central,App,25,12.04,5.55,0,4,12.04,0
102754,Family,Central,App,30,40.7,31.04,1,1,48.69,0
102755,Family,West,Web,16,25.18,12.69,0,1,25.47,0
102756,Family,South,App,10,37.96,21.42,0,1,41.92,0
102757,Postpaid,Central,Partner,63,23.6,11.69,2,1,23.6,0
102758,Postpaid,North,Web,8,28.94,10.91,1,1,28.94,0
102759,Postpaid,East,App,12,38.22,10.2,0,2,38.22,0
102760,Postpaid,South,Store,60,34.86,20.35,0,4,38.36,0
102761,Family,East,Partner,58,43.11,26.43,1,3,49.17,0
102762,Prepaid,East,Web,16,9.78,9.05,0,3,9.78,0
102763,Prepaid,South,Store,60,20.08,0.77,2,0,20.08,1
102764,Prepaid,South,App,53,17.86,3.31,3,0,17.86,1
102765,Business,West,Web,23,53.34,33.11,0,0,62.2,0
102766,Postpaid,North,Web,6,30.91,9.71,1,1,30.91,0
102767,Postpaid,East,Store,56,29.36,8.38,2,2,29.36,1
102768,Family,North,App,50,30.16,22.78,2,7,34.69,1
102769,Business,South,Partner,33,57.55,26.29,0,2,63.55,1
102770,Prepaid,South,Store,20,17.26,4.17,0,2,17.26,0
102771,Family,West,App,26,35.92,15.03,1,1,37.19,0
102772,Family,East,App,20,33.75,22.66,1,6,38.23,0
102773,Prepaid,South,App,65,23.35,8.71,1,2,23.35,0
102774,Family,West,Store,15,42.74,13.31,1,5,43.29,0
102775,Postpaid,North,App,33,24.76,14.15,0,2,25.67,0
102776,Postpaid,West,Store,47,34.49,7.84,1,3,34.49,1
102777,Postpaid,South,App,4,35.59,12.08,1,4,35.62,0
102778,Prepaid,Central,App,37,23.91,9.92,0,3,23.91,0
102779,Prepaid,North,App,46,24.01,10.52,2,1,24.01,1
102780,Prepaid,East,App,38,31.29,8.36,2,2,31.29,1
102781,Prepaid,West,App,48,17.57,4.94,3,2,17.57,1
102782,Postpaid,East,App,36,34.75,6.62,0,4,34.75,0
102783,Postpaid,West,Web,46,26.19,5.4,0,0,26.19,0
102784,Prepaid,North,Store,71,13.1,9.55,0,3,13.1,0
102785,Postpaid,East,Web,26,28.4,0.2,1,2,28.4,1
102786,Postpaid,Central,App,26,29.12,26.95,1,3,35.4,1
102787,Postpaid,Central,App,49,31.44,12.1,0,6,31.48,1
102788,Business,East,App,7,48.85,34.42,1,2,58.27,1
102789,Postpaid,East,Store,21,27.16,12.32,2,3,27.3,1
102790,Family,West,Store,12,43.4,12.9,0,1,43.78,0
102791,Prepaid,West,Web,34,18.23,8.34,1,3,18.23,1
102792,Family,Central,Store,9,39.88,23.96,1,4,44.9,0
102793,Business,Central,App,16,54.55,13.98,0,2,55.39,0
102794,Family,East,App,31,42.55,27.96,3,2,49.25,0
102795,Postpaid,West,Partner,45,28.36,8.88,1,3,28.36,1
102796,Postpaid,East,App,31,25.43,15.4,4,4,26.85,1
102797,Postpaid,North,App,59,28.29,10.32,0,1,28.29,0
102798,Postpaid,West,App,58,31.29,21.89,2,3,35.45,0
102799,Family,West,Partner,8,30.21,20.4,1,5,33.73,0
102800,Business,North,Partner,51,38.92,27.19,1,8,45.3,0
102801,Postpaid,West,App,2,48.85,7.55,1,2,48.85,0
102802,Prepaid,South,App,13,14.51,3.92,1,0,14.51,1
102803,Postpaid,North,Web,55,27.28,17.56,1,2,29.62,0
102804,Prepaid,West,App,42,22.97,6.32,3,3,22.97,1
102805,Prepaid,West,App,24,18.31,13.17,1,2,18.8,0
102806,Prepaid,East,Store,12,11.52,4.79,1,2,11.52,0
102807,Family,North,App,24,31.61,29.42,0,2,38.93,0
102808,Prepaid,East,App,57,13.98,5.83,3,1,13.98,1
102809,Prepaid,North,Web,41,18.98,9.98,2,0,18.98,0
102810,Prepaid,Central,Web,10,26.6,9.97,0,6,26.6,0
102811,Family,South,Store,36,28.39,9.96,2,4,28.39,0
102812,Postpaid,Central,App,15,22.91,9.22,2,4,22.91,1
102813,Prepaid,North,App,9,25.46,10.49,1,4,25.46,1
102814,Prepaid,North,Partner,7,17.38,5.25,2,1,17.38,0
102815,Postpaid,East,App,55,40.67,16.7,0,2,42.65,0
102816,Prepaid,West,App,12,17.11,8.26,4,1,17.11,0
102817,Postpaid,Central,App,13,23.64,19.49,1,0,26.79,1
102818,Postpaid,East,App,63,30.49,25.05,1,0,35.97,0
102819,Business,South,Store,60,47.71,18.38,1,2,50.39,1
102820,Prepaid,North,App,37,18.17,4.77,2,1,18.17,0
102821,Postpaid,East,Web,56,28.02,17.12,0,1,30.17,0
102822,Prepaid,South,App,2,27.52,0.94,1,0,27.52,0
102823,Business,Central,Web,13,45.08,26.35,1,2,51.11,1
102824,Business,East,Store,26,58.13,38.83,2,0,69.4,0
102825,Family,West,App,55,36.76,16.15,2,2,38.5,1
102826,Postpaid,Central,Web,7,26.15,25.08,1,3,31.65,0
102827,Prepaid,North,Partner,48,14.26,16.12,0,3,15.99,0
102828,Family,East,App,6,37.86,8.6,0,1,37.86,0
102829,Family,Central,Web,71,31.99,19.05,1,1,34.95,0
102830,Prepaid,East,Store,16,13.98,12.95,2,1,14.37,1
102831,Postpaid,East,Web,52,39.62,16.75,1,5,41.61,0
102832,Postpaid,Central,App,45,36.89,19.05,0,5,39.85,0
102833,Family,South,App,29,33.95,9.8,2,1,33.95,0
102834,Postpaid,Central,App,55,36.59,7.65,0,1,36.59,1
102835,Postpaid,South,App,45,27.45,17.98,2,2,29.96,0
102836,Postpaid,West,App,33,34.12,18.57,1,4,36.88,0
102837,Prepaid,South,Web,48,20.7,10.9,3,6,20.7,0
102838,Postpaid,East,App,21,33.54,12.47,1,3,33.74,0
102839,Prepaid,North,App,54,14.2,10.43,2,2,14.2,0
102840,Family,North,App,51,38.58,30.22,2,4,46.23,0
102841,Postpaid,East,App,34,19.59,11.14,0,0,19.59,0
102842,Postpaid,South,Web,48,26.58,14.49,0,0,27.62,1
102843,Prepaid,West,Web,60,13.17,0.2,4,4,13.17,0
102844,Prepaid,North,App,47,13.8,8.11,1,4,13.8,0
102845,Postpaid,North,App,21,26.17,0.23,1,2,26.17,0
102846,Prepaid,South,App,20,19.19,3.46,4,4,19.19,0
102847,Prepaid,East,Partner,70,11.04,2.14,1,4,11.04,0
102848,Family,South,App,59,27.41,14.89,0,4,28.62,0
102849,Postpaid,North,App,23,31.59,11.86,0,0,31.59,0
102850,Postpaid,West,App,52,33.43,7.21,1,1,33.43,0
102851,Postpaid,West,App,3,32.55,5.04,1,2,32.55,1
102852,Family,West,App,50,43.85,23.53,1,3,48.69,0
102853,Prepaid,South,Partner,15,16.21,5.97,1,3,16.21,1
102854,Family,Central,App,23,36.37,11.81,1,3,36.37,0
102855,Business,West,App,67,63.04,35.26,0,2,72.81,0
102856,Postpaid,West,App,11,27.08,0.52,1,4,27.08,1
102857,Postpaid,South,App,57,31.58,23.63,2,2,36.47,0
102858,Family,South,Partner,30,44.8,15.25,0,4,46.17,1
102859,Postpaid,East,Web,32,31.33,20.31,1,1,34.82,0
102860,Postpaid,South,Partner,34,31.08,2.92,1,3,31.08,0
102861,Postpaid,West,Web,66,35.77,32.91,2,1,44.56,0
102862,Prepaid,South,Store,37,9.43,8.47,5,2,9.43,1
102863,Prepaid,North,Store,18,14.65,7.0,0,2,14.65,0
102864,Postpaid,North,Store,1,41.15,14.36,2,0,42.14,0
102865,Prepaid,North,Web,17,20.69,14.76,1,3,21.85,0
102866,Postpaid,East,Web,12,31.55,16.96,0,4,33.63,0
102867,Postpaid,North,Store,10,29.76,4.78,0,2,29.76,0
102868,Business,East,Store,72,50.53,24.51,0,4,55.78,0
102869,Prepaid,South,Web,32,18.81,3.1,1,4,18.81,0
102870,Postpaid,East,App,72,25.45,14.66,0,0,26.57,0
102871,Postpaid,Central,Store,38,27.03,12.76,2,1,27.35,0
102872,Prepaid,Central,Store,16,15.87,12.71,1,4,16.17,1
102873,Prepaid,East,Store,11,19.58,12.29,3,1,19.7,0
102874,Prepaid,East,Store,55,8.76,6.35,1,2,8.76,0
102875,Prepaid,West,Web,9,8.0,8.82,1,5,8.0,1
102876,Prepaid,Central,Web,4,10.71,10.62,0,2,10.71,1
102877,Postpaid,East,App,29,31.39,16.83,4,7,33.42,0
102878,Postpaid,North,App,23,32.89,16.56,2,1,34.81,0
102879,Prepaid,West,App,17,12.97,5.24,0,4,12.97,0
102880,Prepaid,North,App,38,13.53,7.36,0,2,13.53,0
102881,Prepaid,West,App,42,21.16,6.98,2,2,21.16,0
102882,Postpaid,North,Web,32,23.25,16.01,0,1,24.93,0
102883,Prepaid,North,Web,38,18.9,5.5,1,1,18.9,1
102884,Postpaid,West,App,49,36.19,15.92,2,0,37.84,0
102885,Prepaid,West,Web,12,11.77,9.88,1,2,11.77,1
102886,Prepaid,East,App,27,26.97,3.22,1,1,26.97,1
102887,Business,West,Web,1,55.56,40.13,0,2,67.38,0
102888,Prepaid,Central,Store,70,27.49,3.77,1,2,27.49,0
102889,Prepaid,East,Web,47,20.73,3.75,1,5,20.73,0
102890,Prepaid,Central,App,58,19.36,14.51,2,4,20.42,1
102891,Business,South,App,56,68.12,25.51,0,3,73.8,0
102892,Postpaid,North,App,1,24.67,21.47,1,0,28.64,1
102893,Postpaid,Central,Web,36,29.25,11.02,1,0,29.25,0
102894,Business,East,Partner,63,45.73,30.21,0,2,53.38,0
102895,Prepaid,Central,Store,42,11.49,8.07,0,4,11.49,1
102896,Business,North,Web,44,46.0,24.28,2,1,51.15,1
102897,Prepaid,North,App,70,22.61,7.75,0,5,22.61,0
102898,Postpaid,North,Web,54,32.46,17.33,1,1,34.7,0
102899,Postpaid,West,Web,56,25.81,10.47,4,3,25.81,0
102900,Postpaid,West,App,58,30.55,12.25,5,0,30.66,1
102901,Business,South,Store,25,56.21,22.48,1,2,60.61,0
102902,Prepaid,North,App,71,18.72,5.28,1,4,18.72,0
102903,Business,South,App,62,37.82,24.41,2,1,43.03,1
102904,Postpaid,South,App,3,36.95,7.15,2,2,36.95,1
102905,Postpaid,West,Web,40,29.37,27.35,1,5,35.82,0
102906,Business,West,Web,18,48.86,28.5,1,0,55.79,0
102907,Prepaid,North,App,38,23.16,15.68,1,5,24.71,1
102908,Business,East,Partner,59,45.58,0.2,0,1,45.58,0
102909,Postpaid,West,Web,50,29.67,0.2,4,0,29.67,0
102910,Postpaid,South,Store,58,17.29,7.23,0,3,17.29,0
102911,Prepaid,South,Partner,31,21.27,11.48,0,2,21.27,1
102912,Postpaid,West,Partner,6,26.78,13.78,1,3,27.52,1
102913,Postpaid,South,App,64,29.76,12.38,1,3,29.92,0
102914,Postpaid,North,Partner,6,25.86,4.49,0,1,25.86,0
102915,Prepaid,South,Store,13,16.13,9.6,2,3,16.13,1
102916,Prepaid,West,App,53,14.7,5.57,0,0,14.7,0
102917,Family,South,App,31,41.48,31.7,0,3,49.75,1
102918,Prepaid,West,Web,35,25.67,7.11,0,3,25.67,0
102919,Postpaid,East,Partner,5,39.44,20.47,0,2,43.0,0
102920,Business,East,Store,13,52.29,33.75,0,4,61.43,0
102921,Prepaid,West,Store,51,17.01,8.87,1,3,17.01,0
102922,Prepaid,South,App,41,18.35,10.91,2,0,18.35,1
102923,Postpaid,South,Web,20,29.48,5.83,2,3,29.48,0
102924,Prepaid,North,App,29,10.31,0.76,0,6,10.31,0
102925,Postpaid,West,Store,31,43.28,11.74,1,1,43.28,0
102926,Postpaid,East,Store,67,38.97,8.16,1,3,38.97,0
102927,Postpaid,West,App,64,33.9,14.77,2,1,35.06,0
102928,Postpaid,East,Partner,35,31.31,17.03,0,1,33.42,0
102929,Postpaid,East,Partner,14,34.92,6.24,0,4,34.92,0
102930,Postpaid,South,Store,41,33.55,13.73,0,4,34.28,0
102931,Prepaid,North,Web,1,29.12,6.98,0,2,29.12,0
102932,Postpaid,West,Web,47,23.78,6.29,2,2,23.78,0
102933,Family,North,App,42,43.39,23.09,0,4,48.04,0
102934,Postpaid,Central,App,65,34.9,19.2,0,2,37.93,0
102935,Postpaid,North,Web,32,38.9,15.99,1,3,40.58,0
102936,Prepaid,East,Store,41,11.73,10.65,2,4,11.73,0
102937,Prepaid,North,Web,4,18.02,9.8,0,4,18.02,1
102938,Prepaid,West,Store,60,18.19,9.96,0,1,18.19,0
102939,Prepaid,South,Web,22,24.64,13.4,1,6,25.23,1
102940,Business,East,App,55,66.32,33.25,0,0,75.25,1
102941,Prepaid,Central,App,18,17.27,8.66,2,1,17.27,1
102942,Family,West,App,26,42.1,19.99,2,0,45.45,0
102943,Prepaid,North,App,19,14.92,15.42,0,5,16.36,0
102944,Prepaid,West,Web,65,14.02,5.58,1,3,14.02,0
102945,Postpaid,East,Web,57,32.82,5.92,2,4,32.82,0
102946,Prepaid,North,App,51,20.79,3.62,0,6,20.79,0
102947,Family,East,Store,22,37.0,23.79,0,3,41.95,0
102948,Business,West,App,53,50.19,34.27,1,3,59.54,0
102949,Family,East,Store,36,54.76,21.54,1,5,58.77,0
102950,Prepaid,West,Partner,52,14.97,8.91,2,1,14.97,0
102951,Family,West,App,20,35.73,1.27,2,4,35.73,0
102952,Prepaid,East,Web,39,14.33,0.45,1,4,14.33,1
102953,Family,South,App,69,32.06,7.21,2,3,32.06,0
102954,Postpaid,West,App,6,37.13,15.38,1,3,38.55,1
102955,Prepaid,South,Web,56,21.9,7.53,1,4,21.9,0
102956,Prepaid,North,Web,51,13.2,14.48,0,1,14.24,0
102957,Prepaid,South,Store,31,24.96,7.04,2,0,24.96,0
102958,Prepaid,Central,Web,66,21.77,9.45,1,3,21.77,0
102959,Family,South,Web,53,30.97,9.57,1,4,30.97,0
102960,Family,South,Store,38,34.28,29.2,2,1,41.5,0
102961,Business,North,App,23,64.58,33.44,1,8,73.59,1
102962,Prepaid,North,App,50,15.89,3.59,1,3,15.89,0
102963,Postpaid,Central,Store,6,25.08,21.76,2,3,29.17,0
102964,Prepaid,East,Web,19,15.78,10.51,1,3,15.78,1
102965,Postpaid,West,App,31,33.46,10.74,0,3,33.46,0
102966,Prepaid,West,App,17,20.29,7.03,0,2,20.29,1
102967,Prepaid,South,App,41,13.01,7.01,1,1,13.01,0
102968,Postpaid,West,App,63,29.38,9.29,0,4,29.38,1
102969,Prepaid,Central,Store,26,21.4,14.68,0,7,22.53,0
102970,Postpaid,West,Web,30,35.57,4.82,1,1,35.57,0
102971,Postpaid,West,Web,29,31.34,23.94,1,3,36.36,0
102972,Prepaid,East,Partner,53,13.77,0.2,0,2,13.77,0
102973,Business,Central,Web,52,48.59,28.1,3,2,55.35,1
102974,Postpaid,North,App,17,40.05,16.6,3,4,41.98,0
102975,Family,West,Web,65,42.09,10.06,2,2,42.09,1
102976,Postpaid,South,Web,47,22.66,15.62,0,2,24.18,0
102977,Postpaid,East,Web,65,22.11,15.6,0,3,23.62,0
102978,Postpaid,Central,Store,64,28.32,17.05,3,1,30.44,0
102979,Family,West,Store,42,28.38,21.7,1,1,32.46,0
102980,Postpaid,North,App,51,15.65,8.31,1,1,15.65,1
102981,Prepaid,West,App,46,10.93,5.78,0,4,10.93,0
102982,Prepaid,Central,App,44,18.92,10.33,0,3,18.92,0
102983,Postpaid,West,App,39,38.3,17.6,0,8,40.65,0
102984,Prepaid,Central,Partner,17,18.19,10.79,2,3,18.19,0
102985,Prepaid,West,App,27,20.16,3.5,1,4,20.16,0
102986,Prepaid,Central,App,51,21.52,6.14,1,2,21.52,0
102987,Postpaid,South,Web,54,30.5,27.11,0,3,36.85,0
102988,Prepaid,East,Web,34,24.48,4.84,1,5,24.48,0
102989,Postpaid,Central,Store,9,43.03,3.5,1,2,43.03,0
102990,Family,Central,App,10,30.29,22.85,2,1,34.85,0
102991,Family,North,App,65,35.31,10.66,0,5,35.31,1
102992,Prepaid,North,Web,10,16.74,8.98,2,2,16.74,0
102993,Postpaid,South,Web,21,30.68,14.74,1,1,31.83,0
102994,Postpaid,West,App,5,32.46,16.79,1,0,34.47,0
102995,Postpaid,Central,Partner,16,28.79,16.32,1,1,30.6,0
102996,Postpaid,East,Web,61,22.72,4.03,0,4,22.72,0
102997,Prepaid,North,Web,20,31.67,13.89,1,2,32.46,1
102998,Business,South,App,61,58.09,18.64,1,3,60.88,1
102999,Prepaid,Central,Partner,59,18.69,3.52,2,3,18.69,1
103000,Family,South,Store,51,45.01,16.28,0,2,46.81,0
103001,Postpaid,North,App,20,30.57,13.8,2,2,31.33,1
103002,Prepaid,South,App,72,16.77,5.33,1,4,16.77,1
103003,Family,West,App,44,32.8,23.08,0,2,37.46,0
103004,Prepaid,East,App,56,15.53,0.32,1,5,15.53,0
103005,Family,North,App,25,39.46,16.81,1,1,41.48,0
103006,Postpaid,South,App,48,31.77,11.53,1,3,31.77,0
103007,Prepaid,Central,Store,48,9.1,16.25,1,0,10.89,0
103008,Prepaid,East,Web,43,12.92,5.81,1,3,12.92,0
103009,Family,East,Web,43,37.0,19.99,2,3,40.36,0
103010,Prepaid,North,Store,51,15.78,4.34,1,3,15.78,0
103011,Family,South,App,72,40.72,25.02,2,2,46.19,0
103012,Family,West,App,63,37.84,15.4,0,1,39.27,0
103013,Postpaid,West,Web,23,38.75,16.81,1,7,40.77,0
103014,Prepaid,East,Web,65,8.0,9.14,1,3,8.0,0
103015,Postpaid,Central,App,26,35.62,9.86,0,4,35.62,0
103016,Business,South,Partner,18,49.9,15.49,0,4,51.37,0
103017,Prepaid,Central,Web,15,17.44,9.54,3,2,17.44,1
103018,Prepaid,North,Web,51,9.21,2.82,3,1,9.21,1
103019,Prepaid,South,Web,34,22.02,5.85,0,1,22.02,1
103020,Postpaid,Central,App,60,34.44,6.22,2,4,34.44,1
103021,Family,Central,Partner,61,45.46,19.61,1,4,48.66,0
103022,Postpaid,West,Partner,39,29.04,26.03,0,2,34.93,0
103023,Postpaid,West,Web,16,25.3,9.22,2,2,25.3,0
103024,Prepaid,West,Partner,9,17.36,0.77,2,4,17.36,0
103025,Prepaid,West,Partner,70,18.16,11.43,4,0,18.16,1
103026,Prepaid,South,Web,23,24.38,7.26,0,2,24.38,0
103027,Family,East,App,1,46.85,19.69,2,1,50.08,0
103028,Postpaid,West,Store,29,39.27,10.23,1,3,39.27,0
103029,Postpaid,East,Store,58,34.4,12.23,1,3,34.5,0
103030,Family,Central,Web,7,51.25,17.51,1,6,53.57,0
103031,Prepaid,East,Store,50,12.1,11.49,3,3,12.1,0
103032,Prepaid,North,Store,30,23.09,7.85,0,5,23.09,1
103033,Prepaid,South,Partner,66,22.84,3.95,0,4,22.84,0
103034,Business,Central,Store,33,50.55,27.74,0,3,57.16,0
103035,Postpaid,North,App,38,28.88,2.58,3,3,28.88,1
103036,Postpaid,Central,Web,33,21.73,10.59,2,4,21.73,1
103037,Prepaid,North,App,50,24.27,7.86,1,3,24.27,1
103038,Prepaid,South,App,6,10.85,10.66,0,1,10.85,0
103039,Postpaid,West,Store,4,33.76,20.84,2,4,37.48,1
103040,Postpaid,South,Partner,42,21.77,17.81,0,5,24.21,0
103041,Business,West,App,29,54.22,5.5,0,0,54.22,0
103042,Family,North,App,13,33.81,5.68,0,2,33.81,0
103043,Postpaid,East,Store,56,22.31,21.12,1,1,26.14,0
103044,Family,East,Web,54,38.04,31.15,0,3,46.08,0
103045,Business,Central,App,8,56.68,26.54,1,2,62.79,0
103046,Postpaid,North,App,14,25.65,11.91,1,4,25.65,0
103047,Postpaid,South,Web,57,27.13,25.39,0,1,32.75,0
103048,Family,West,Partner,35,35.58,11.23,2,4,35.58,1
103049,Prepaid,Central,App,23,26.0,8.75,0,3,26.0,0
103050,Family,Central,Store,39,31.91,2.2,2,3,31.91,0
103051,Prepaid,Central,Web,26,16.96,9.1,2,4,16.96,0
103052,Postpaid,East,App,7,18.58,24.0,0,5,23.62,0
103053,Family,East,Web,47,25.15,20.52,2,2,28.73,0
103054,Postpaid,Central,App,51,36.59,14.35,0,2,37.57,0
103055,Postpaid,Central,App,6,27.2,7.91,3,4,27.2,1
103056,Postpaid,West,App,18,29.17,14.94,1,3,30.4,0
103057,Prepaid,West,App,45,10.93,10.01,0,1,10.93,0
103058,Prepaid,Central,Web,55,26.46,6.29,2,2,26.46,0
103059,Prepaid,North,Web,66,22.13,9.0,0,1,22.13,0
103060,Postpaid,South,Web,44,24.84,12.23,1,5,24.94,0
103061,Postpaid,Central,Web,7,22.68,17.76,2,2,25.1,1
103062,Prepaid,East,App,26,22.22,9.32,1,3,22.22,1
103063,Family,North,Partner,19,47.56,17.7,1,3,49.95,0
103064,Postpaid,East,Web,72,35.16,7.62,0,0,35.16,0
103065,Postpaid,West,App,1,30.28,18.07,2,3,32.82,0
103066,Postpaid,West,Web,28,21.45,7.49,3,3,21.45,0
103067,Prepaid,West,Web,38,23.24,3.22,1,1,23.24,1
103068,Family,North,Store,22,35.79,32.8,0,4,44.53,1
103069,Postpaid,East,App,53,25.4,10.73,0,2,25.4,0
103070,Prepaid,North,App,10,8.12,6.95,1,4,8.12,1
103071,Business,Central,Partner,67,57.39,20.52,1,1,60.97,0
103072,Family,North,Web,29,34.72,25.36,1,0,40.33,0
103073,Family,West,Web,27,32.94,20.25,0,3,36.41,1
103074,Family,East,Partner,67,30.75,23.5,0,2,35.58,0
103075,Family,West,App,11,31.11,9.09,2,4,31.11,0
103076,Prepaid,East,Partner,34,18.52,4.52,0,2,18.52,0
103077,Postpaid,West,Store,3,29.57,15.42,0,4,31.0,0
103078,Postpaid,West,Web,37,24.94,21.65,0,4,29.0,0
103079,Prepaid,North,App,24,21.02,10.06,2,6,21.02,0
103080,Prepaid,South,App,54,20.6,11.08,0,5,20.6,0
103081,Prepaid,East,App,37,16.21,7.49,3,1,16.21,0
103082,Postpaid,South,App,46,15.94,12.08,0,2,15.98,0
103083,Family,West,App,65,30.57,26.77,0,2,36.77,0
103084,Family,South,App,69,35.91,1.47,0,3,35.91,0
103085,Prepaid,West,Web,16,23.7,1.11,1,0,23.7,0
103086,Prepaid,North,Partner,37,21.16,14.82,0,1,22.35,1
103087,Postpaid,West,App,57,29.04,14.57,2,2,30.12,0
103088,Postpaid,North,App,10,33.82,9.86,1,3,33.82,0
103089,Family,East,Store,35,30.65,34.8,3,1,40.23,0
103090,Family,South,Web,41,33.45,33.5,0,0,42.48,0
103091,Family,West,Store,63,44.69,18.43,3,1,47.39,0
103092,Family,South,Partner,7,40.78,22.36,1,6,45.13,1
103093,Business,West,App,63,61.53,18.9,3,7,64.43,1
103094,Postpaid,East,Store,18,31.3,17.99,4,1,33.82,1
103095,Prepaid,Central,Partner,62,20.6,4.11,0,0,20.6,0
103096,Prepaid,West,Store,48,13.83,13.8,1,1,14.58,0
103097,Postpaid,West,Store,29,29.07,11.61,1,2,29.07,0
103098,Prepaid,West,Partner,10,20.81,9.0,2,3,20.81,0
103099,Prepaid,South,App,25,14.49,6.65,0,4,14.49,0
103100,Business,West,App,54,55.23,31.2,0,3,63.29,0
103101,Prepaid,South,App,15,27.52,14.03,2,5,28.38,1
103102,Business,West,Web,49,53.14,34.23,3,1,62.48,0
103103,Family,North,Web,17,38.63,35.3,0,1,48.41,0
103104,Postpaid,East,App,6,24.2,11.06,0,1,24.2,0
103105,Postpaid,West,Store,45,26.05,16.78,1,3,28.06,1
103106,Prepaid,East,Store,59,28.6,11.04,3,4,28.6,0
103107,Postpaid,South,App,70,26.93,9.91,1,5,26.93,0
103108,Prepaid,East,Web,37,16.23,9.22,1,3,16.23,0
103109,Business,Central,App,44,55.99,28.12,0,1,62.76,1
103110,Prepaid,South,Web,50,13.38,11.23,1,4,13.38,0
103111,Prepaid,South,Web,30,23.41,6.03,1,4,23.41,0
103112,Postpaid,Central,App,3,32.89,19.17,1,1,35.91,0
103113,Postpaid,Central,Web,18,27.64,7.02,2,2,27.64,1
103114,Postpaid,North,Web,28,38.25,17.3,1,2,40.47,0
103115,Postpaid,East,App,47,35.3,15.81,1,1,36.9,0
103116,Prepaid,North,App,22,21.67,10.41,1,4,21.67,0
103117,Postpaid,Central,Web,16,35.32,13.22,2,3,35.83,0
103118,Prepaid,East,Web,66,30.94,3.99,1,2,30.94,1
103119,Prepaid,East,Web,7,20.75,10.97,1,3,20.75,1
103120,Prepaid,South,App,57,16.25,9.87,0,2,16.25,1
103121,Prepaid,East,Web,7,13.12,4.34,0,3,13.12,1
103122,Prepaid,North,Web,24,16.45,9.83,3,4,16.45,0
103123,Postpaid,West,App,62,32.5,15.96,5,2,34.16,0
103124,Prepaid,East,App,61,16.64,9.68,3,6,16.64,0
103125,Prepaid,East,App,28,15.52,10.1,1,1,15.52,0
103126,Postpaid,Central,Web,2,28.53,13.74,1,2,29.27,1
103127,Prepaid,North,App,68,22.53,9.82,2,1,22.53,0
103128,Postpaid,North,Web,64,30.11,12.9,2,2,30.48,1
103129,Business,East,App,36,50.97,7.62,3,7,50.97,0
103130,Postpaid,West,Web,3,21.46,14.9,1,5,22.68,0
103131,Family,North,App,50,19.77,7.58,2,2,19.77,0
103132,Prepaid,West,Web,57,15.27,14.16,2,4,16.18,1
103133,Prepaid,East,Store,60,27.85,13.95,0,3,28.67,0
103134,Family,East,Web,53,26.08,8.6,1,4,26.08,0
103135,Family,East,Partner,63,36.87,14.65,0,4,37.99,1
103136,Family,North,App,37,34.37,21.91,3,2,38.53,1
103137,Prepaid,South,App,12,14.52,3.02,0,1,14.52,0
103138,Family,West,App,50,41.45,27.32,1,3,47.88,0
103139,Postpaid,East,Store,16,27.16,8.88,1,7,27.16,1
103140,Prepaid,East,Web,46,24.51,5.63,2,2,24.51,0
103141,Prepaid,Central,App,11,18.04,6.97,1,2,18.04,0
103142,Business,North,Web,3,60.79,40.81,3,3,72.89,0
103143,Prepaid,East,App,33,14.37,6.38,1,2,14.37,0
103144,Family,South,Partner,43,36.19,26.25,1,1,42.18,0
103145,Postpaid,North,App,12,33.47,17.18,1,2,35.64,0
103146,Family,Central,Partner,57,42.27,30.06,0,4,49.85,1
103147,Postpaid,Central,Store,47,38.43,16.86,1,2,40.47,0
103148,Family,South,Partner,58,37.21,15.36,2,2,38.62,0
103149,Prepaid,Central,Store,27,30.12,7.05,2,2,30.12,1
103150,Prepaid,North,App,48,10.98,5.5,1,2,10.98,0
103151,Postpaid,Central,Web,70,23.28,13.31,1,2,23.83,0
103152,Postpaid,West,Store,14,31.3,11.32,1,3,31.3,0
103153,Prepaid,South,App,59,16.23,1.32,0,3,16.23,0
103154,Prepaid,West,Store,46,17.24,8.61,1,0,17.24,1
103155,Prepaid,West,Web,53,24.29,2.75,0,2,24.29,0
103156,Prepaid,South,Web,46,13.93,3.01,0,4,13.93,0
103157,Prepaid,South,App,50,19.72,7.37,1,7,19.72,1
103158,Family,West,Web,57,50.96,27.65,1,5,57.53,0
103159,Prepaid,North,App,3,22.76,8.39,1,4,22.76,1
103160,Business,North,App,3,47.21,29.2,1,0,54.44,1
103161,Business,South,App,7,51.89,31.52,2,1,60.09,1
103162,Prepaid,West,App,67,18.51,0.2,1,2,18.51,1
103163,Postpaid,South,Web,32,43.43,2.13,1,3,43.43,1
103164,Postpaid,East,App,72,31.75,14.76,3,2,32.91,1
103165,Postpaid,North,App,66,32.29,21.39,0,2,36.24,0
103166,Prepaid,North,App,25,22.81,4.25,0,0,22.81,0
103167,Prepaid,West,Web,7,9.52,8.09,0,2,9.52,1
103168,Prepaid,North,Store,61,27.62,6.5,0,5,27.62,0
103169,Postpaid,West,Store,31,40.37,6.46,1,4,40.37,0
103170,Business,South,Web,22,70.22,23.25,1,1,74.95,0
103171,Postpaid,West,App,58,26.93,9.43,2,3,26.93,1
103172,Postpaid,South,Partner,35,28.34,10.73,3,2,28.34,0
103173,Business,Central,App,24,50.54,30.56,1,5,58.34,0
103174,Postpaid,North,App,29,21.98,27.59,1,1,28.53,0
103175,Prepaid,Central,App,67,13.11,7.64,1,5,13.11,0
103176,Family,South,App,22,40.59,15.22,3,4,41.94,0
103177,Postpaid,North,App,68,33.97,26.62,1,2,40.11,0
103178,Prepaid,East,Web,43,23.6,8.7,0,6,23.6,1
103179,Postpaid,South,App,5,35.23,14.32,2,1,36.21,1
103180,Business,East,App,9,65.08,19.13,1,2,68.07,0
103181,Prepaid,West,Web,45,8.0,0.2,1,3,8.0,0
103182,Postpaid,West,Web,10,30.52,12.3,2,2,30.65,0
103183,Prepaid,West,Partner,11,16.39,11.3,0,3,16.39,0
103184,Prepaid,Central,App,34,21.86,8.29,1,5,21.86,0
103185,Prepaid,East,Web,32,24.44,1.61,1,3,24.44,0
103186,Family,North,Web,68,38.3,26.88,2,3,44.55,1
103187,Family,West,Store,65,30.55,29.41,1,4,37.87,0
103188,Prepaid,South,App,67,22.21,12.49,1,3,22.42,0
103189,Prepaid,North,Store,6,27.32,2.83,2,3,27.32,1
103190,Prepaid,North,App,58,18.83,10.59,0,4,18.83,1
103191,Prepaid,South,Web,68,18.43,13.03,3,3,18.86,1
103192,Postpaid,South,Web,45,33.05,19.07,0,2,36.02,0
103193,Postpaid,South,App,72,37.3,20.1,0,2,40.7,0
103194,Postpaid,West,App,58,39.97,14.2,0,2,40.89,0
103195,Postpaid,West,Partner,49,29.02,6.49,1,1,29.02,1
103196,Postpaid,Central,Store,30,25.57,13.32,0,2,26.13,0
103197,Prepaid,North,Store,26,13.39,4.32,0,2,13.39,0
103198,Prepaid,North,Partner,29,17.93,11.64,1,3,17.93,1
103199,Business,East,App,19,56.88,18.77,1,3,59.72,1
103200,Family,North,Store,42,46.47,16.35,1,4,48.3,1
103201,Business,South,Web,32,47.21,16.38,3,1,49.04,1
103202,Family,West,App,22,37.62,18.45,2,0,40.33,1
103203,Postpaid,West,App,13,28.42,5.49,2,0,28.42,1
103204,Business,South,Partner,38,52.57,44.28,0,4,66.13,0
103205,Postpaid,West,App,2,34.86,10.46,1,3,34.86,0
103206,Prepaid,West,App,27,14.06,6.13,0,1,14.06,0
103207,Prepaid,Central,App,5,8.0,3.31,0,4,8.0,1
103208,Prepaid,South,Web,25,18.01,13.05,1,3,18.46,1
103209,Prepaid,West,Store,48,23.83,1.77,0,2,23.83,0
103210,Postpaid,West,App,46,19.76,16.45,2,0,21.63,0
103211,Postpaid,South,App,2,26.9,2.63,0,5,26.9,0
103212,Family,West,Store,51,41.51,30.07,0,2,49.1,0
103213,Postpaid,West,Web,22,25.19,19.06,1,2,28.16,0
103214,Prepaid,South,Web,35,16.08,3.43,1,3,16.08,0
103215,Family,East,App,49,47.23,25.63,1,3,52.96,0
103216,Postpaid,East,Web,3,28.69,14.6,0,3,29.78,1
103217,Prepaid,West,Web,13,18.54,0.5,1,0,18.54,0
103218,Prepaid,North,Web,12,19.54,0.3,1,2,19.54,0
103219,Prepaid,East,Store,24,20.74,13.73,1,6,21.47,0
103220,Prepaid,North,App,2,8.6,9.41,4,0,8.6,0
103221,Family,West,Web,3,36.46,26.58,3,0,42.58,0
103222,Family,West,Store,37,37.31,11.04,0,3,37.31,1
103223,Postpaid,East,Store,9,27.58,10.58,1,0,27.58,0
103224,Prepaid,East,App,32,23.81,11.67,0,2,23.81,0
103225,Family,South,App,17,29.15,23.98,3,1,34.18,1
103226,Postpaid,South,App,72,35.94,10.86,1,2,35.94,0
103227,Prepaid,West,App,10,9.7,5.89,0,2,9.7,0
103228,Postpaid,North,App,35,21.64,20.74,0,5,25.31,0
103229,Postpaid,West,App,34,40.04,36.91,0,1,50.5,0
103230,Postpaid,West,App,54,20.28,28.84,1,2,27.35,0
103231,Prepaid,Central,App,10,20.9,2.19,2,2,20.9,0
103232,Postpaid,South,Partner,70,33.44,2.2,0,2,33.44,1
103233,Prepaid,East,Store,22,19.18,10.38,1,6,19.18,0
103234,Prepaid,North,App,3,20.55,4.27,0,4,20.55,0
103235,Prepaid,Central,Web,53,16.18,12.18,3,2,16.25,1
103236,Business,West,Store,40,61.9,30.33,1,5,69.6,0
103237,Prepaid,West,App,48,29.63,10.63,0,1,29.63,0
103238,Postpaid,West,Store,66,32.7,9.13,1,2,32.7,0
103239,Prepaid,South,App,28,12.45,11.49,2,3,12.45,0
103240,Family,West,Store,66,33.46,26.29,2,3,39.46,0
103241,Postpaid,West,App,68,32.26,25.32,2,6,37.85,1
103242,Family,North,Store,40,42.69,18.71,2,1,45.51,0
103243,Prepaid,Central,App,57,10.07,7.83,1,3,10.07,0
103244,Prepaid,Central,App,3,8.0,6.75,1,3,8.0,0
103245,Postpaid,Central,Web,44,32.62,15.41,2,5,34.05,0
103246,Postpaid,West,App,6,31.77,22.6,2,4,36.22,0
103247,Family,South,App,32,43.24,29.14,1,4,50.44,0
103248,Family,East,App,54,38.94,25.49,0,2,44.61,0
103249,Postpaid,North,Web,5,38.1,10.35,0,1,38.1,0
103250,Business,West,Store,30,50.67,13.41,1,1,51.27,1
103251,Postpaid,North,Web,30,32.97,9.9,0,1,32.97,1
103252,Prepaid,Central,Store,18,8.0,13.9,4,3,8.8,0
103253,Postpaid,South,Partner,40,38.4,23.07,1,2,43.04,0
103254,Prepaid,North,App,59,17.46,5.01,2,1,17.46,1
103255,Family,North,Web,72,28.86,14.86,3,4,30.06,0
103256,Prepaid,West,App,66,15.43,13.24,3,3,15.95,0
103257,Prepaid,North,App,69,22.98,9.7,0,0,22.98,0
103258,Postpaid,North,Web,15,25.57,18.24,2,4,28.19,0
103259,Prepaid,North,Partner,9,14.0,8.04,2,4,14.0,1
103260,Prepaid,South,Web,14,21.48,8.33,3,3,21.48,0
103261,Postpaid,Central,App,71,35.28,24.14,0,6,40.38,1
103262,Prepaid,East,Store,16,23.57,4.14,2,2,23.57,0
103263,Postpaid,South,App,55,25.1,15.47,1,5,26.55,1
103264,Prepaid,North,Store,30,17.55,11.12,1,2,17.55,1
103265,Prepaid,North,App,50,11.24,3.87,0,1,11.24,0
103266,Prepaid,South,App,55,24.0,5.88,0,4,24.0,0
103267,Family,North,App,66,33.46,37.18,2,1,44.04,0
103268,Business,North,Partner,7,51.48,47.62,1,4,66.43,0
103269,Prepaid,North,App,24,23.48,10.64,2,0,23.48,1
103270,Business,South,App,9,49.17,14.38,3,3,50.17,1
103271,Postpaid,West,App,29,38.02,8.33,1,4,38.02,0
103272,Postpaid,North,Store,27,28.6,16.66,3,2,30.56,1
103273,Postpaid,West,App,63,26.96,10.98,0,4,26.96,0
103274,Postpaid,West,Web,51,32.35,14.99,2,3,33.6,1
103275,Family,Central,App,8,38.68,20.92,3,6,42.42,0
103276,Postpaid,North,App,33,35.03,20.07,0,2,38.41,0
103277,Postpaid,West,App,52,36.35,11.03,1,3,36.35,0
103278,Prepaid,Central,App,54,15.16,14.31,1,2,16.13,0
103279,Prepaid,Central,Web,59,19.4,4.14,3,1,19.4,0
103280,Postpaid,West,App,17,28.31,5.61,0,2,28.31,0
103281,Prepaid,North,Web,64,16.26,7.78,1,0,16.26,0
103282,Prepaid,Central,App,66,12.26,3.24,1,3,12.26,0
103283,Prepaid,West,App,16,15.43,12.32,1,0,15.57,0
103284,Prepaid,South,App,48,8.18,10.65,1,2,8.18,0
103285,Postpaid,North,Store,49,27.8,12.67,0,2,28.08,0
103286,Postpaid,Central,App,64,30.12,18.06,1,5,32.67,0
103287,Postpaid,North,Store,7,26.53,20.39,1,2,30.06,0
103288,Prepaid,West,Web,17,23.7,8.97,2,1,23.7,1
103289,Postpaid,South,App,62,37.98,23.7,1,2,42.89,0
103290,Postpaid,West,App,3,31.25,13.16,1,4,31.74,1
103291,Family,North,App,35,51.08,34.68,3,2,60.61,0
103292,Postpaid,West,App,22,30.03,24.44,2,3,35.25,0
103293,Postpaid,East,Store,45,31.26,12.64,3,1,31.53,0
103294,Postpaid,Central,Store,35,29.67,2.29,1,1,29.67,1
103295,Business,North,Store,62,40.56,17.75,1,4,42.97,0
103296,Family,North,Web,6,37.18,13.82,4,1,37.94,0
103297,Postpaid,North,App,37,35.05,9.38,0,4,35.05,0
103298,Postpaid,North,Store,38,28.22,14.03,4,4,29.08,1
103299,Prepaid,Central,Web,37,13.1,13.18,0,4,13.59,0
103300,Business,North,Store,6,32.66,18.45,1,3,35.37,1
103301,Prepaid,South,Web,34,10.77,4.11,0,4,10.77,0
103302,Prepaid,West,Store,64,20.5,13.04,1,4,20.94,1
103303,Business,South,Store,44,50.35,33.32,1,0,59.3,0
103304,Postpaid,South,App,8,29.95,19.72,0,3,33.19,0
103305,Prepaid,West,Store,52,24.3,9.81,1,2,24.3,0
103306,Prepaid,South,Store,67,8.6,7.95,1,1,8.6,0
103307,Prepaid,West,App,58,19.41,4.17,1,2,19.41,1
103308,Postpaid,West,App,7,34.59,15.12,4,4,35.9,1
103309,Prepaid,South,App,3,25.97,4.34,0,2,25.97,0
103310,Business,West,Store,13,53.09,33.87,2,0,62.28,0
103311,Business,Central,App,26,64.55,24.51,2,2,69.8,0
103312,Postpaid,South,Web,67,32.05,25.14,0,1,37.56,1
103313,Postpaid,West,Partner,32,33.81,18.87,0,3,36.69,0
103314,Prepaid,East,Partner,70,17.23,3.63,2,8,17.23,0
103315,Prepaid,East,App,8,12.45,7.13,1,2,12.45,0
103316,Family,West,Store,55,37.46,18.35,0,3,40.13,0
103317,Prepaid,North,Partner,55,26.39,6.82,1,1,26.39,0
103318,Prepaid,East,Web,70,13.76,0.2,1,2,13.76,0
103319,Prepaid,North,App,38,12.76,8.67,1,5,12.76,0
103320,Prepaid,West,Web,44,16.86,10.81,0,4,16.86,0
103321,Postpaid,West,Store,1,30.62,27.36,0,3,37.08,0
103322,Postpaid,South,Web,64,17.99,10.55,0,4,17.99,0
103323,Family,North,Partner,46,32.34,10.54,3,2,32.34,0
103324,Postpaid,Central,Partner,51,34.25,16.27,1,2,36.04,0
103325,Family,South,Store,25,41.14,33.06,2,7,49.99,1
103326,Postpaid,South,App,6,31.27,2.69,0,1,31.27,0
103327,Family,North,Store,53,42.27,8.98,1,3,42.27,0
103328,Postpaid,East,Web,53,27.6,24.58,1,1,32.88,1
103329,Prepaid,South,Store,13,11.79,8.47,1,1,11.79,0
103330,Business,Central,App,60,55.74,28.95,1,2,62.86,0
103331,Prepaid,West,Store,1,11.85,5.56,1,3,11.85,1
103332,Prepaid,North,Store,48,10.72,8.05,3,4,10.72,0
103333,Prepaid,East,Partner,7,13.8,1.96,2,4,13.8,0
103334,Postpaid,South,Web,55,44.37,17.74,0,4,46.78,0
103335,Postpaid,North,App,32,25.77,11.73,0,2,25.77,1
103336,Postpaid,West,Store,24,31.26,13.82,0,2,32.03,0
103337,Family,South,Store,54,32.79,19.66,1,6,36.0,0
103338,Prepaid,Central,Store,58,17.35,14.01,1,3,18.19,0
103339,Postpaid,East,App,44,40.27,12.22,1,3,40.37,0
103340,Postpaid,South,Web,53,30.34,14.71,0,1,31.48,0
103341,Family,Central,Web,2,28.74,14.85,0,1,29.93,0
103342,Prepaid,East,Store,60,15.83,3.06,2,2,15.83,1
103343,Prepaid,North,Partner,43,14.93,0.2,1,2,14.93,0
103344,Postpaid,East,Partner,12,32.89,12.28,2,2,33.01,1
103345,Postpaid,Central,Web,35,14.52,12.71,4,3,14.82,0
103346,Family,East,Partner,46,29.31,9.4,2,2,29.31,0
103347,Postpaid,East,Store,58,28.9,24.76,3,2,34.26,0
103348,Family,East,Partner,38,36.83,26.14,2,3,42.77,1
103349,Postpaid,South,Partner,19,29.95,27.8,0,3,36.58,0
103350,Prepaid,North,Store,19,16.03,16.36,0,1,17.86,0
103351,Prepaid,East,App,52,17.6,3.79,3,1,17.6,0
103352,Prepaid,Central,App,63,21.31,8.71,1,3,21.31,0
103353,Prepaid,West,Store,46,22.19,6.24,0,5,22.19,0
103354,Postpaid,North,Web,58,26.74,7.45,0,4,26.74,0
103355,Postpaid,South,Store,45,26.67,14.55,0,5,27.74,0
103356,Postpaid,North,Web,36,28.44,11.05,1,6,28.44,1
103357,Postpaid,South,Web,30,24.83,6.36,3,3,24.83,1
103358,Postpaid,West,App,36,39.05,17.58,1,1,41.39,0
103359,Postpaid,South,App,1,36.74,1.95,1,2,36.74,0
103360,Prepaid,Central,Web,42,17.3,6.62,0,1,17.3,1
103361,Postpaid,East,App,14,22.6,14.43,3,2,23.62,0
103362,Postpaid,West,Partner,65,32.11,6.01,2,3,32.11,0
103363,Postpaid,Central,Web,61,34.73,11.72,0,3,34.73,0
103364,Prepaid,West,Store,36,16.71,5.41,3,0,16.71,0
103365,Prepaid,Central,Store,45,34.68,8.22,0,3,34.68,0
103366,Postpaid,West,Web,3,24.05,23.48,0,1,28.87,1
103367,Postpaid,East,Web,42,21.23,12.7,1,2,21.52,0
103368,Prepaid,South,Store,62,20.04,11.42,0,3,20.04,0
103369,Postpaid,South,Partner,38,35.73,27.22,0,3,42.12,0
103370,Family,Central,Store,62,46.59,25.75,0,4,52.36,1
103371,Prepaid,North,App,6,20.78,8.63,2,3,20.78,1
103372,Family,Central,Store,71,38.67,15.26,1,2,40.04,0
103373,Prepaid,South,Web,26,19.9,8.3,1,1,19.9,0
103374,Postpaid,West,Partner,2,27.39,18.74,2,3,30.22,0
103375,Postpaid,South,App,45,26.83,23.97,0,2,31.85,0
103376,Prepaid,Central,Store,45,9.06,8.7,1,1,9.06,0
103377,Family,North,Store,10,37.82,20.96,1,2,41.58,1
103378,Postpaid,South,Partner,25,31.61,19.26,0,1,34.65,0
103379,Business,Central,Web,67,50.66,26.19,0,1,56.62,0
103380,Prepaid,South,App,14,22.2,6.59,3,6,22.2,1
103381,Family,South,Web,6,50.04,15.3,0,3,51.42,0
103382,Business,Central,Web,60,55.18,35.64,2,4,65.1,0
103383,Postpaid,West,Partner,49,24.28,6.75,1,5,24.28,0
103384,Prepaid,North,Web,36,17.33,7.92,0,1,17.33,0
103385,Postpaid,East,App,22,18.91,14.63,2,2,20.02,0
103386,Postpaid,South,Partner,63,31.97,8.1,1,2,31.97,0
103387,Business,South,Store,63,53.7,18.19,1,1,56.3,0
103388,Postpaid,West,Partner,1,31.78,17.42,1,5,34.05,0
103389,Prepaid,North,App,60,12.04,13.76,4,3,12.78,1
103390,Prepaid,East,Web,35,15.79,5.68,0,4,15.79,0
103391,Postpaid,South,App,24,14.37,11.47,1,1,14.37,1
103392,Business,Central,App,26,50.09,36.01,1,3,60.17,0
103393,Prepaid,East,Partner,34,11.46,0.2,2,3,11.46,0
103394,Family,South,App,42,40.82,16.68,1,0,42.78,0
103395,Business,Central,App,70,55.36,13.45,1,2,55.97,1
103396,Prepaid,West,Web,2,20.56,14.73,3,3,21.71,1
103397,Prepaid,South,App,44,14.3,8.85,1,0,14.3,0
103398,Postpaid,Central,Store,5,34.3,20.5,1,3,37.87,0
103399,Postpaid,South,Partner,1,31.38,11.29,0,5,31.38,0
103400,Prepaid,South,Store,22,21.81,11.6,0,4,21.81,1
103401,Family,South,App,56,35.03,15.23,1,3,36.38,0
103402,Postpaid,North,Web,25,48.34,6.59,1,1,48.34,0
103403,Family,West,Web,27,36.24,23.69,0,0,41.15,0
103404,Family,East,App,65,35.51,34.15,2,2,44.81,0
103405,Family,Central,Store,20,43.12,27.07,0,4,49.45,0
103406,Postpaid,South,App,56,27.77,14.41,2,5,28.78,1
103407,Prepaid,North,App,60,13.52,5.33,0,3,13.52,0
103408,Postpaid,South,App,47,27.21,12.96,2,3,27.61,0
103409,Prepaid,North,Partner,70,17.36,17.52,2,3,19.67,0
103410,Postpaid,Central,App,71,28.41,4.25,2,1,28.41,0
103411,Prepaid,West,App,5,18.54,16.12,1,3,20.28,1
103412,Postpaid,West,Partner,13,29.92,18.44,3,3,32.62,1
103413,Prepaid,West,App,29,18.85,14.21,2,1,19.78,1
103414,Prepaid,South,Partner,48,14.37,5.36,1,4,14.37,1
103415,Prepaid,North,Partner,21,22.54,12.6,2,4,22.79,1
103416,Postpaid,East,Store,46,26.53,13.95,2,1,27.35,0
103417,Family,West,App,65,50.97,17.66,1,2,53.35,1
103418,Prepaid,South,App,1,19.29,8.43,1,2,19.29,0
103419,Family,North,App,63,47.92,22.09,0,3,52.16,0
103420,Family,West,App,35,28.63,23.04,0,5,33.26,0
103421,Postpaid,South,Store,65,19.55,28.53,2,2,26.49,0
103422,Postpaid,East,App,49,28.28,23.11,0,3,32.94,0
103423,Postpaid,North,Web,4,40.29,17.17,0,3,42.47,0
103424,Prepaid,East,App,65,18.57,7.1,0,2,18.57,1
103425,Postpaid,South,App,4,35.0,6.23,1,4,35.0,0
103426,Prepaid,Central,App,19,11.66,2.16,1,2,11.66,0
103427,Family,West,App,40,36.44,19.67,2,0,39.66,0
103428,Business,North,Web,66,45.81,34.69,1,2,55.34,0
103429,Family,West,Web,13,39.42,33.05,3,1,48.26,0
103430,Postpaid,West,App,39,29.84,13.2,1,2,30.34,0
103431,Postpaid,West,Store,9,29.02,4.06,1,3,29.02,1
103432,Business,Central,Store,25,57.16,31.71,2,4,65.44,0
103433,Prepaid,West,Partner,19,21.45,4.8,1,1,21.45,1
103434,Prepaid,South,App,31,21.46,6.77,1,4,21.46,0
103435,Postpaid,South,Web,52,43.64,13.72,1,6,44.37,1
103436,Prepaid,South,App,52,16.06,8.51,2,3,16.06,0
103437,Prepaid,East,App,49,22.02,11.02,3,3,22.02,0
103438,Prepaid,Central,Store,2,9.8,0.73,0,2,9.8,0
103439,Postpaid,West,App,57,38.19,20.06,2,0,41.58,1
103440,Prepaid,South,Store,47,18.52,7.05,0,1,18.52,0
103441,Prepaid,Central,Store,5,17.35,9.15,2,3,17.35,0
103442,Prepaid,West,App,69,18.79,6.48,1,5,18.79,1
103443,Postpaid,South,Partner,56,36.15,5.72,2,4,36.15,0
103444,Family,Central,App,50,26.98,17.32,1,2,29.21,0
103445,Prepaid,South,Partner,36,22.24,13.66,0,1,22.94,0
103446,Postpaid,East,Store,58,22.57,19.43,0,1,25.7,0
103447,Family,East,App,23,35.5,21.02,1,1,39.29,0
103448,Prepaid,Central,App,53,23.21,9.83,2,3,23.21,1
103449,Family,South,Web,44,38.99,34.15,1,3,48.29,0
103450,Postpaid,South,Web,44,33.77,10.77,0,1,33.77,0
103451,Postpaid,West,Web,58,35.56,18.49,0,2,38.28,0
103452,Prepaid,Central,App,13,12.37,0.2,1,1,12.37,1
103453,Prepaid,North,App,8,14.32,8.54,0,5,14.32,0
103454,Business,South,Web,40,50.55,30.56,2,2,58.34,1
103455,Family,Central,Web,59,44.14,17.51,0,4,46.46,0
103456,Business,West,App,19,57.12,15.18,3,1,58.45,1
103457,Family,South,Web,41,38.66,22.02,3,1,42.87,1
103458,Prepaid,South,Store,69,15.75,8.29,5,5,15.75,0
103459,Family,East,Store,45,31.33,21.58,1,3,35.35,1
103460,Postpaid,West,Store,6,15.93,7.52,0,6,15.93,0
103461,Family,East,App,64,33.8,24.34,3,7,38.98,1
103462,Prepaid,West,App,71,19.37,7.07,1,2,19.37,1
103463,Prepaid,North,Web,52,30.24,7.86,0,3,30.24,0
103464,Family,West,Partner,44,39.23,26.18,5,3,45.19,1
103465,Family,North,Store,43,36.88,13.44,0,2,37.49,0
103466,Postpaid,Central,App,45,36.6,8.39,1,3,36.6,0
103467,Prepaid,North,App,25,13.78,11.76,0,2,13.78,0
103468,Prepaid,North,Store,47,11.44,0.2,0,2,11.44,0
103469,Business,North,Web,37,42.93,36.31,0,1,53.14,1
103470,Postpaid,South,App,58,31.14,14.7,2,0,32.27,0
103471,Postpaid,South,App,61,33.08,4.32,1,1,33.08,0
103472,Postpaid,West,Web,52,21.57,22.83,4,3,26.12,0
103473,Postpaid,Central,App,72,34.96,10.54,0,7,34.96,0
103474,Postpaid,East,App,33,32.22,10.65,2,2,32.22,1
103475,Postpaid,East,Web,55,29.4,21.8,0,3,33.51,0
103476,Family,South,App,25,42.06,14.3,1,7,43.03,1
103477,Family,West,Store,57,41.93,10.09,1,4,41.93,0
103478,Business,North,App,20,63.32,35.66,1,1,73.25,0
103479,Postpaid,South,App,51,47.35,16.97,2,4,49.44,1
103480,Postpaid,North,Partner,2,26.39,8.7,1,6,26.39,1
103481,Postpaid,South,Web,56,37.05,0.88,0,1,37.05,0
103482,Family,East,App,21,34.41,32.97,0,2,43.22,0
103483,Postpaid,North,App,18,22.62,13.02,0,4,23.04,0
103484,Postpaid,North,App,25,37.78,11.08,1,2,37.78,0
103485,Family,West,Partner,31,37.37,5.96,2,3,37.37,1
103486,Postpaid,North,Web,10,33.67,20.37,0,3,37.19,0
103487,Family,West,Store,41,37.43,22.52,1,6,41.85,0
103488,Prepaid,South,App,9,9.99,6.8,1,1,9.99,1
103489,Postpaid,Central,Partner,40,31.25,16.35,2,1,33.08,0
103490,Postpaid,West,Web,27,24.24,15.43,1,3,25.68,0
103491,Prepaid,North,App,44,8.21,14.87,1,7,9.41,0
103492,Family,Central,App,11,39.1,11.62,1,1,39.1,0
103493,Postpaid,East,App,71,27.73,21.37,1,0,31.66,0
103494,Prepaid,South,Store,2,18.7,12.08,1,2,18.73,0
103495,Family,West,App,62,49.09,5.43,1,4,49.09,0
103496,Postpaid,West,App,26,25.35,18.46,3,4,28.06,1
103497,Family,South,Web,60,39.21,21.74,5,0,43.3,0
103498,Postpaid,South,Web,43,30.58,17.77,1,2,33.0,0
103499,Family,North,Store,60,38.28,23.14,0,1,42.96,0
103500,Postpaid,West,Store,40,28.83,9.06,2,3,28.83,0
103501,Postpaid,Central,App,58,25.29,15.82,1,2,26.9,1
103502,Prepaid,East,Store,48,20.72,8.08,0,3,20.72,0
103503,Postpaid,Central,Web,49,37.1,16.81,0,1,39.12,0
103504,Postpaid,North,Store,42,31.86,19.24,4,1,34.9,0
103505,Postpaid,West,Partner,19,26.52,12.48,1,3,26.72,1
103506,Postpaid,Central,Web,62,18.51,12.44,3,2,18.69,0
103507,Family,West,Web,62,39.68,24.88,2,2,45.09,0
103508,Postpaid,North,Store,53,28.95,11.55,1,3,28.95,0
103509,Prepaid,South,App,21,21.98,12.57,1,2,22.22,0
103510,Business,North,Partner,30,64.53,23.52,0,3,69.37,0
103511,Postpaid,West,Web,53,34.82,10.15,1,3,34.82,1
103512,Business,Central,Partner,14,51.97,18.48,0,3,54.69,0
103513,Business,South,Store,8,50.09,27.67,2,3,56.67,1
103514,Family,North,Store,29,36.66,25.08,1,1,42.16,0
103515,Family,South,App,40,33.33,21.91,0,3,37.49,0
103516,Postpaid,East,App,65,34.79,10.14,0,4,34.79,0
103517,Prepaid,East,Store,23,24.98,11.33,3,3,24.98,0
103518,Postpaid,South,Partner,16,27.64,15.74,2,1,29.21,1
103519,Family,West,Web,51,33.28,11.06,1,3,33.28,0
103520,Postpaid,North,Store,64,33.44,24.43,4,2,38.66,1
103521,Family,West,Store,62,46.57,25.19,1,2,52.11,0
103522,Prepaid,East,App,46,20.17,4.24,0,1,20.17,0
103523,Postpaid,North,App,2,27.47,5.19,1,4,27.47,1
103524,Postpaid,West,Partner,48,41.75,4.46,2,1,41.75,1
103525,Postpaid,West,Web,9,25.29,22.63,0,3,29.76,0
103526,Prepaid,East,Store,57,17.37,6.11,0,5,17.37,1
103527,Prepaid,West,Web,67,21.1,11.59,2,0,21.1,0
103528,Family,East,App,44,39.73,19.21,2,5,42.76,0
103529,Postpaid,South,Partner,18,33.65,10.67,1,5,33.65,0
103530,Prepaid,Central,Web,22,25.67,6.03,0,1,25.67,0
103531,Prepaid,Central,App,53,16.23,5.91,0,5,16.23,0
103532,Postpaid,North,Web,55,30.27,18.68,1,3,33.08,1
103533,Prepaid,Central,App,59,23.26,1.95,2,1,23.26,0
103534,Postpaid,West,Store,8,31.26,4.6,1,1,31.26,1
103535,Family,North,App,54,46.18,17.01,2,2,48.28,0
103536,Prepaid,East,App,70,10.85,9.14,1,5,10.85,1
103537,Postpaid,North,Store,3,20.12,12.79,0,0,20.45,1
103538,Prepaid,East,App,32,16.67,2.93,1,2,16.67,1
103539,Prepaid,Central,App,53,26.48,8.61,1,1,26.48,0
103540,Family,South,Web,39,45.38,20.14,0,2,48.8,0
103541,Postpaid,East,App,70,35.13,9.79,1,3,35.13,1
103542,Family,South,Store,49,35.89,13.41,0,4,36.48,0
103543,Prepaid,East,Store,27,25.26,9.12,1,2,25.26,0
103544,Prepaid,West,App,45,21.37,11.65,2,2,21.37,1
103545,Postpaid,South,Partner,52,24.81,18.64,4,1,27.6,1
103546,Postpaid,East,Store,57,26.57,5.18,2,1,26.57,0
103547,Business,South,App,20,34.87,14.17,1,4,35.78,0
103548,Prepaid,West,App,66,20.31,12.63,0,1,20.58,1
103549,Family,West,Store,72,29.06,14.35,0,2,30.05,0
103550,Family,West,App,16,38.58,5.16,1,2,38.58,0
103551,Postpaid,South,App,16,25.13,14.33,0,0,26.11,0
103552,Postpaid,West,Store,28,28.41,13.31,1,1,28.97,1
103553,Postpaid,West,Web,23,28.24,9.65,0,1,28.24,0
103554,Prepaid,West,App,14,29.38,10.69,4,3,29.38,1
103555,Family,East,App,13,46.05,20.56,3,2,49.65,0
103556,Postpaid,Central,App,52,18.12,12.83,0,1,18.47,1
103557,Business,South,App,69,58.66,28.52,1,0,65.6,0
103558,Postpaid,North,Web,7,34.71,8.71,1,3,34.71,1
103559,Postpaid,Central,App,42,33.24,11.83,1,1,33.24,0
103560,Postpaid,North,App,21,28.38,18.73,2,2,31.21,0
103561,Postpaid,Central,App,18,35.63,20.93,2,4,39.38,0
103562,Family,West,Store,42,42.38,18.55,2,3,45.13,1
103563,Prepaid,Central,Store,10,16.78,3.49,2,3,16.78,1
103564,Business,East,App,6,41.76,0.85,2,3,41.76,1
103565,Family,West,Store,63,32.71,16.93,1,7,34.78,0
103566,Family,West,Web,33,34.61,24.06,2,3,39.67,0
103567,Postpaid,East,App,5,28.35,16.09,3,4,30.06,1
103568,Family,South,App,64,55.83,36.2,0,1,65.99,0
103569,Prepaid,North,App,47,21.39,9.49,2,7,21.39,1
103570,Family,South,Web,54,39.94,16.08,2,1,41.66,0
103571,Prepaid,Central,App,44,17.13,9.42,2,5,17.13,0
103572,Prepaid,South,App,35,11.9,2.99,1,3,11.9,0
103573,Postpaid,West,Store,56,25.66,7.88,2,3,25.66,0
103574,Prepaid,East,Store,25,20.56,12.38,2,2,20.72,1
103575,Postpaid,South,Web,50,39.43,12.97,3,1,39.84,0
103576,Family,Central,App,64,29.69,20.33,0,4,33.19,0
103577,Prepaid,North,App,61,24.12,5.69,1,4,24.12,0
103578,Family,East,Store,40,43.32,19.01,0,5,46.26,0
103579,Prepaid,East,Web,3,22.54,11.5,2,2,22.54,1
103580,Family,North,Partner,2,44.04,20.73,0,2,47.7,0
103581,Family,South,Store,31,33.89,18.9,0,4,36.78,0
103582,Postpaid,West,Store,48,26.73,11.23,1,3,26.73,0
103583,Family,North,App,6,35.46,6.1,4,1,35.46,0
103584,Family,West,Partner,30,31.16,4.58,1,4,31.16,0
103585,Family,West,Web,30,25.18,11.98,2,8,25.18,1
103586,Postpaid,North,App,34,47.07,19.18,3,2,50.09,1
103587,Postpaid,South,Store,41,36.59,11.52,2,2,36.59,0
103588,Family,North,Store,21,48.06,7.68,0,6,48.06,1
103589,Prepaid,West,App,43,11.26,11.95,1,2,11.26,1
103590,Family,East,Web,33,35.34,23.31,1,1,40.09,1
103591,Prepaid,North,Web,67,19.6,8.04,0,1,19.6,0
103592,Family,East,App,24,39.2,11.62,2,3,39.2,0
103593,Prepaid,East,Partner,67,15.52,6.49,0,2,15.52,0
103594,Prepaid,West,Partner,70,10.25,2.49,1,2,10.25,0
103595,Business,North,App,23,53.38,30.12,5,1,60.99,0
103596,Family,North,Store,30,37.88,8.6,1,0,37.88,1
103597,Family,South,Partner,51,33.45,12.73,0,2,33.75,0
103598,Business,West,App,34,62.08,44.07,2,1,75.55,0
103599,Postpaid,West,Partner,52,36.57,9.67,2,3,36.57,0
103600,Prepaid,South,App,19,24.39,12.7,6,2,24.69,1
103601,Prepaid,South,Web,69,20.55,10.72,0,3,20.55,0
103602,Postpaid,West,Store,51,21.95,19.32,0,2,25.02,0
103603,Prepaid,North,App,7,24.56,7.5,0,3,24.56,1
103604,Business,East,Web,18,46.18,19.0,2,0,49.12,0
103605,Prepaid,East,App,45,15.86,9.58,0,3,15.86,0
103606,Prepaid,South,App,22,21.42,11.76,0,3,21.42,1
103607,Prepaid,East,App,30,13.26,2.8,4,4,13.26,0
103608,Prepaid,South,App,47,22.7,9.98,2,3,22.7,1
103609,Prepaid,East,App,26,20.11,9.74,0,2,20.11,0
103610,Postpaid,North,App,66,34.41,12.47,2,2,34.6,1
103611,Prepaid,South,App,45,23.74,8.08,1,2,23.74,1
103612,Postpaid,East,App,31,35.99,8.92,2,2,35.99,1
103613,Family,North,App,21,38.98,24.17,0,3,44.09,0
103614,Postpaid,West,Web,22,37.29,18.62,2,0,40.07,1
103615,Postpaid,West,App,3,22.62,15.77,0,0,24.2,0
103616,Postpaid,Central,Web,7,23.49,7.88,0,1,23.49,0
103617,Prepaid,South,App,57,16.45,12.33,0,0,16.59,0
103618,Prepaid,South,App,56,11.67,5.35,2,4,11.67,0
103619,Business,South,Store,7,47.77,25.41,2,0,53.41,0
103620,Postpaid,Central,App,40,25.25,14.89,3,5,26.46,1
103621,Prepaid,South,Store,24,11.3,4.8,2,4,11.3,0
103622,Postpaid,South,Web,51,25.09,7.91,1,2,25.09,0
103623,Family,West,App,43,22.24,18.45,3,3,24.95,0
103624,Postpaid,North,App,58,32.44,6.85,1,1,32.44,0
103625,Postpaid,East,Web,45,29.56,9.17,1,2,29.56,0
103626,Family,East,App,15,32.18,39.47,0,0,43.72,0
103627,Postpaid,West,Web,48,26.57,23.94,1,1,31.58,0
103628,Postpaid,West,Store,61,34.02,17.44,1,2,36.3,0
103629,Prepaid,South,App,72,17.45,7.11,1,2,17.45,0
103630,Prepaid,West,App,51,19.94,0.2,3,3,19.94,1
103631,Business,East,App,29,46.24,20.46,0,2,49.79,0
103632,Postpaid,North,Store,37,31.71,21.3,0,2,35.61,0
103633,Postpaid,Central,Partner,10,40.87,15.74,1,1,42.45,0
103634,Postpaid,West,App,46,32.21,6.03,2,2,32.21,0
103635,Prepaid,Central,Partner,10,16.15,6.73,0,3,16.15,1
103636,Family,West,App,19,38.03,14.62,1,4,39.13,0
103637,Prepaid,South,App,37,22.86,5.09,1,3,22.86,0
103638,Family,East,Store,35,40.45,22.16,3,3,44.72,0
103639,Postpaid,South,Partner,28,32.47,30.58,0,2,40.28,0
103640,Prepaid,North,Store,47,28.58,5.39,1,3,28.58,0
103641,Prepaid,East,Web,66,11.77,11.86,1,2,11.77,0
103642,Family,South,Store,67,42.37,8.74,1,2,42.37,0
103643,Prepaid,North,Web,37,16.64,4.17,1,2,16.64,1
103644,Prepaid,Central,Web,40,19.88,8.67,0,1,19.88,0
103645,Family,North,Web,33,40.47,33.71,2,2,49.58,0
103646,Postpaid,East,Store,65,43.46,8.81,0,4,43.46,0
103647,Postpaid,West,Store,63,28.57,16.13,2,2,30.3,0
103648,Prepaid,West,Partner,4,22.23,9.09,1,6,22.23,0
103649,Family,North,Store,58,21.38,15.87,0,2,23.01,0
103650,Prepaid,West,App,3,18.75,1.63,0,8,18.75,0
103651,Prepaid,West,Partner,52,14.93,12.16,3,2,15.0,1
103652,Prepaid,Central,Web,25,10.78,16.03,2,1,12.48,0
103653,Prepaid,South,Store,38,22.91,10.66,0,5,22.91,1
103654,Prepaid,North,Web,57,20.33,7.43,0,2,20.33,0
103655,Prepaid,West,App,17,13.51,5.97,1,2,13.51,0
103656,Prepaid,South,App,10,22.58,11.65,3,2,22.58,0
103657,Postpaid,West,App,41,25.53,17.17,1,2,27.7,0
103658,Family,West,Web,61,44.24,20.08,1,2,47.64,0
103659,Prepaid,West,Web,9,11.09,9.62,1,2,11.09,1
103660,Prepaid,Central,Web,28,16.49,11.02,1,2,16.49,0
103661,Family,East,App,39,49.78,11.59,5,3,49.78,0
103662,Family,Central,Partner,17,39.54,18.81,2,5,42.4,1
103663,Postpaid,West,App,62,20.5,26.52,2,3,26.6,1
103664,Prepaid,North,App,44,21.91,10.26,1,2,21.91,0
103665,Postpaid,West,Partner,38,32.24,15.78,1,4,33.83,0
103666,Prepaid,West,Web,10,22.48,3.69,0,1,22.48,0
103667,Prepaid,Central,Partner,5,14.0,0.2,2,2,14.0,1
103668,Postpaid,South,Store,12,20.3,14.24,0,2,21.24,0
103669,Postpaid,South,App,3,27.57,20.79,3,6,31.26,1
103670,Postpaid,West,App,39,29.4,12.46,3,2,29.59,1
103671,Postpaid,North,Web,62,33.8,9.18,1,3,33.8,1
103672,Prepaid,West,Store,55,23.35,10.3,1,3,23.35,0
103673,Postpaid,East,Web,17,33.21,20.98,2,2,36.98,1
103674,Family,North,App,15,37.48,14.65,1,5,38.59,0
103675,Family,North,App,38,42.52,19.05,0,3,45.48,0
103676,Prepaid,West,Web,56,12.66,8.78,0,6,12.66,0
103677,Postpaid,North,Partner,56,27.89,9.64,1,3,27.89,1
103678,Prepaid,West,App,38,18.06,4.97,3,3,18.06,1
103679,Prepaid,West,App,19,19.75,2.49,1,3,19.75,1
103680,Family,West,App,35,45.97,26.83,0,3,52.2,1
103681,Prepaid,South,App,54,8.0,2.01,0,4,8.0,1
103682,Postpaid,North,Web,64,35.94,12.83,0,4,36.29,1
103683,Postpaid,West,Store,6,26.74,17.25,0,3,28.94,1
103684,Prepaid,North,App,56,16.34,1.12,0,7,16.34,0
103685,Prepaid,South,Web,54,9.79,5.42,1,5,9.79,0
103686,Postpaid,Central,Web,16,32.49,16.54,1,2,34.4,0
103687,Business,South,App,5,65.47,20.31,1,6,68.96,1
103688,Postpaid,South,Partner,23,37.85,0.2,2,3,37.85,1
103689,Postpaid,Central,Store,20,29.3,4.18,0,1,29.3,0
103690,Prepaid,North,App,9,20.13,9.07,1,1,20.13,1
103691,Postpaid,North,Partner,19,26.05,26.12,2,1,31.98,0
103692,Prepaid,East,App,15,16.52,11.19,1,1,16.52,1
103693,Postpaid,West,Partner,65,31.52,17.86,0,3,33.98,0
103694,Family,Central,Store,7,42.09,10.29,1,1,42.09,0
103695,Postpaid,West,Partner,39,24.92,3.97,3,1,24.92,1
103696,Prepaid,Central,App,24,17.31,7.52,2,4,17.31,1
103697,Prepaid,North,App,61,14.81,8.36,2,0,14.81,0
103698,Prepaid,West,Web,35,8.0,4.8,0,6,8.0,0
103699,Postpaid,North,Web,42,38.37,3.16,0,2,38.37,1
103700,Family,Central,Web,29,33.11,13.85,3,1,33.89,1
103701,Prepaid,Central,App,59,21.73,6.96,3,4,21.73,0
103702,Postpaid,South,Store,49,32.1,16.26,0,1,33.89,0
103703,Postpaid,West,App,40,35.37,7.39,1,1,35.37,0
103704,Prepaid,West,App,29,16.27,3.15,1,1,16.27,0
103705,Prepaid,North,Store,33,15.62,5.14,3,1,15.62,0
103706,Prepaid,West,Web,19,8.21,11.11,2,2,8.21,0
103707,Postpaid,Central,Store,48,27.36,25.52,3,3,33.04,0
103708,Postpaid,South,App,22,39.11,3.99,1,5,39.11,0
103709,Family,North,Web,21,46.91,14.63,1,2,48.02,0
103710,Family,Central,Partner,34,29.32,3.42,0,1,29.32,0
103711,Family,East,App,67,31.86,21.77,1,3,35.97,0
103712,Business,East,Web,32,45.24,25.71,3,3,51.0,0
103713,Family,West,Web,66,48.68,22.03,3,3,52.89,0
103714,Family,West,App,38,43.57,19.0,0,5,46.51,0
103715,Family,South,Web,6,43.64,25.27,0,2,49.22,0
103716,Family,North,Partner,43,35.0,22.61,1,7,39.45,0
103717,Family,West,Web,67,50.01,17.98,1,1,52.52,0
103718,Business,East,App,64,53.64,21.76,0,1,57.74,1
103719,Postpaid,West,Store,14,19.92,8.31,0,2,19.92,0
103720,Postpaid,Central,Web,20,36.71,23.72,0,1,41.64,0
103721,Postpaid,North,Store,50,29.25,8.37,1,1,29.25,0
103722,Family,Central,App,32,28.91,26.61,0,2,35.05,0
103723,Postpaid,West,App,60,35.8,12.4,0,1,35.97,0
103724,Family,Central,Web,38,25.2,41.26,1,1,37.49,0
103725,Family,South,Store,18,41.18,19.88,1,2,44.49,0
103726,Business,South,Partner,24,47.93,33.09,3,3,56.79,1
103727,Prepaid,West,App,9,12.92,12.68,1,3,13.21,0
103728,Postpaid,Central,Web,21,29.49,12.06,3,1,29.52,0
103729,Family,Central,App,55,45.52,23.91,0,7,50.52,0
103730,Business,East,Web,16,75.14,35.57,0,2,85.04,0
103731,Family,East,Web,32,26.14,29.27,1,2,33.4,0
103732,Postpaid,North,App,13,24.7,12.81,1,1,25.04,0
103733,Postpaid,West,App,36,28.9,30.87,0,1,36.82,0
103734,Prepaid,West,Partner,70,21.6,7.44,0,3,21.6,0
103735,Business,West,Web,55,65.26,36.41,1,7,75.51,1
103736,Prepaid,South,Store,56,20.48,8.47,1,4,20.48,0
103737,Family,Central,App,19,30.65,20.11,2,2,34.06,0
103738,Family,North,Partner,23,41.25,35.57,1,5,51.15,0
103739,Postpaid,East,Web,7,33.54,27.26,0,0,39.95,0
103740,Prepaid,East,App,67,19.28,15.25,0,3,20.65,1
103741,Prepaid,East,Store,69,25.67,6.37,0,0,25.67,0
103742,Family,West,App,25,33.36,26.19,0,3,39.32,1
103743,Postpaid,West,Web,51,37.93,1.78,0,2,37.93,0
103744,Prepaid,North,Web,16,18.59,11.73,4,0,18.59,1
103745,Postpaid,North,App,47,33.42,21.94,0,3,37.6,0
103746,Prepaid,East,App,7,19.86,3.04,1,4,19.86,1
103747,Family,West,App,24,38.25,27.88,0,3,44.91,0
103748,Prepaid,East,App,29,23.21,2.06,0,2,23.21,1
103749,Prepaid,South,Partner,72,27.35,5.98,3,2,27.35,0
103750,Prepaid,North,Web,34,24.47,5.86,1,3,24.47,0
103751,Postpaid,West,App,17,33.4,2.73,3,4,33.4,1
103752,Postpaid,East,App,4,31.9,4.87,0,2,31.9,1
103753,Family,East,App,13,35.85,5.27,1,1,35.85,0
103754,Postpaid,East,Web,18,30.25,3.63,4,3,30.25,1
103755,Postpaid,South,App,23,33.89,25.02,1,2,39.36,0
103756,Prepaid,South,App,10,21.8,18.7,0,4,24.61,0
103757,Prepaid,North,Partner,54,13.38,8.69,2,1,13.38,1
103758,Business,West,Store,28,45.17,11.86,2,2,45.17,0
103759,Prepaid,South,Web,18,15.7,7.06,1,0,15.7,0
103760,Business,South,App,38,44.56,7.8,2,2,44.56,0
103761,Prepaid,Central,App,23,18.24,16.81,1,2,20.26,0
103762,Prepaid,South,Partner,50,25.9,11.24,3,1,25.9,1
103763,Prepaid,East,Web,39,13.14,8.79,1,6,13.14,1
103764,Prepaid,South,Web,68,13.21,1.28,1,5,13.21,0
103765,Family,South,Store,47,35.81,26.89,3,2,42.06,1
103766,Postpaid,North,App,27,33.06,14.31,2,3,34.03,0
103767,Prepaid,Central,Store,11,14.06,13.41,2,3,14.66,0
103768,Postpaid,East,App,8,29.3,25.01,2,0,34.76,1
103769,Postpaid,West,App,48,26.78,16.47,3,1,28.66,0
103770,Business,Central,Store,3,59.0,13.82,1,2,59.76,0
103771,Business,North,App,28,48.2,17.74,0,5,50.61,0
103772,Postpaid,West,App,2,32.94,17.18,0,2,35.11,0
103773,Family,North,App,25,28.94,14.74,1,3,30.1,0
103774,Family,East,App,64,44.31,21.43,0,3,48.27,0
103775,Postpaid,Central,Web,6,32.37,6.53,1,3,32.37,0
103776,Postpaid,North,Partner,71,24.24,14.28,2,2,25.2,0
103777,Prepaid,Central,App,71,26.93,5.26,0,3,26.93,1
103778,Family,East,App,63,26.26,28.93,0,2,33.37,1
103779,Business,South,Web,50,45.45,22.1,1,2,49.69,0
103780,Prepaid,North,App,13,18.51,8.69,1,4,18.51,0
103781,Family,East,Web,8,38.84,13.97,1,2,39.67,0
103782,Business,East,App,67,60.47,29.96,0,2,68.01,1
103783,Prepaid,South,Web,27,20.29,0.54,1,1,20.29,0
103784,Postpaid,East,App,33,21.49,3.6,1,3,21.49,0
103785,Business,North,Web,6,48.5,21.19,2,2,52.36,0
103786,Business,Central,Store,5,67.86,17.34,1,2,70.1,0
103787,Prepaid,South,App,39,18.2,7.98,0,2,18.2,0
103788,Postpaid,East,App,30,28.26,7.22,0,2,28.26,0
103789,Postpaid,West,Store,51,39.27,9.21,3,5,39.27,1
103790,Prepaid,West,Partner,61,20.06,9.43,0,2,20.06,1
103791,Prepaid,Central,Store,5,9.26,6.75,1,1,9.26,1
103792,Prepaid,Central,App,70,12.24,8.33,2,3,12.24,1
103793,Prepaid,North,Store,67,27.21,6.23,0,4,27.21,0
103794,Postpaid,South,App,42,35.9,16.25,1,1,37.69,0
103795,Postpaid,West,Web,27,37.08,29.73,1,5,44.53,0
103796,Postpaid,North,Web,12,24.17,4.41,1,2,24.17,0
103797,Family,West,App,17,30.28,8.79,2,3,30.28,0
103798,Postpaid,North,Store,51,29.22,10.87,1,1,29.22,1
103799,Prepaid,Central,Web,10,11.17,6.8,1,2,11.17,1
103800,Prepaid,West,App,70,12.96,2.74,1,2,12.96,0
103801,Prepaid,East,Store,11,14.56,0.2,1,5,14.56,0
103802,Prepaid,East,Store,55,14.19,8.24,3,2,14.19,0
103803,Prepaid,Central,Store,62,11.56,12.04,0,3,11.58,0
103804,Prepaid,West,Store,22,22.6,9.95,1,4,22.6,0
103805,Prepaid,West,Store,35,25.37,8.4,0,2,25.37,0
103806,Postpaid,West,Web,42,39.66,15.68,1,2,41.2,0
103807,Postpaid,North,Store,58,35.43,12.22,0,3,35.52,0
103808,Business,North,Web,4,58.51,20.59,3,0,62.12,0
103809,Family,North,Store,17,27.55,15.47,0,0,29.01,0
103810,Postpaid,West,Web,11,33.6,20.94,1,2,37.36,0
103811,Prepaid,West,App,23,11.49,9.92,2,3,11.49,0
103812,Postpaid,South,Store,49,28.19,14.05,1,1,29.05,0
103813,Prepaid,Central,Store,30,19.29,8.03,0,2,19.29,0
103814,Postpaid,North,App,36,35.7,23.88,1,2,40.69,0
103815,Postpaid,West,App,33,42.07,13.85,2,3,42.85,0
103816,Postpaid,East,Store,1,31.16,20.73,2,6,34.83,1
103817,Prepaid,East,App,8,25.47,10.89,0,3,25.47,0
103818,Postpaid,North,App,17,33.58,16.87,2,4,35.63,0
103819,Family,West,App,4,37.03,32.65,2,0,45.71,0
103820,Family,West,Store,60,28.64,20.5,0,1,32.21,0
103821,Postpaid,South,Partner,72,29.21,24.65,4,1,34.52,1
103822,Postpaid,East,Web,35,32.86,15.19,0,2,34.2,0
103823,Prepaid,West,Partner,48,16.11,7.51,1,2,16.11,1
103824,Family,South,Partner,5,40.94,30.42,3,3,48.68,0
103825,Postpaid,West,App,4,27.36,18.53,2,4,30.1,1
103826,Prepaid,East,App,44,19.48,8.85,0,3,19.48,0
103827,Prepaid,Central,App,56,14.6,6.35,3,3,14.6,1
103828,Business,West,App,67,43.26,34.42,0,3,52.68,0
103829,Postpaid,North,Web,27,33.39,18.25,0,3,36.01,0
103830,Postpaid,West,Partner,31,33.16,16.13,1,3,34.9,0
103831,Postpaid,South,Store,58,28.11,28.94,1,1,35.23,0
103832,Postpaid,Central,Partner,11,34.63,8.58,1,2,34.63,1
103833,Postpaid,West,Web,69,24.04,16.72,0,4,26.02,0
103834,Prepaid,North,Store,22,11.38,6.57,2,2,11.38,0
103835,Postpaid,West,App,2,17.81,10.08,1,3,17.81,0
103836,Postpaid,North,Partner,57,20.16,11.31,1,6,20.16,0
103837,Prepaid,Central,Web,70,20.62,0.2,3,0,20.62,1
103838,Family,Central,App,35,48.46,24.36,0,0,53.65,0
103839,Prepaid,West,App,12,8.8,11.19,1,5,8.8,0
103840,Postpaid,East,Web,11,21.88,0.2,2,2,21.88,0
103841,Postpaid,West,Web,22,44.62,21.39,1,2,48.57,0
103842,Postpaid,East,Store,39,25.35,16.27,4,1,27.14,0
103843,Postpaid,North,Partner,46,33.16,19.64,0,4,36.36,0
103844,Business,Central,App,51,45.51,35.03,2,5,55.18,0
103845,Postpaid,South,Partner,52,34.76,15.9,0,4,36.4,0
103846,Family,South,Store,18,50.16,24.44,2,5,55.38,1
103847,Postpaid,North,Web,13,25.52,15.41,0,2,26.95,0
103848,Prepaid,Central,Partner,69,23.68,6.98,3,3,23.68,0
103849,Prepaid,Central,Web,10,28.15,10.4,2,0,28.15,1
103850,Postpaid,South,App,37,23.97,16.79,2,1,25.98,0
103851,Prepaid,South,Web,21,8.0,6.09,0,4,8.0,0
103852,Postpaid,West,Store,53,34.41,12.46,0,5,34.6,1
103853,Postpaid,East,App,24,36.7,7.28,1,3,36.7,0
103854,Postpaid,Central,Web,8,25.92,12.24,3,1,26.02,0
103855,Prepaid,Central,Store,23,12.98,16.92,1,2,15.05,1
103856,Family,West,Store,8,34.89,19.53,2,5,38.06,1
103857,Postpaid,North,App,13,30.93,15.08,0,2,32.23,0
103858,Postpaid,West,App,35,24.0,16.86,0,0,26.04,0
103859,Prepaid,Central,App,70,9.65,14.59,4,3,10.74,0
103860,Postpaid,South,Web,15,13.45,27.47,3,3,19.95,0
103861,Prepaid,Central,App,58,22.18,6.8,2,3,22.18,1
103862,Postpaid,South,Store,38,29.08,6.58,2,8,29.08,0
103863,Postpaid,Central,Store,71,37.98,11.87,1,1,37.98,0
103864,Business,West,App,38,70.12,25.83,0,5,75.92,0
103865,Prepaid,North,App,8,12.78,12.92,2,6,13.17,0
103866,Postpaid,East,App,30,41.78,9.93,1,3,41.78,1
103867,Prepaid,North,Partner,6,21.53,6.89,0,4,21.53,0
103868,Postpaid,South,Partner,16,21.02,17.43,0,2,23.3,0
103869,Postpaid,Central,App,39,35.48,6.5,1,1,35.48,0
103870,Postpaid,South,App,65,36.27,11.79,2,3,36.27,0
103871,Prepaid,Central,Store,45,16.07,13.72,3,2,16.79,1
103872,Prepaid,North,App,27,18.56,11.31,1,0,18.56,0
103873,Prepaid,West,Store,46,15.31,6.33,2,2,15.31,0
103874,Business,Central,Store,18,48.96,24.64,2,4,54.27,1
103875,Postpaid,West,Web,7,24.68,12.49,0,2,24.88,0
103876,Prepaid,Central,App,53,20.3,10.72,2,1,20.3,0
103877,Business,Central,Partner,61,64.7,14.93,1,4,65.93,0
103878,Prepaid,West,App,45,18.05,9.31,2,3,18.05,1
103879,Postpaid,West,App,36,26.73,12.43,2,2,26.91,1
103880,Postpaid,North,Partner,33,30.77,14.54,1,3,31.84,1
103881,Family,East,App,27,29.61,20.26,4,3,33.08,1
103882,Postpaid,South,App,70,27.83,27.86,0,4,34.49,0
103883,Postpaid,West,App,37,27.79,27.51,0,3,34.3,0
103884,Business,West,Web,63,47.46,26.51,0,4,53.55,0
103885,Prepaid,West,Store,3,12.52,9.8,2,4,12.52,1
103886,Business,Central,Store,26,56.24,20.6,0,2,59.85,0
103887,Family,North,App,16,38.28,28.7,2,3,45.3,0
103888,Business,Central,App,9,66.39,28.98,3,2,73.52,0
103889,Prepaid,North,App,72,20.83,6.42,1,1,20.83,1
103890,Prepaid,South,Store,4,14.95,6.96,2,4,14.95,0
103891,Postpaid,West,App,40,27.03,19.64,1,3,30.24,0
103892,Postpaid,South,Store,16,27.41,5.97,1,2,27.41,0
103893,Postpaid,West,Web,6,38.42,8.21,0,4,38.42,0
103894,Business,West,Store,71,55.63,18.52,0,1,58.37,1
103895,Postpaid,West,Store,22,44.94,25.07,0,3,50.43,0
103896,Prepaid,North,Store,26,19.42,11.97,1,2,19.42,0
103897,Postpaid,North,App,14,39.04,17.97,1,2,41.54,0
103898,Prepaid,North,Store,50,29.56,2.58,0,4,29.56,0
103899,Prepaid,East,App,67,16.68,7.74,1,3,16.68,0
103900,Prepaid,North,Web,25,15.88,9.05,2,3,15.88,0
103901,Family,South,Store,59,55.1,25.67,3,1,60.85,0
103902,Postpaid,Central,Store,30,26.66,10.23,0,1,26.66,0
103903,Postpaid,Central,Web,40,39.98,3.07,1,3,39.98,1
103904,Postpaid,West,App,58,25.13,27.21,0,0,31.52,1
103905,Postpaid,North,App,69,26.88,18.63,3,2,29.66,1
103906,Family,East,Partner,44,51.94,22.68,0,2,56.43,1
103907,Family,North,App,27,21.95,14.71,4,1,23.09,0
103908,Postpaid,South,App,34,31.97,2.77,2,2,31.97,0
103909,Family,East,App,63,37.5,16.8,1,2,39.52,0
103910,Postpaid,Central,App,26,29.32,21.69,2,2,33.39,0
103911,Postpaid,West,Store,34,23.31,5.92,1,2,23.31,0
103912,Family,South,Web,56,26.65,32.38,0,3,35.22,0
103913,Postpaid,West,Web,62,34.17,6.57,0,1,34.17,0
103914,Postpaid,Central,Store,33,27.92,7.86,1,3,27.92,0
103915,Prepaid,North,Web,65,24.23,9.52,0,3,24.23,0
103916,Postpaid,West,Web,63,26.02,5.56,0,3,26.02,0
103917,Postpaid,South,App,34,24.42,0.2,1,1,24.42,1
103918,Postpaid,North,Store,20,23.52,14.47,1,1,24.55,0
103919,Postpaid,Central,App,13,24.44,31.23,0,1,32.52,0
103920,Prepaid,North,App,9,17.97,18.24,2,4,20.59,0
103921,Family,West,Web,14,37.76,17.79,3,1,40.2,0
103922,Postpaid,North,Web,5,21.78,9.36,0,3,21.78,0
103923,Business,West,Partner,21,60.88,19.56,1,1,64.06,0
103924,Prepaid,West,Store,72,24.96,9.73,1,1,24.96,1
103925,Postpaid,Central,App,17,34.59,7.52,0,1,34.59,1
103926,Postpaid,West,App,28,30.5,22.51,2,2,34.92,1
103927,Family,West,App,28,40.9,19.24,2,4,43.94,0
103928,Prepaid,South,App,38,20.61,7.83,1,5,20.61,1
103929,Family,North,Store,37,51.6,19.75,2,2,54.85,0
103930,Postpaid,West,Web,42,18.75,12.61,0,3,19.01,1
103931,Postpaid,East,App,7,36.83,28.9,0,2,43.93,0
103932,Postpaid,North,App,24,25.23,16.89,1,1,27.28,0
103933,Prepaid,Central,App,66,20.36,2.89,0,3,20.36,1
103934,Postpaid,South,Web,71,35.2,11.99,3,3,35.2,0
103935,Prepaid,North,App,1,22.56,5.49,1,1,22.56,0
103936,Postpaid,Central,App,46,26.51,3.16,2,2,26.51,1
103937,Postpaid,East,App,10,32.88,0.2,3,0,32.88,0
103938,Postpaid,West,App,39,35.68,7.52,1,1,35.68,0
103939,Prepaid,North,App,1,20.72,4.05,0,3,20.72,0
103940,Prepaid,South,Web,55,25.76,17.37,2,4,28.01,1
103941,Prepaid,West,App,72,14.56,4.75,0,8,14.56,0
103942,Prepaid,South,App,9,25.25,5.78,3,3,25.25,1
103943,Postpaid,West,App,30,29.56,25.38,1,3,35.18,0
103944,Prepaid,South,App,14,16.53,2.85,1,3,16.53,1
103945,Family,South,Partner,15,33.26,39.5,1,2,44.81,0
103946,Prepaid,North,Web,58,18.05,3.46,1,4,18.05,1
103947,Prepaid,South,Store,9,21.9,7.4,1,4,21.9,1
103948,Family,South,Store,9,44.55,12.46,1,3,44.74,0
103949,Prepaid,West,App,27,18.44,10.56,0,3,18.44,1
103950,Postpaid,East,App,23,36.63,10.99,2,3,36.63,1
103951,Business,North,App,71,52.68,25.02,3,6,58.14,1
103952,Business,East,Web,29,53.31,28.51,3,3,60.25,1
103953,Postpaid,South,Web,40,21.51,16.29,3,3,23.31,0
103954,Prepaid,East,App,8,22.76,4.34,2,4,22.76,0
103955,Postpaid,Central,Web,26,28.0,14.8,2,0,29.17,1
103956,Business,West,App,15,47.54,37.94,0,2,58.44,0
103957,Business,West,App,27,61.74,21.04,1,3,65.53,0
103958,Prepaid,South,App,22,17.79,15.27,1,2,19.16,1
103959,Postpaid,North,App,9,37.28,12.7,2,1,37.58,1
103960,Prepaid,West,App,40,15.23,15.33,1,1,16.62,0
103961,Prepaid,East,Partner,38,17.97,12.66,1,5,18.25,1
103962,Postpaid,West,App,38,24.18,13.86,0,2,24.96,0
103963,Prepaid,Central,App,31,16.1,2.53,1,3,16.1,1
103964,Postpaid,South,App,38,35.74,15.4,1,3,37.17,1
103965,Prepaid,West,App,53,19.22,4.05,0,3,19.22,0
103966,Postpaid,East,App,19,21.2,12.15,1,3,21.26,1
103967,Prepaid,South,App,14,24.55,10.53,0,5,24.55,0
103968,Postpaid,North,App,49,40.77,8.82,0,3,40.77,0
103969,Prepaid,West,App,10,15.33,6.9,0,6,15.33,0
103970,Business,South,App,26,70.59,22.6,1,0,75.04,0
103971,Prepaid,West,Web,42,12.97,10.37,1,3,12.97,0
103972,Postpaid,West,Partner,43,18.71,17.91,0,0,21.19,1
103973,Prepaid,East,App,54,12.76,14.05,0,3,13.62,0
103974,Prepaid,East,Web,34,16.73,5.74,1,1,16.73,0
103975,Prepaid,West,Web,36,24.87,13.46,1,1,25.48,0
103976,Prepaid,East,Store,4,18.94,4.38,1,3,18.94,1
103977,Prepaid,Central,Web,57,9.36,5.83,1,4,9.36,1
103978,Postpaid,North,Store,18,23.26,16.2,0,4,25.02,1
103979,Postpaid,Central,Partner,61,32.0,13.4,0,4,32.59,0
103980,Prepaid,North,App,47,19.45,4.94,0,1,19.45,0
103981,Postpaid,South,Store,66,27.0,16.47,0,3,28.88,0
103982,Postpaid,West,Web,64,27.73,18.91,0,3,30.63,0
103983,Prepaid,North,Partner,28,20.93,5.05,1,4,20.93,0
103984,Postpaid,South,Store,29,30.61,14.7,3,2,31.74,0
103985,Prepaid,North,Partner,66,19.19,10.53,3,4,19.19,0
103986,Prepaid,West,Web,64,17.3,5.01,1,3,17.3,1
103987,Postpaid,East,Web,52,30.73,13.73,3,1,31.46,0
103988,Business,North,Web,67,72.81,20.15,1,2,76.23,1
103989,Business,East,Web,45,55.68,21.93,3,6,59.85,1
103990,Business,South,Store,2,62.12,24.32,2,2,67.29,0
103991,Postpaid,Central,Web,40,25.87,5.98,0,2,25.87,0
103992,Prepaid,North,App,27,15.98,8.19,2,5,15.98,0
103993,Prepaid,West,Partner,2,21.32,1.14,1,5,21.32,0
103994,Prepaid,East,Web,41,19.59,5.35,4,6,19.59,1
103995,Prepaid,East,Store,41,17.52,14.02,1,1,18.37,1
103996,Prepaid,Central,App,53,16.48,5.62,0,0,16.48,0
103997,Postpaid,South,App,57,31.88,16.96,0,1,33.96,0
103998,Prepaid,West,App,24,14.66,1.21,0,0,14.66,0
103999,Prepaid,East,App,72,10.79,9.9,0,4,10.79,0
104000,Postpaid,West,Web,32,27.02,9.31,2,3,27.02,0
104001,Postpaid,South,Web,32,28.9,17.98,0,4,31.41,0
104002,Family,South,Web,14,37.97,21.59,0,2,42.0,0
104003,Prepaid,North,App,72,20.7,16.13,1,3,22.43,1
104004,Postpaid,North,Partner,29,29.17,11.09,2,2,29.17,0
104005,Prepaid,Central,Web,13,20.62,5.18,3,1,20.62,1
104006,Postpaid,West,Web,61,26.08,7.92,0,6,26.08,0
104007,Prepaid,South,App,69,19.06,0.2,1,1,19.06,0
104008,Prepaid,East,Web,16,13.18,14.0,1,1,14.02,0
104009,Postpaid,West,App,43,41.53,19.09,1,2,44.5,0
104010,Prepaid,South,App,66,12.56,6.73,1,5,12.56,0
104011,Prepaid,East,Store,48,22.31,4.47,1,3,22.31,0
104012,Business,West,Web,32,61.27,38.88,0,0,72.56,0
104013,Prepaid,South,App,42,8.27,5.01,1,2,8.27,0
104014,Postpaid,East,Partner,8,23.3,6.95,2,6,23.3,1
104015,Postpaid,South,Web,71,29.82,15.53,1,1,31.3,0
104016,Prepaid,North,Store,37,11.32,8.28,0,2,11.32,0
104017,Postpaid,West,App,4,32.07,11.56,0,1,32.07,1
104018,Prepaid,West,App,25,16.35,8.33,0,6,16.35,1
104019,Family,Central,Store,30,36.16,14.15,1,0,37.07,0
104020,Prepaid,North,Web,72,11.12,14.24,1,4,12.06,0
104021,Prepaid,West,Store,64,15.01,7.06,2,1,15.01,1
104022,Prepaid,Central,App,22,22.27,10.48,2,4,22.27,1
104023,Family,West,App,13,40.64,21.59,4,4,44.66,0
104024,Family,Central,App,4,37.02,4.89,1,4,37.02,0
104025,Business,Central,Store,42,51.46,32.72,3,4,60.16,1
104026,Postpaid,West,Store,33,25.44,22.59,2,4,29.89,1
104027,Postpaid,Central,App,38,13.78,15.27,0,3,15.16,1
104028,Postpaid,West,Store,20,23.5,8.16,1,3,23.5,1
104029,Family,East,Web,59,36.09,30.11,0,2,43.7,0
104030,Postpaid,Central,App,38,13.09,22.86,1,1,17.65,0
104031,Postpaid,West,App,67,20.58,13.8,1,2,21.33,0
104032,Postpaid,North,Store,18,40.45,9.99,1,2,40.45,0
104033,Postpaid,South,Partner,19,24.24,13.09,0,1,24.7,0
104034,Prepaid,South,App,43,11.72,5.77,3,4,11.72,1
104035,Postpaid,Central,App,50,29.91,8.17,0,1,29.91,0
104036,Prepaid,South,Store,22,21.9,5.37,0,5,21.9,0
104037,Family,South,App,40,33.58,27.29,1,3,40.0,0
104038,Postpaid,East,Partner,37,29.28,11.34,0,3,29.28,1
104039,Family,North,Web,48,27.33,23.82,2,3,32.3,1
104040,Postpaid,Central,App,46,35.66,19.15,2,3,38.67,0
104041,Family,East,Web,15,42.42,17.36,1,3,44.67,1
104042,Prepaid,North,Web,9,23.53,0.2,1,0,23.53,1
104043,Business,South,Store,20,58.99,40.77,1,2,71.08,0
104044,Postpaid,West,App,10,22.47,11.52,1,3,22.47,0
104045,Prepaid,West,Web,40,12.69,3.99,4,2,12.69,1
104046,Prepaid,East,Partner,37,15.08,9.68,0,1,15.08,0
104047,Prepaid,South,App,1,15.01,7.87,1,8,15.01,1
104048,Postpaid,Central,App,60,26.88,11.88,0,4,26.88,0
104049,Postpaid,West,Partner,52,23.83,23.85,0,6,28.8,1
104050,Business,West,App,34,58.81,19.14,4,3,61.81,1
104051,Postpaid,East,App,12,28.1,15.7,1,3,29.65,0
104052,Postpaid,Central,App,12,20.05,16.7,1,6,22.02,0
104053,Postpaid,West,Web,68,30.57,25.36,1,1,36.18,0
104054,Family,East,Web,17,54.02,13.78,1,3,54.77,1
104055,Family,Central,App,62,50.01,19.4,0,5,53.12,0
104056,Prepaid,Central,App,48,15.94,9.54,1,5,15.94,0
104057,Business,West,Store,45,39.52,27.99,0,2,46.24,0
104058,Postpaid,West,Web,61,31.92,2.5,1,3,31.92,0
104059,Family,East,App,65,37.73,16.66,3,3,39.69,0
104060,Business,East,Store,20,47.92,34.4,2,2,57.33,0
104061,Postpaid,North,Store,72,25.31,8.01,5,1,25.31,0
104062,Prepaid,West,App,10,20.67,10.36,2,3,20.67,1
104063,Postpaid,South,App,56,38.9,16.17,1,0,40.65,0
104064,Prepaid,South,Partner,28,27.22,1.81,0,2,27.22,0
104065,Family,Central,Web,46,29.55,4.65,0,3,29.55,0
104066,Prepaid,North,App,61,21.99,11.01,2,5,21.99,1
104067,Postpaid,West,Web,33,29.15,5.46,0,2,29.15,0
104068,Family,South,Store,6,43.81,17.95,1,2,46.31,1
104069,Prepaid,North,Partner,59,23.82,12.53,1,2,24.05,0
104070,Postpaid,North,Partner,10,28.78,9.9,2,0,28.78,1
104071,Postpaid,East,Store,51,29.8,11.65,0,1,29.8,0
104072,Postpaid,East,Store,32,28.14,10.44,1,2,28.14,0
104073,Prepaid,South,App,35,19.85,11.54,1,1,19.85,0
104074,Prepaid,West,Store,19,14.66,10.6,3,1,14.66,0
104075,Postpaid,East,App,37,34.99,11.3,2,3,34.99,0
104076,Postpaid,North,Web,14,24.36,9.05,0,1,24.36,0
104077,Postpaid,South,App,17,31.93,8.87,1,4,31.93,0
104078,Prepaid,North,Web,35,15.95,8.44,1,5,15.95,1
104079,Postpaid,North,Partner,57,37.97,7.14,1,5,37.97,0
104080,Postpaid,South,App,37,31.48,9.53,1,2,31.48,1
104081,Prepaid,West,Store,64,30.31,3.23,0,2,30.31,1
104082,Family,West,Web,20,38.28,16.41,4,0,40.13,0
104083,Prepaid,Central,Store,2,12.11,3.42,3,2,12.11,1
104084,Postpaid,West,Partner,23,30.44,11.16,1,0,30.44,0
104085,Business,East,Store,9,51.82,26.77,0,2,58.02,0
104086,Postpaid,South,App,38,25.38,6.98,4,3,25.38,1
104087,Postpaid,North,Store,72,37.92,22.41,1,5,42.29,1
104088,Prepaid,West,Store,36,14.73,0.87,1,4,14.73,1
104089,Prepaid,South,App,13,21.62,3.82,0,5,21.62,1
104090,Prepaid,South,Web,43,13.47,9.6,1,2,13.47,0
104091,Family,Central,Store,54,37.13,22.2,1,3,41.41,0
104092,Family,North,App,63,31.55,26.15,0,4,37.49,0
104093,Prepaid,North,App,35,16.77,0.2,1,3,16.77,0
104094,Prepaid,Central,App,31,22.6,6.56,2,3,22.6,1
104095,Prepaid,South,Store,38,14.17,8.08,2,3,14.17,1
104096,Postpaid,South,Store,16,35.51,14.09,0,3,36.39,0
104097,Postpaid,North,App,8,27.97,1.75,0,1,27.97,0
104098,Postpaid,South,Web,56,25.35,6.59,2,1,25.35,0
104099,Family,Central,Partner,10,37.7,14.81,0,2,38.88,0
104100,Prepaid,West,Store,50,17.7,7.23,0,0,17.7,0
104101,Postpaid,East,Web,42,25.81,0.2,0,3,25.81,0
104102,Postpaid,South,Partner,34,31.93,18.2,1,4,34.53,1
104103,Prepaid,South,App,28,8.0,5.7,1,5,8.0,0
104104,Family,West,App,71,45.75,18.54,3,1,48.5,0
104105,Prepaid,South,App,58,13.26,5.31,0,3,13.26,1
104106,Postpaid,North,Store,12,30.8,7.07,0,6,30.8,0
104107,Family,West,App,70,40.56,30.11,5,3,48.17,1
104108,Family,Central,Store,10,39.47,5.03,1,4,39.47,0
104109,Postpaid,Central,Store,59,35.48,11.79,1,3,35.48,0
104110,Prepaid,Central,App,31,13.46,9.6,1,8,13.46,1
104111,Family,East,App,30,32.9,16.87,1,3,34.94,1
104112,Family,West,App,37,20.81,8.67,1,4,20.81,0
104113,Postpaid,Central,Store,35,38.96,6.26,2,3,38.96,0
104114,Family,North,App,10,43.71,37.57,1,3,54.45,1
104115,Prepaid,East,App,12,13.72,3.9,2,2,13.72,1
104116,Postpaid,South,App,53,28.84,1.02,0,1,28.84,1
104117,Family,Central,Web,51,45.56,24.68,1,2,50.89,0
104118,Prepaid,Central,App,29,26.38,10.29,2,2,26.38,0
104119,Postpaid,West,Web,33,25.2,17.04,1,4,27.32,0
104120,Business,South,Web,28,39.75,22.46,1,4,44.14,0
104121,Family,Central,Store,62,43.02,37.95,1,0,53.92,0
104122,Family,North,App,5,37.04,29.28,3,3,44.3,0
104123,Postpaid,North,Store,47,30.52,15.85,0,1,32.13,0
104124,Business,West,App,23,58.73,23.52,1,2,63.57,1
104125,Prepaid,West,Web,13,22.53,10.48,0,3,22.53,1
104126,Postpaid,Central,Web,12,22.78,12.64,2,2,23.05,1
104127,Postpaid,South,App,30,35.67,17.85,1,2,38.12,0
104128,Family,South,App,11,35.67,24.42,5,1,40.88,1
104129,Family,East,Web,49,50.14,20.15,3,3,53.57,0
104130,Family,North,Store,24,38.87,12.81,1,1,39.21,0
104131,Postpaid,Central,App,62,33.18,2.31,0,2,33.18,0
104132,Postpaid,South,Web,11,31.36,0.2,1,1,31.36,1
104133,Postpaid,North,App,26,36.74,23.29,2,7,41.48,1
104134,Postpaid,South,Partner,28,31.5,17.39,2,2,33.76,1
104135,Prepaid,West,Web,49,21.4,6.6,1,0,21.4,0
104136,Postpaid,Central,App,22,29.39,24.85,1,2,34.78,1
104137,Family,South,App,13,40.86,17.63,0,3,43.23,0
104138,Postpaid,North,App,30,23.98,23.31,0,6,28.73,0
104139,Family,Central,Web,66,44.83,31.4,1,6,52.98,0
104140,Postpaid,East,App,59,29.12,13.98,0,6,29.95,1
104141,Postpaid,South,App,42,33.37,32.4,1,2,41.94,0
104142,Prepaid,North,Web,72,26.05,10.66,0,4,26.05,0
104143,Postpaid,Central,App,56,33.63,0.2,1,1,33.63,0
104144,Postpaid,West,App,56,29.36,15.49,3,1,30.82,0
104145,Prepaid,South,Web,29,25.31,3.9,2,3,25.31,0
104146,Prepaid,North,Store,36,22.65,13.73,2,3,23.37,1
104147,Postpaid,North,Store,68,29.43,22.21,0,1,33.72,0
104148,Postpaid,South,App,67,23.12,10.61,0,6,23.12,0
104149,Postpaid,North,Store,52,28.44,15.97,1,2,30.11,0
104150,Prepaid,South,Store,8,18.6,15.57,0,3,20.1,0
104151,Postpaid,North,App,12,29.97,15.99,0,0,31.65,0
104152,Postpaid,South,Partner,33,27.56,18.5,0,9,30.29,1
104153,Postpaid,East,App,40,33.01,16.23,2,1,34.79,0
104154,Postpaid,East,App,45,21.03,11.5,1,7,21.03,1
104155,Prepaid,West,Web,20,22.77,4.52,1,6,22.77,0
104156,Family,South,App,57,36.97,18.39,2,11,39.65,0
104157,Prepaid,Central,Partner,61,8.0,6.26,0,0,8.0,0
104158,Postpaid,Central,App,16,28.53,11.85,0,3,28.53,0
104159,Prepaid,Central,App,57,16.93,12.06,4,5,16.95,1
104160,Postpaid,North,App,11,30.25,1.64,1,5,30.25,0
104161,Prepaid,South,App,36,16.79,10.01,0,1,16.79,0
104162,Family,West,Partner,64,48.8,23.94,0,0,53.81,1
104163,Postpaid,North,Partner,22,28.27,2.61,1,1,28.27,0
104164,Postpaid,North,Store,50,21.99,16.95,1,2,24.07,0
104165,Prepaid,North,App,62,8.77,3.69,1,1,8.77,0
104166,Prepaid,West,Store,36,26.64,10.71,3,4,26.64,0
104167,Postpaid,West,App,62,20.95,14.52,3,1,22.01,0
104168,Postpaid,South,App,46,30.27,19.11,2,3,33.25,1
104169,Postpaid,Central,App,37,29.37,18.03,0,3,31.91,0
104170,Business,West,App,9,40.2,10.66,0,2,40.2,0
104171,Postpaid,North,App,52,24.0,21.33,1,4,27.92,0
104172,Business,South,Web,23,64.01,20.79,0,2,67.7,0
104173,Prepaid,North,App,21,20.46,13.04,2,1,20.89,1
104174,Family,Central,App,67,36.49,30.71,3,3,44.35,0
104175,Postpaid,West,App,26,27.39,27.04,1,2,33.7,0
104176,Postpaid,West,Web,26,27.28,12.38,1,2,27.44,0
104177,Business,West,Web,68,51.62,29.46,1,4,58.96,0
104178,Postpaid,South,App,21,36.82,27.5,2,5,43.33,0
104179,Family,Central,Web,54,37.47,21.11,0,4,41.3,0
104180,Family,Central,Web,38,44.72,18.22,2,3,47.33,0
104181,Prepaid,West,App,6,13.86,15.81,1,2,15.46,1
104182,Postpaid,East,App,42,31.24,10.16,1,1,31.24,0
104183,Postpaid,North,Partner,33,30.95,14.43,1,0,31.97,1
104184,Family,North,App,53,53.07,32.67,1,0,61.75,0
104185,Family,North,App,29,44.46,20.48,2,4,48.02,1
104186,Prepaid,West,Store,18,20.07,8.45,1,3,20.07,1
104187,Prepaid,West,App,17,32.33,8.08,2,1,32.33,1
104188,Prepaid,Central,Web,39,20.09,9.4,0,3,20.09,0
104189,Postpaid,North,Web,72,22.35,9.05,2,2,22.35,0
104190,Prepaid,South,Web,33,24.46,2.91,1,2,24.46,1
104191,Family,North,Store,10,31.03,37.15,1,3,41.59,0
104192,Postpaid,Central,Web,60,14.21,32.72,1,1,22.92,1
104193,Family,West,App,23,34.32,11.2,2,1,34.32,1
104194,Prepaid,East,Web,31,21.67,7.74,0,1,21.67,0
104195,Postpaid,East,App,62,28.35,11.06,1,2,28.35,0
104196,Prepaid,East,App,8,19.05,9.92,3,3,19.05,1
104197,Family,South,Partner,10,41.71,17.29,1,3,43.93,0
104198,Prepaid,North,Partner,15,10.23,7.06,3,4,10.23,1
104199,Prepaid,South,Store,28,23.17,11.6,2,2,23.17,1
104200,Prepaid,South,Store,62,23.91,5.93,0,4,23.91,0
104201,Family,East,App,46,31.73,8.12,4,0,31.73,0
104202,Prepaid,South,Web,56,14.86,13.4,2,2,15.45,0
104203,Postpaid,West,App,25,23.57,9.91,0,5,23.57,0
104204,Family,East,App,30,46.67,10.91,0,2,46.67,0
104205,Family,East,App,30,25.65,28.0,2,3,32.37,0
104206,Prepaid,Central,Partner,9,15.25,4.21,3,1,15.25,1
104207,Prepaid,South,Partner,40,18.4,14.5,1,1,19.44,0
104208,Postpaid,West,Partner,24,29.7,4.76,1,0,29.7,1
104209,Prepaid,North,Web,69,17.19,4.5,1,3,17.19,0
104210,Postpaid,West,App,50,29.42,28.45,2,4,36.33,0
104211,Postpaid,East,App,63,35.83,19.11,1,2,38.81,0
104212,Postpaid,South,App,15,39.73,21.7,1,0,43.81,1
104213,Prepaid,North,App,9,12.71,4.92,0,4,12.71,0
104214,Postpaid,West,Web,32,36.47,20.08,0,2,39.87,0
104215,Prepaid,West,App,41,15.47,7.21,3,1,15.47,0
104216,Postpaid,West,Partner,41,30.44,18.48,1,1,33.16,0
104217,Prepaid,East,App,48,25.71,4.81,0,3,25.71,0
104218,Business,West,App,60,68.78,20.6,1,5,72.4,0
104219,Postpaid,East,Web,24,33.09,14.11,1,5,33.98,0
104220,Prepaid,South,Store,21,9.36,7.65,0,2,9.36,1
104221,Prepaid,East,App,20,13.57,9.09,0,2,13.57,0
104222,Prepaid,East,Web,27,9.51,12.11,2,3,9.56,0
104223,Prepaid,West,Store,44,23.89,2.8,1,0,23.89,0
104224,Prepaid,East,App,58,19.84,4.59,1,1,19.84,0
104225,Family,East,Store,30,44.98,21.11,1,2,48.81,0
104226,Postpaid,Central,Partner,31,26.8,10.38,1,4,26.8,0
104227,Prepaid,Central,App,66,13.2,10.56,3,3,13.2,0
104228,Postpaid,South,App,25,28.69,3.96,1,5,28.69,1
104229,Prepaid,Central,App,12,17.04,5.45,1,3,17.04,0
104230,Business,North,Store,25,53.93,49.43,0,1,69.65,1
104231,Prepaid,Central,Partner,3,8.0,5.3,2,8,8.0,0
104232,Family,North,App,27,32.01,24.74,0,1,37.36,0
104233,Family,East,Web,65,53.62,21.49,1,3,57.61,0
104234,Prepaid,Central,Web,59,19.53,9.66,2,3,19.53,0
104235,Prepaid,North,App,65,10.12,1.12,1,4,10.12,0
104236,Postpaid,West,Web,22,37.23,17.47,3,4,39.52,0
104237,Family,East,Partner,31,32.98,17.07,0,1,35.11,0
104238,Postpaid,North,Partner,62,32.4,18.54,1,8,35.15,0
104239,Postpaid,Central,Store,55,32.13,21.97,0,1,36.32,0
104240,Family,East,App,14,38.12,12.48,1,1,38.33,0
104241,Family,Central,App,61,35.01,21.42,2,1,38.97,1
104242,Postpaid,Central,App,8,32.77,3.41,1,1,32.77,1
104243,Postpaid,North,Store,19,28.89,17.66,3,1,31.27,0
104244,Postpaid,South,App,39,27.77,11.12,2,3,27.77,0
104245,Prepaid,South,Web,48,22.28,5.72,2,3,22.28,0
104246,Family,East,Web,58,33.99,11.43,0,4,33.99,1
104247,Prepaid,North,App,54,14.92,11.19,0,6,14.92,0
104248,Prepaid,South,Partner,21,22.81,15.03,1,3,24.08,1
104249,Family,West,App,26,35.63,19.21,2,4,38.66,0
104250,Postpaid,North,App,52,27.6,5.46,1,6,27.6,0
104251,Prepaid,West,Web,69,17.58,8.43,0,6,17.58,1
104252,Prepaid,East,App,63,20.9,9.71,1,4,20.9,0
104253,Postpaid,North,App,70,35.32,6.37,2,1,35.32,0
104254,Family,North,Partner,49,41.27,24.71,0,5,46.61,1
104255,Prepaid,North,Partner,36,9.63,10.88,1,1,9.63,0
104256,Prepaid,West,Web,56,24.4,1.3,2,2,24.4,1
104257,Postpaid,North,App,6,14.49,4.83,2,2,14.49,0
104258,Business,West,App,68,37.67,33.09,3,8,46.53,0
104259,Prepaid,West,App,67,17.76,4.4,1,3,17.76,0
104260,Business,North,App,37,64.07,16.81,1,4,66.09,1
104261,Family,Central,Partner,38,47.35,9.12,4,3,47.35,0
104262,Prepaid,Central,App,39,16.81,4.75,2,5,16.81,0
104263,Family,North,Web,10,32.17,6.1,3,2,32.17,0
104264,Postpaid,Central,App,15,28.57,2.72,1,1,28.57,0
104265,Postpaid,South,Store,53,30.1,11.94,1,1,30.1,0
104266,Postpaid,West,App,3,30.29,20.02,3,5,33.66,0
104267,Family,North,App,50,30.78,15.85,4,1,32.39,1
104268,Family,West,App,22,40.49,17.64,2,1,42.86,0
104269,Family,Central,Partner,11,36.87,0.2,2,2,36.87,0
104270,Business,Central,Store,43,55.21,26.1,0,3,61.13,0
104271,Postpaid,Central,Web,20,32.37,11.56,0,4,32.37,0
104272,Family,North,App,33,45.89,26.48,0,3,51.98,0
104273,Family,West,Web,63,40.57,15.05,4,1,41.85,0
104274,Prepaid,South,Web,51,11.22,8.19,0,7,11.22,1
104275,Prepaid,North,Store,70,17.53,7.38,0,4,17.53,0
104276,Postpaid,North,Web,29,24.13,10.19,1,2,24.13,0
104277,Family,Central,Web,30,44.17,16.34,1,2,45.99,1
104278,Prepaid,West,Partner,50,16.07,8.85,2,1,16.07,0
104279,Postpaid,North,Partner,10,38.22,5.5,2,2,38.22,0
104280,Prepaid,Central,Store,62,19.78,7.84,0,0,19.78,0
104281,Postpaid,West,App,26,24.29,17.39,2,2,26.55,0
104282,Postpaid,South,App,34,39.29,13.7,0,2,40.0,0
104283,Prepaid,East,App,37,20.11,7.0,0,1,20.11,0
104284,Family,West,App,5,45.48,16.26,0,1,47.27,0
104285,Prepaid,West,App,22,16.66,2.62,0,3,16.66,0
104286,Family,East,Web,11,38.37,12.29,1,4,38.49,0
104287,Prepaid,East,Store,45,20.83,7.45,2,8,20.83,1
104288,Business,North,Web,51,67.08,10.16,0,4,67.08,0
104289,Postpaid,East,Partner,1,38.29,10.49,3,2,38.29,0
104290,Prepaid,South,App,1,25.71,9.84,2,2,25.71,0
104291,Prepaid,South,App,59,19.55,11.21,0,1,19.55,1
104292,Prepaid,South,Web,25,8.0,10.27,4,4,8.0,1
104293,Postpaid,West,Store,61,29.31,15.53,3,1,30.79,0
104294,Family,East,Store,48,41.66,10.65,1,1,41.66,0
104295,Postpaid,East,Web,57,29.29,15.37,0,2,30.71,0
104296,Postpaid,North,App,28,25.27,4.5,1,3,25.27,1
104297,Postpaid,Central,Store,22,25.45,12.94,0,2,25.85,0
104298,Postpaid,South,Partner,53,33.47,18.83,1,4,36.34,0
104299,Postpaid,South,Store,46,16.74,27.08,1,4,23.08,0
104300,Postpaid,North,Store,42,32.26,13.58,0,4,32.92,1
104301,Postpaid,West,App,27,21.37,13.63,0,7,22.06,0
104302,Business,East,App,45,60.84,5.06,3,1,60.84,1
104303,Postpaid,East,App,29,38.03,15.64,3,3,39.56,0
104304,Prepaid,Central,Store,65,10.1,3.21,2,5,10.1,0
104305,Prepaid,West,Store,52,28.29,6.46,1,4,28.29,0
104306,Postpaid,East,Partner,29,36.75,15.72,2,2,38.31,1
104307,Postpaid,East,Store,61,26.55,29.97,1,6,34.09,0
104308,Business,Central,App,6,60.24,10.58,0,3,60.24,0
104309,Postpaid,Central,Web,60,32.25,19.66,1,0,35.47,0
104310,Postpaid,West,App,30,37.5,10.94,0,2,37.5,1
104311,Family,West,Web,17,37.85,17.07,2,2,39.98,1
104312,Prepaid,Central,App,60,13.27,13.28,1,2,13.81,1
104313,Family,Central,Web,48,45.05,10.36,1,2,45.05,0
104314,Prepaid,North,Partner,6,15.87,8.05,0,5,15.87,0
104315,Postpaid,Central,App,20,23.23,11.06,2,3,23.23,1
104316,Business,West,Store,33,54.97,29.12,0,2,62.16,0
104317,Family,West,Store,46,39.37,24.06,0,4,44.44,0
104318,Family,East,App,59,32.89,18.49,1,2,35.62,0
104319,Postpaid,South,App,27,32.51,13.59,1,2,33.18,1
104320,Family,West,Web,59,38.2,34.84,1,5,47.79,0
104321,Postpaid,West,App,57,37.29,10.68,1,1,37.29,0
104322,Postpaid,South,App,28,41.27,13.26,0,4,41.8,0
104323,Prepaid,West,Web,68,8.56,8.9,0,7,8.56,0
104324,Prepaid,North,Store,68,8.97,5.92,2,5,8.97,0
104325,Postpaid,East,App,21,28.8,6.99,1,3,28.8,0
104326,Prepaid,East,Partner,41,15.59,10.01,1,4,15.59,0
104327,Family,West,Partner,63,42.58,28.11,0,0,49.34,0
104328,Family,North,Partner,39,36.72,35.41,0,0,46.55,1
104329,Business,North,Store,54,57.55,33.78,2,1,66.7,0
104330,Prepaid,South,App,58,9.08,2.4,1,1,9.08,1
104331,Business,West,App,41,41.27,34.81,1,3,50.85,0
104332,Prepaid,Central,Partner,26,16.13,8.34,3,1,16.13,1
104333,Postpaid,West,Partner,38,28.55,21.64,3,2,32.6,0
104334,Family,West,Web,60,44.1,21.62,2,1,48.14,0
104335,Prepaid,South,Store,23,8.0,11.06,2,1,8.0,1
104336,Prepaid,North,App,61,21.92,6.49,0,5,21.92,0
104337,Prepaid,Central,Web,15,22.59,9.36,1,1,22.59,0
104338,Postpaid,East,App,34,21.51,9.09,3,1,21.51,0
104339,Family,North,Store,7,37.06,18.25,1,5,39.69,0
104340,Prepaid,East,Web,62,21.09,3.99,0,6,21.09,0
104341,Prepaid,West,Web,52,8.0,13.31,2,1,8.55,0
104342,Postpaid,South,Store,9,21.12,20.63,2,3,24.75,1
104343,Prepaid,North,Web,17,24.5,6.46,1,2,24.5,1
104344,Family,West,App,39,33.43,17.69,0,2,35.82,0
104345,Business,North,App,36,48.81,20.47,4,5,52.36,0
104346,Family,East,App,9,31.56,17.97,3,1,34.07,0
104347,Family,West,App,65,42.74,33.77,0,5,51.89,0
104348,Postpaid,Central,App,34,30.81,22.1,1,0,35.05,0
104349,Family,South,App,49,40.02,17.0,2,4,42.12,0
104350,Prepaid,North,Store,55,14.54,5.39,2,6,14.54,0
104351,Prepaid,East,App,13,11.43,17.71,0,2,13.83,1
104352,Postpaid,South,Store,25,34.69,17.61,1,2,37.05,0
104353,Prepaid,Central,Web,53,12.91,12.74,2,1,13.22,0
104354,Family,West,App,56,40.52,15.49,1,2,41.99,1
104355,Postpaid,South,App,16,31.02,22.79,0,2,35.55,0
104356,Business,West,App,24,60.96,21.02,0,2,64.75,0
104357,Prepaid,South,App,57,21.01,15.08,2,1,22.3,0
104358,Postpaid,East,Store,25,21.23,13.45,0,1,21.84,0
104359,Family,Central,Web,6,33.99,23.29,1,4,38.73,0
104360,Prepaid,South,App,36,26.04,10.4,2,3,26.04,0
104361,Postpaid,South,App,11,31.75,18.8,1,2,34.6,0
104362,Postpaid,Central,App,43,35.76,22.15,1,2,40.02,0
104363,Business,East,App,68,49.32,15.99,2,2,51.0,0
104364,Family,South,Partner,8,47.46,38.33,0,5,58.52,0
104365,Prepaid,North,Store,21,8.0,14.82,2,3,9.19,1
104366,Postpaid,East,Web,41,20.92,21.51,0,3,24.92,0
104367,Postpaid,East,Partner,11,32.1,8.8,0,6,32.1,1
104368,Prepaid,South,Store,39,18.59,9.92,0,4,18.59,0
104369,Postpaid,South,App,16,30.84,27.47,3,1,37.34,0
104370,Prepaid,South,Web,46,17.34,10.92,1,3,17.34,1
104371,Prepaid,West,Web,26,18.64,6.43,3,1,18.64,1
104372,Postpaid,Central,App,67,28.89,27.47,3,2,35.39,1
104373,Prepaid,West,Store,61,20.5,7.83,0,1,20.5,0
104374,Postpaid,West,Store,72,33.87,12.79,2,5,34.2,0
104375,Prepaid,West,App,11,14.41,6.16,1,3,14.41,0
104376,Family,North,Web,69,26.14,14.42,2,4,27.16,1
104377,Prepaid,South,App,2,15.13,7.84,1,4,15.13,0
104378,Family,North,App,16,42.09,19.78,1,2,45.36,0
104379,Prepaid,South,App,63,22.06,1.97,0,1,22.06,0
104380,Postpaid,Central,Store,63,22.25,14.33,4,2,23.23,0
104381,Prepaid,South,Web,22,8.0,7.85,4,1,8.0,1
104382,Prepaid,Central,Store,61,8.0,4.54,5,0,8.0,1
104383,Postpaid,North,Web,6,24.05,5.79,0,2,24.05,0
104384,Family,East,App,25,33.15,19.98,1,1,36.5,0
104385,Family,South,Store,2,28.92,9.55,3,0,28.92,0
104386,Prepaid,South,App,38,15.13,5.06,3,3,15.13,1
104387,Prepaid,South,Store,65,19.77,5.75,2,1,19.77,0
104388,Family,West,Web,45,38.74,29.78,1,1,46.21,0
104389,Postpaid,East,App,38,22.85,11.94,0,3,22.85,0
104390,Prepaid,Central,Partner,15,12.09,3.55,2,1,12.09,1
104391,Family,Central,App,44,45.97,11.19,2,3,45.97,1
104392,Postpaid,East,Web,24,24.12,18.78,3,5,26.97,0
104393,Postpaid,Central,Store,45,42.41,21.39,1,1,46.35,0
104394,Postpaid,North,Web,10,24.07,3.41,3,3,24.07,1
104395,Postpaid,South,Store,38,34.76,14.52,0,6,35.82,0
104396,Prepaid,East,App,36,17.72,9.18,1,3,17.72,0
104397,Family,East,Partner,56,35.14,17.58,1,3,37.48,0
104398,Prepaid,East,Web,66,23.99,0.2,1,3,23.99,0
104399,Family,East,Store,66,47.0,19.31,1,1,50.07,0
104400,Family,Central,Web,25,37.31,26.08,2,0,43.23,0
104401,Family,South,App,47,32.75,32.04,0,3,41.17,0
104402,Prepaid,West,Web,48,19.41,8.15,0,3,19.41,0
104403,Prepaid,East,App,61,18.33,8.19,1,1,18.33,0
104404,Postpaid,East,Web,59,41.34,12.63,0,1,41.61,0
104405,Postpaid,South,App,1,32.57,8.29,1,4,32.57,0
104406,Family,South,Web,58,50.14,9.87,1,3,50.14,0
104407,Postpaid,South,Partner,35,34.1,16.16,0,4,35.85,0
104408,Family,West,Partner,69,40.51,15.11,3,1,41.82,0
104409,Prepaid,East,Web,44,15.5,3.24,1,2,15.5,0
104410,Postpaid,North,Web,28,30.42,9.72,3,3,30.42,1
104411,Prepaid,West,Store,15,16.81,13.61,0,3,17.49,1
104412,Family,West,App,69,30.92,15.6,0,3,32.44,0
104413,Prepaid,Central,Store,12,21.58,11.82,3,2,21.58,1
104414,Prepaid,East,Store,7,11.94,5.31,1,4,11.94,1
104415,Family,West,App,10,39.98,37.83,3,3,50.83,0
104416,Postpaid,East,Web,40,30.24,2.82,0,5,30.24,0
104417,Prepaid,West,App,21,24.65,8.94,0,4,24.65,1
104418,Prepaid,East,Store,42,15.34,9.21,0,1,15.34,0
104419,Postpaid,North,Store,60,31.34,12.98,3,1,31.75,1
104420,Prepaid,Central,Web,21,16.52,9.7,2,3,16.52,0
104421,Prepaid,West,App,2,30.56,0.85,0,5,30.56,1
104422,Postpaid,West,App,26,24.3,24.07,2,3,29.37,0
104423,Prepaid,East,Store,44,14.98,8.98,2,5,14.98,1
104424,Postpaid,West,Store,53,26.42,26.11,2,2,32.34,0
104425,Postpaid,North,App,5,29.45,12.17,2,2,29.52,0
104426,Prepaid,South,Store,64,27.3,0.81,2,1,27.3,0
104427,Prepaid,North,Partner,43,10.29,8.91,2,0,10.29,1
104428,Prepaid,North,Web,35,13.09,6.94,3,2,13.09,0
104429,Prepaid,North,App,19,22.42,11.71,1,3,22.42,1
104430,Prepaid,West,App,70,26.49,13.14,1,2,26.97,0
104431,Family,South,Store,12,45.23,17.88,2,3,47.69,1
104432,Family,West,Web,33,36.27,37.96,3,3,47.18,1
104433,Postpaid,Central,Partner,34,25.43,8.71,0,3,25.43,0
104434,Postpaid,North,App,40,38.6,26.53,0,6,44.71,0
104435,Postpaid,West,Store,17,28.16,0.6,2,2,28.16,1
104436,Family,East,Partner,68,24.64,22.76,0,1,29.15,0
104437,Prepaid,Central,App,28,16.15,5.64,0,1,16.15,0
104438,Prepaid,East,Partner,52,19.99,3.66,1,2,19.99,1
104439,Prepaid,South,Store,46,22.68,12.84,1,2,23.03,0
104440,Prepaid,South,Web,15,13.26,4.04,1,2,13.26,0
104441,Prepaid,Central,App,68,19.27,3.93,2,3,19.27,1
104442,Family,South,Web,34,33.53,15.7,0,1,35.09,0
104443,Family,West,Partner,45,36.48,19.94,0,7,39.82,0
104444,Prepaid,North,App,47,15.88,14.73,0,2,17.02,1
104445,Postpaid,West,Web,37,30.9,14.19,2,4,31.82,0
104446,Postpaid,East,App,46,21.22,15.23,1,2,22.58,0
104447,Postpaid,North,App,41,30.02,4.67,2,2,30.02,0
104448,Postpaid,North,Store,54,30.71,22.37,0,1,35.07,0
104449,Prepaid,South,Store,34,19.74,0.2,0,3,19.74,0
104450,Family,West,App,59,31.61,17.59,1,2,33.96,0
104451,Business,West,App,41,48.75,15.88,1,1,50.38,0
104452,Postpaid,South,App,72,27.03,20.44,1,3,30.58,0
104453,Postpaid,East,App,42,34.55,26.64,2,4,40.7,0
104454,Postpaid,North,App,43,32.77,12.91,0,1,33.16,1
104455,Prepaid,West,App,36,22.53,13.65,1,3,23.23,0
104456,Prepaid,West,Web,29,17.45,13.33,0,4,18.0,1
104457,Postpaid,Central,App,57,36.58,15.93,2,4,38.23,0
104458,Prepaid,Central,Partner,46,13.93,10.76,3,3,13.93,0
104459,Family,South,App,29,28.95,22.37,0,4,33.31,0
104460,Postpaid,South,Store,59,38.05,16.64,2,3,40.0,0
104461,Postpaid,Central,App,8,27.63,11.98,1,5,27.63,0
104462,Prepaid,North,App,5,26.23,9.72,1,6,26.23,0
104463,Business,North,Store,47,53.6,22.32,3,0,57.94,0
104464,Prepaid,South,App,33,26.77,8.82,0,4,26.77,0
104465,Prepaid,West,App,58,21.13,2.22,1,2,21.13,0
104466,Prepaid,West,App,48,14.11,10.32,1,3,14.11,0
104467,Postpaid,Central,Web,57,44.47,10.48,4,2,44.47,1
104468,Business,South,App,20,52.72,33.5,1,1,61.75,0
104469,Prepaid,South,App,19,24.2,12.68,0,4,24.48,0
104470,Family,South,App,19,43.57,28.83,0,1,50.64,0
104471,Prepaid,West,Store,47,16.14,11.42,0,3,16.14,1
104472,Postpaid,South,Partner,49,34.34,4.51,2,2,34.34,0
104473,Prepaid,Central,App,72,17.99,4.75,1,5,17.99,0
104474,Postpaid,East,App,16,23.97,17.99,0,2,26.49,0
104475,Postpaid,West,Store,8,33.12,8.7,0,2,33.12,0
104476,Postpaid,West,Partner,69,16.98,17.4,0,2,19.25,0
104477,Prepaid,East,App,38,12.95,8.83,5,3,12.95,1
104478,Family,West,Web,27,38.47,25.86,1,0,44.29,0
104479,Business,South,Web,22,62.07,26.07,1,2,67.98,0
104480,Postpaid,West,App,64,27.98,5.89,2,0,27.98,0
104481,Postpaid,West,Web,57,32.61,21.94,2,2,36.79,1
104482,Family,East,Store,13,37.57,23.26,1,2,42.3,0
104483,Prepaid,South,App,24,12.11,9.32,1,1,12.11,0
104484,Family,Central,App,63,32.14,19.87,1,2,35.45,1
104485,Prepaid,Central,App,53,16.62,15.82,0,2,18.22,0
104486,Family,West,App,59,41.28,21.73,0,2,45.36,0
104487,Prepaid,Central,Web,12,16.85,5.93,1,2,16.85,1
104488,Prepaid,East,Web,42,13.69,6.51,1,2,13.69,1
104489,Postpaid,South,Web,5,22.32,12.52,2,1,22.54,0
104490,Postpaid,East,Store,33,26.77,25.18,2,1,32.3,1
104491,Family,North,App,8,42.8,28.75,2,1,49.84,1
104492,Business,East,App,20,64.27,34.03,0,1,73.52,1
104493,Prepaid,West,Web,19,29.43,3.18,3,3,29.43,0
104494,Prepaid,North,App,14,13.3,5.68,0,0,13.3,0
104495,Postpaid,South,App,62,27.01,14.04,3,3,27.87,0
104496,Postpaid,West,Web,27,35.23,16.02,3,2,36.92,1
104497,Postpaid,West,Web,11,34.45,2.31,1,1,34.45,1
104498,Family,Central,App,72,33.75,7.21,2,0,33.75,0
104499,Family,South,Store,3,44.42,7.54,2,3,44.42,0
104500,Prepaid,Central,App,11,18.52,9.63,3,4,18.52,1
104501,Postpaid,North,Web,62,27.58,4.29,0,1,27.58,0
104502,Postpaid,North,Web,33,38.85,3.14,1,1,38.85,0
104503,Postpaid,West,Web,27,31.15,15.08,2,3,32.44,1
104504,Prepaid,East,App,22,20.28,4.09,2,1,20.28,1
104505,Postpaid,West,Store,43,26.07,15.99,0,3,27.75,1
104506,Postpaid,South,App,26,27.23,31.93,2,4,35.6,1
104507,Prepaid,South,Store,7,24.32,5.83,1,1,24.32,0
104508,Family,East,Partner,70,40.91,11.3,0,3,40.91,0
104509,Prepaid,North,App,66,18.68,10.14,0,6,18.68,1
104510,Postpaid,South,Store,13,29.39,23.78,1,2,34.34,1
104511,Postpaid,North,App,37,24.9,8.96,3,1,24.9,0
104512,Family,South,Store,33,26.32,17.94,1,1,28.82,1
104513,Prepaid,West,Store,7,13.05,5.81,1,3,13.05,0
104514,Prepaid,North,Store,29,15.79,16.8,0,4,17.81,0
104515,Prepaid,West,Store,46,10.92,4.34,0,4,10.92,1
104516,Postpaid,East,Partner,8,22.59,12.55,1,2,22.82,1
104517,Prepaid,East,Web,27,17.19,5.9,2,3,17.19,1
104518,Family,East,Partner,19,30.8,8.23,1,2,30.8,1
104519,Prepaid,West,App,26,17.61,10.89,1,1,17.61,0
104520,Prepaid,Central,Partner,46,17.52,14.31,1,1,18.49,0
104521,Postpaid,North,App,30,36.47,16.47,2,5,38.34,0
104522,Family,West,App,56,37.36,6.88,0,0,37.36,0
104523,Family,North,App,37,32.68,18.67,1,5,35.48,1
104524,Family,East,App,50,38.18,27.0,2,3,44.48,0
104525,Postpaid,East,Web,45,29.12,8.0,0,5,29.12,0
104526,Family,North,App,59,25.85,7.97,1,2,25.85,1
104527,Postpaid,North,Store,11,19.65,23.12,1,2,24.32,0
104528,Prepaid,North,App,72,12.15,4.76,1,5,12.15,1
104529,Postpaid,North,App,55,34.72,3.73,0,3,34.72,0
104530,Family,East,Web,15,51.92,24.43,1,4,57.14,0
104531,Prepaid,North,Store,2,12.94,9.65,1,0,12.94,1
104532,Postpaid,West,App,2,45.51,6.41,1,5,45.51,0
104533,Postpaid,Central,Web,51,30.4,18.88,0,2,33.28,0
104534,Postpaid,South,Web,31,38.4,30.15,0,4,46.03,0
104535,Prepaid,North,Store,14,16.14,0.2,1,2,16.14,0
104536,Postpaid,South,App,23,34.42,12.73,0,5,34.73,0
104537,Family,Central,Partner,33,32.69,26.15,4,4,38.63,0
104538,Prepaid,South,App,3,24.59,13.38,2,4,25.17,0
104539,Postpaid,North,App,41,36.53,0.2,0,4,36.53,0
104540,Prepaid,Central,App,3,29.41,14.55,3,3,30.48,1
104541,Prepaid,East,App,47,15.71,7.56,1,6,15.71,1
104542,Business,South,Partner,5,48.88,37.17,0,1,59.45,0
104543,Postpaid,Central,Partner,57,26.11,12.14,1,1,26.17,0
104544,Postpaid,Central,Store,19,37.94,13.55,1,4,38.59,0
104545,Prepaid,East,Web,38,10.64,7.09,1,4,10.64,0
104546,Business,South,Web,28,41.48,27.96,1,3,48.18,0
104547,Prepaid,East,Store,64,12.8,11.59,2,2,12.8,0
104548,Family,South,Web,58,18.49,13.15,2,2,18.98,0
104549,Prepaid,East,Partner,69,21.72,6.39,3,2,21.72,1
104550,Prepaid,South,App,52,20.37,5.28,3,4,20.37,0
104551,Postpaid,West,App,71,45.58,3.54,1,3,45.58,0
104552,Prepaid,West,Web,17,19.21,7.03,2,5,19.21,1
104553,Postpaid,Central,Web,24,23.07,17.74,3,2,25.49,0
104554,Prepaid,Central,App,59,14.99,6.26,3,2,14.99,0
104555,Family,North,App,3,40.56,8.4,4,6,40.56,0
104556,Family,South,Web,13,49.3,28.25,2,5,56.12,1
104557,Family,East,Store,52,48.98,25.05,1,3,54.46,0
104558,Prepaid,South,Partner,29,23.79,7.42,1,1,23.79,0
104559,Postpaid,North,Web,19,35.44,17.5,2,2,37.74,0
104560,Business,West,Store,22,43.59,53.11,1,2,60.86,0
104561,Prepaid,South,Web,56,15.53,8.47,1,4,15.53,0
104562,Prepaid,North,Web,35,17.54,4.85,2,5,17.54,0
104563,Family,East,App,1,38.48,27.67,1,3,45.06,0
104564,Prepaid,Central,App,38,13.19,17.49,2,7,15.49,1
104565,Postpaid,West,App,56,20.5,3.2,5,5,20.5,1
104566,Family,North,Partner,12,42.76,10.38,0,1,42.76,0
104567,Prepaid,East,Partner,6,15.5,10.03,0,2,15.5,0
104568,Postpaid,Central,App,46,31.99,30.95,4,4,39.95,0
104569,Postpaid,North,Web,64,22.28,2.78,1,5,22.28,0
104570,Prepaid,West,Store,6,9.67,4.18,3,1,9.67,1
104571,Family,West,App,47,46.83,27.99,1,2,53.55,0
104572,Prepaid,West,App,57,13.9,2.08,1,4,13.9,1
104573,Postpaid,North,Partner,12,24.28,16.25,2,5,26.07,0
104574,Family,Central,App,19,33.03,26.8,1,7,39.24,0
104575,Prepaid,South,Web,37,18.49,5.18,1,4,18.49,0
104576,Family,North,Store,44,28.52,17.19,2,2,30.69,0
104577,Prepaid,North,Store,37,20.36,10.26,0,3,20.36,0
104578,Postpaid,East,Store,14,19.36,7.8,2,1,19.36,1
104579,Prepaid,North,Store,64,18.82,5.18,0,4,18.82,1
104580,Postpaid,West,Partner,31,28.69,11.9,1,5,28.69,1
104581,Family,Central,App,39,26.13,15.96,1,5,27.8,0
104582,Family,North,App,39,31.73,19.52,2,3,34.89,1
104583,Business,West,App,40,60.88,28.24,2,2,67.7,0
104584,Postpaid,Central,Web,21,19.9,16.55,0,1,21.82,0
104585,Family,North,Store,23,31.58,15.79,2,2,33.17,0
104586,Postpaid,West,Web,10,38.53,9.8,0,1,38.53,1
104587,Family,Central,App,53,44.86,27.15,2,3,51.22,0
104588,Postpaid,West,Store,23,33.99,15.9,2,3,35.63,0
104589,Family,East,Web,4,52.94,21.34,1,1,56.86,0
104590,Prepaid,Central,Store,4,20.21,8.8,4,2,20.21,1
104591,Postpaid,West,Store,70,39.11,4.19,0,4,39.11,1
104592,Family,South,Web,31,39.08,17.02,0,6,41.19,1
104593,Prepaid,South,Web,44,25.57,9.32,2,0,25.57,0
104594,Prepaid,East,App,39,13.85,6.82,0,2,13.85,0
104595,Business,South,Store,61,50.2,31.42,2,2,58.35,0
104596,Postpaid,South,App,64,28.69,4.28,1,0,28.69,0
104597,Prepaid,North,App,57,14.31,5.59,0,2,14.31,0
104598,Prepaid,Central,Store,71,10.73,10.87,1,2,10.73,1
104599,Postpaid,West,App,16,34.68,6.47,2,2,34.68,0
104600,Postpaid,South,App,33,32.5,24.76,1,1,37.86,0
104601,Business,South,Web,21,51.12,39.7,1,1,62.75,0
104602,Business,North,Store,60,54.92,42.36,1,3,67.67,1
104603,Postpaid,North,App,21,26.03,13.75,3,2,26.76,0
104604,Postpaid,West,App,58,24.32,31.95,0,2,32.7,1
104605,Prepaid,North,Store,17,23.13,0.2,0,1,23.13,1
104606,Family,Central,Store,50,37.23,4.42,2,4,37.23,1
104607,Prepaid,South,Web,2,16.48,8.13,1,3,16.48,0
104608,Prepaid,North,Store,57,24.92,4.21,5,3,24.92,0
104609,Business,Central,Web,60,44.36,8.99,2,1,44.36,1
104610,Family,South,App,41,46.46,16.16,2,3,48.21,1
104611,Prepaid,South,Store,39,18.7,7.12,1,3,18.7,1
104612,Postpaid,North,App,34,36.69,11.86,5,1,36.69,1
104613,Postpaid,West,App,43,36.99,22.87,1,1,41.56,0
104614,Prepaid,South,Partner,41,8.0,7.07,0,2,8.0,0
104615,Prepaid,West,Web,36,17.41,6.93,0,4,17.41,0
104616,Prepaid,West,App,38,11.46,10.75,0,0,11.46,0
104617,Postpaid,Central,App,9,35.14,2.88,1,4,35.14,0
104618,Postpaid,West,Web,34,22.51,22.47,0,3,26.9,0
104619,Postpaid,West,App,32,26.27,13.34,1,2,26.83,0
104620,Prepaid,West,Partner,65,18.17,13.57,1,2,18.82,0
104621,Business,East,App,22,59.56,21.39,2,2,63.51,0
104622,Postpaid,West,App,70,31.06,18.61,0,4,33.84,0
104623,Family,West,App,65,31.8,12.81,1,3,32.14,1
104624,Prepaid,North,Store,57,25.81,14.1,0,4,26.7,0
104625,Postpaid,West,App,51,37.23,15.0,1,2,38.49,0
104626,Family,South,App,23,24.37,22.57,2,3,28.82,0
104627,Prepaid,East,Partner,12,15.79,7.76,3,2,15.79,1
104628,Prepaid,North,App,57,21.43,7.21,1,3,21.43,0
104629,Prepaid,North,Store,51,16.66,4.72,1,5,16.66,1
104630,Prepaid,North,App,60,20.57,6.13,4,2,20.57,0
104631,Postpaid,North,Store,40,29.1,19.3,2,2,32.16,0
104632,Prepaid,North,App,65,19.05,5.64,3,3,19.05,0
104633,Prepaid,North,Web,6,24.38,10.73,1,4,24.38,1
104634,Postpaid,East,Web,8,22.68,9.23,2,4,22.68,0
104635,Prepaid,South,Partner,6,27.68,5.95,1,1,27.68,1
104636,Postpaid,Central,Partner,24,34.66,6.34,3,2,34.66,1
104637,Postpaid,West,App,11,26.67,16.22,2,3,28.45,1
104638,Prepaid,North,App,3,19.99,5.06,3,0,19.99,1
104639,Prepaid,East,App,59,16.92,2.17,1,4,16.92,0
104640,Prepaid,East,Web,12,18.67,8.08,3,4,18.67,1
104641,Prepaid,South,App,60,19.79,13.35,3,4,20.36,1
104642,Postpaid,East,Web,47,30.9,11.06,3,1,30.9,0
104643,Prepaid,West,Partner,44,8.0,7.22,1,2,8.0,0
104644,Prepaid,West,App,9,21.6,10.98,1,1,21.6,0
104645,Business,South,App,2,46.2,13.17,2,2,46.69,0
104646,Family,West,Store,11,43.7,13.07,1,2,44.15,0
104647,Prepaid,South,App,23,17.13,10.19,0,6,17.13,1
104648,Prepaid,West,App,69,17.59,1.8,1,6,17.59,1
104649,Postpaid,Central,App,29,26.41,16.71,1,1,28.38,0
104650,Family,South,Partner,17,32.57,8.56,1,4,32.57,1
104651,Family,West,Web,21,34.77,18.45,0,3,37.48,0
104652,Prepaid,West,App,25,20.84,8.97,1,5,20.84,0
104653,Prepaid,East,App,42,12.86,5.97,1,2,12.86,0
104654,Postpaid,North,Web,59,30.61,0.39,2,3,30.61,0
104655,Family,West,App,5,46.78,12.71,2,2,47.08,1
104656,Family,South,Partner,56,32.53,23.21,1,2,37.24,1
104657,Prepaid,South,Store,2,22.4,12.84,1,3,22.75,1
104658,Postpaid,West,Partner,24,37.96,15.45,1,2,39.41,0
104659,Prepaid,East,Web,43,21.67,8.92,1,3,21.67,1
104660,Postpaid,North,Partner,8,29.23,2.25,1,0,29.23,0
104661,Family,Central,Web,20,40.17,16.23,2,3,41.94,0
104662,Postpaid,South,Store,46,30.87,12.81,2,3,31.21,0
104663,Prepaid,East,App,50,25.71,7.46,1,2,25.71,0
104664,Postpaid,West,Web,6,29.99,6.21,0,6,29.99,0
104665,Postpaid,North,Store,56,27.36,15.59,0,3,28.86,0
104666,Family,West,Store,30,33.34,30.99,3,3,41.31,0
104667,Postpaid,West,Store,44,32.6,7.42,4,5,32.6,0
104668,Family,East,App,16,45.04,11.26,1,3,45.04,1
104669,Prepaid,East,App,72,19.24,8.5,1,2,19.24,0
104670,Prepaid,Central,App,55,23.26,10.34,1,4,23.26,1
104671,Prepaid,Central,App,47,20.99,8.45,1,1,20.99,0
104672,Prepaid,North,Store,14,13.08,5.35,0,3,13.08,0
104673,Prepaid,South,Web,56,8.0,8.6,1,4,8.0,0
104674,Postpaid,East,Store,28,33.92,18.65,0,4,36.71,0
104675,Prepaid,Central,Partner,47,11.62,12.93,0,2,12.01,0
104676,Prepaid,West,Partner,47,17.52,12.41,1,3,17.7,1
104677,Prepaid,South,App,58,20.29,6.39,1,1,20.29,1
104678,Prepaid,Central,Store,61,19.69,0.2,2,4,19.69,0
104679,Family,South,App,29,38.14,20.9,4,1,41.87,0
104680,Business,South,Web,6,46.69,27.45,1,1,53.17,0
104681,Prepaid,West,Store,32,25.07,8.73,1,1,25.07,1
104682,Family,South,App,29,37.88,34.15,0,3,47.18,0
104683,Family,West,App,25,36.57,41.02,0,2,48.76,0
104684,Business,South,Web,36,51.03,42.13,2,2,63.68,0
104685,Postpaid,West,App,42,23.56,0.2,0,0,23.56,0
104686,Prepaid,Central,App,45,25.75,14.24,0,1,26.69,0
104687,Postpaid,South,Web,27,25.83,22.33,2,4,30.17,1
104688,Family,East,App,45,36.88,21.3,1,1,40.79,0
104689,Family,West,Web,72,39.23,17.95,1,2,41.73,0
104690,Postpaid,North,Web,47,26.76,24.5,1,0,32.02,0
104691,Prepaid,West,App,44,21.17,9.77,1,3,21.17,0
104692,Family,East,App,21,37.04,14.6,1,4,38.13,0
104693,Family,North,App,25,49.51,16.93,1,2,51.58,0
104694,Postpaid,Central,Partner,4,35.9,16.84,3,5,37.93,1
104695,Postpaid,East,Web,37,38.32,17.18,1,2,40.5,0
104696,Postpaid,North,App,6,35.84,7.3,0,4,35.84,0
104697,Postpaid,North,Web,57,24.7,14.62,1,1,25.8,0
104698,Postpaid,West,App,69,35.16,6.6,0,6,35.16,1
104699,Family,Central,App,59,24.03,23.37,2,1,28.81,0
104700,Business,South,App,12,67.98,15.61,1,3,69.5,0
104701,Postpaid,North,Web,46,30.15,17.76,0,2,32.57,1
104702,Postpaid,North,App,32,36.87,27.69,1,1,43.46,1
104703,Postpaid,West,Web,1,30.6,10.38,0,4,30.6,1
104704,Prepaid,South,App,52,31.58,3.55,0,1,31.58,1
104705,Prepaid,East,Web,63,19.28,7.22,0,3,19.28,0
104706,Prepaid,South,Web,34,14.12,10.52,2,1,14.12,0
104707,Postpaid,East,App,66,33.32,21.36,1,3,37.25,1
104708,Prepaid,West,App,4,19.04,6.13,1,4,19.04,1
104709,Postpaid,East,Store,63,32.9,7.07,1,1,32.9,1
104710,Family,North,App,50,44.71,9.0,2,7,44.71,0
104711,Prepaid,East,App,49,22.85,14.96,2,2,24.09,1
104712,Postpaid,East,Store,37,11.28,27.42,1,2,17.75,0
104713,Family,East,Store,2,43.58,10.05,5,1,43.58,0
104714,Postpaid,North,Web,33,30.32,8.69,0,2,30.32,0
104715,Prepaid,North,App,69,24.01,10.56,0,2,24.01,0
104716,Postpaid,East,App,34,28.48,10.64,1,2,28.48,1
104717,Postpaid,South,Web,5,34.33,21.14,1,5,38.17,1
104718,Postpaid,West,Web,36,35.6,11.47,0,4,35.6,0
104719,Prepaid,South,App,11,8.0,12.13,3,6,8.06,1
104720,Postpaid,South,Store,31,30.26,15.89,0,4,31.9,0
104721,Postpaid,West,App,46,36.21,11.95,0,1,36.21,0
104722,Prepaid,South,Store,5,22.1,12.36,1,5,22.25,0
104723,Postpaid,North,Partner,34,26.72,14.35,0,4,27.71,1
104724,Prepaid,West,App,37,22.84,4.38,1,3,22.84,1
104725,Prepaid,East,Store,55,25.19,7.93,1,7,25.19,0
104726,Family,Central,App,5,34.15,12.35,1,3,34.3,0
104727,Prepaid,North,App,46,17.12,11.76,1,3,17.12,0
104728,Postpaid,Central,Web,45,32.07,13.69,0,3,32.78,0
104729,Postpaid,West,Store,1,38.02,13.61,0,3,38.7,0
104730,Prepaid,North,App,9,23.72,10.7,0,2,23.72,1
104731,Family,East,Store,47,42.78,16.52,1,3,44.68,0
104732,Postpaid,West,App,62,29.37,15.33,0,5,30.77,0
104733,Prepaid,East,App,62,22.24,4.45,1,4,22.24,1
104734,Family,South,Web,56,37.07,18.55,1,2,39.82,0
104735,Family,Central,App,62,36.5,18.56,1,2,39.26,0
104736,Postpaid,West,Store,44,25.41,4.62,1,5,25.41,0
104737,Prepaid,Central,Store,12,19.07,3.55,4,1,19.07,1
104738,Prepaid,Central,Web,39,8.0,7.86,1,4,8.0,0
104739,Postpaid,West,App,26,31.74,9.09,1,3,31.74,0
104740,Prepaid,West,Store,19,21.35,7.6,0,3,21.35,0
104741,Prepaid,West,App,9,17.04,8.34,2,3,17.04,0
104742,Family,Central,App,2,40.51,19.46,0,2,43.64,1
104743,Prepaid,West,App,55,12.41,5.65,4,2,12.41,1
104744,Prepaid,North,Web,13,24.02,4.95,0,3,24.02,1
104745,Prepaid,East,App,46,19.42,7.22,1,4,19.42,1
104746,Postpaid,North,Partner,22,25.41,5.66,4,0,25.41,1
104747,Postpaid,Central,App,35,16.23,19.36,0,4,19.32,0
104748,Family,West,Web,29,32.14,21.67,0,4,36.2,0
104749,Prepaid,East,App,22,20.99,7.52,0,4,20.99,0
104750,Prepaid,North,App,35,13.6,8.56,2,1,13.6,0
104751,Postpaid,East,Web,57,35.78,20.25,0,3,39.24,0
104752,Postpaid,South,App,37,24.08,2.54,2,2,24.08,1
104753,Postpaid,West,Store,57,39.14,13.61,0,2,39.81,0
104754,Business,West,Web,66,45.39,28.32,2,3,52.25,0
104755,Postpaid,East,Web,36,32.79,2.83,0,2,32.79,0
104756,Postpaid,South,Web,58,38.55,13.99,0,1,39.38,0
104757,Business,East,App,9,62.41,24.87,0,2,67.82,0
104758,Prepaid,East,Store,41,19.11,13.24,0,3,19.63,1
104759,Business,Central,Store,34,50.76,48.69,1,0,66.17,0
104760,Postpaid,Central,Store,1,32.24,0.2,1,1,32.24,0
104761,Postpaid,West,Store,65,37.05,17.59,1,2,39.39,0
104762,Business,South,Web,54,49.08,43.21,2,1,62.19,0
104763,Postpaid,North,Web,43,22.05,7.39,0,2,22.05,0
104764,Postpaid,Central,App,51,10.7,22.74,0,3,15.21,0
104765,Prepaid,Central,App,55,9.02,10.23,1,1,9.02,0
104766,Postpaid,North,App,56,24.68,14.02,1,3,25.53,0
104767,Postpaid,West,App,22,24.31,17.74,1,1,26.72,0
104768,Prepaid,East,Web,31,17.34,9.91,2,1,17.34,1
104769,Postpaid,North,App,25,12.91,13.71,0,4,13.63,0
104770,Postpaid,Central,App,66,22.85,17.11,1,1,25.0,0
104771,Postpaid,Central,Partner,9,33.28,15.67,0,3,34.82,1
104772,Prepaid,Central,Partner,66,17.96,7.3,0,3,17.96,0
104773,Postpaid,North,Store,25,25.63,9.01,0,2,25.63,0
104774,Prepaid,East,Store,57,14.27,11.92,1,4,14.27,0
104775,Prepaid,Central,App,13,14.82,10.19,2,0,14.82,1
104776,Postpaid,West,Store,61,31.62,12.87,1,1,31.99,0
104777,Prepaid,East,App,39,16.64,5.34,1,3,16.64,1
104778,Prepaid,East,App,71,16.11,11.16,1,4,16.11,0
104779,Postpaid,North,Web,29,29.84,15.46,1,3,31.29,0
104780,Prepaid,West,App,72,29.44,9.6,1,3,29.44,1
104781,Business,Central,App,61,58.33,24.12,1,2,63.42,0
104782,Family,North,Web,1,42.16,12.22,1,1,42.25,0
104783,Postpaid,North,Store,28,34.21,20.86,1,4,37.92,0
104784,Business,East,App,30,49.22,37.42,1,4,59.9,0
104785,Family,East,App,16,39.34,5.84,0,1,39.34,0
104786,Prepaid,South,App,64,17.39,0.2,2,2,17.39,0
104787,Family,North,Store,7,45.27,26.53,1,2,51.37,0
104788,Prepaid,West,App,19,19.18,14.02,2,2,20.03,0
104789,Postpaid,South,App,19,25.04,15.81,3,5,26.64,0
104790,Postpaid,West,Web,31,35.25,17.91,3,6,37.73,0
104791,Prepaid,East,Web,51,23.17,7.45,0,2,23.17,0
104792,Prepaid,East,Store,1,13.15,7.71,3,4,13.15,0
104793,Business,West,Web,46,47.38,1.22,2,2,47.38,1
104794,Prepaid,West,Store,30,20.92,6.37,1,2,20.92,0
104795,Prepaid,East,App,45,16.57,7.73,5,4,16.57,1
104796,Prepaid,East,Store,5,22.56,7.65,0,2,22.56,0
104797,Postpaid,East,App,62,29.36,17.75,1,3,31.78,0
104798,Family,East,Store,42,25.06,20.44,2,4,28.61,0
104799,Family,East,Partner,19,38.81,16.54,2,9,40.72,1
104800,Postpaid,East,App,57,36.33,10.05,3,6,36.33,0
104801,Prepaid,East,App,34,14.58,6.4,1,5,14.58,0
104802,Prepaid,South,App,29,18.42,14.88,2,3,19.63,0
104803,Postpaid,West,Partner,13,31.41,7.69,2,3,31.41,1
104804,Family,North,App,36,40.15,24.71,0,3,45.49,0
104805,Family,Central,Partner,16,19.92,12.74,0,11,20.23,0
104806,Postpaid,West,App,53,23.85,0.2,1,1,23.85,0
104807,Postpaid,North,Web,27,22.27,15.34,0,3,23.67,0
104808,Postpaid,West,App,9,30.6,24.68,1,1,35.92,1
104809,Postpaid,South,App,51,25.64,15.12,2,2,26.96,0
104810,Postpaid,Central,App,61,21.18,10.28,2,4,21.18,0
104811,Postpaid,Central,App,61,39.72,6.5,1,0,39.72,0
104812,Postpaid,Central,App,35,31.22,3.88,3,5,31.22,1
104813,Business,East,App,23,57.62,10.05,1,0,57.62,0
104814,Postpaid,Central,Store,16,40.04,6.8,2,3,40.04,0
104815,Prepaid,West,Store,29,22.71,11.21,1,2,22.71,1
104816,Prepaid,Central,App,8,27.05,6.96,0,1,27.05,1
104817,Postpaid,North,Web,64,31.31,14.49,2,1,32.35,0
104818,Postpaid,Central,Web,18,26.83,7.73,1,5,26.83,0
104819,Postpaid,West,Partner,57,29.16,12.67,2,4,29.44,1
104820,Postpaid,South,App,28,33.5,20.72,1,1,37.16,0
104821,Prepaid,Central,App,50,19.07,3.87,2,1,19.07,1
104822,Postpaid,West,Partner,66,26.71,8.03,3,1,26.71,1
104823,Postpaid,Central,Partner,30,33.77,11.77,0,2,33.77,0
104824,Postpaid,North,Partner,70,21.15,10.8,4,1,21.15,0
104825,Postpaid,East,Store,25,33.04,24.52,2,5,38.29,0
104826,Prepaid,West,Store,19,19.11,11.31,1,2,19.11,0
104827,Postpaid,North,Partner,53,30.14,0.2,1,3,30.14,0
104828,Family,West,Store,11,38.8,8.32,3,4,38.8,0
104829,Family,West,App,7,24.88,23.63,0,3,29.77,0
104830,Postpaid,South,Partner,27,32.9,8.42,0,2,32.9,0
104831,Prepaid,West,Web,40,15.0,7.88,1,5,15.0,0
104832,Postpaid,North,App,34,27.57,22.8,0,4,32.11,0
104833,Family,West,App,5,43.37,26.38,0,5,49.41,1
104834,Prepaid,Central,Partner,40,8.0,9.16,1,3,8.0,0
104835,Family,East,App,45,36.79,20.67,1,2,40.43,0
104836,Prepaid,East,Web,21,19.08,14.43,1,1,20.1,0
104837,Prepaid,South,App,41,28.59,12.27,1,0,28.71,0
104838,Prepaid,South,App,26,10.71,1.52,2,0,10.71,1
104839,Prepaid,Central,Web,5,27.85,8.34,1,3,27.85,1
104840,Family,South,Partner,54,30.73,19.32,3,2,33.8,1
104841,Postpaid,South,Store,31,20.83,17.9,1,3,23.3,0
104842,Prepaid,South,App,71,8.0,8.63,3,2,8.0,1
104843,Postpaid,West,App,14,28.59,12.7,0,5,28.89,1
104844,Postpaid,West,App,1,31.84,25.03,1,4,37.31,1
104845,Prepaid,North,Partner,58,19.37,9.5,3,3,19.37,0
104846,Prepaid,South,App,63,16.19,10.97,0,2,16.19,1
104847,Postpaid,North,Partner,66,24.75,13.79,0,2,25.5,0
104848,Prepaid,North,Web,72,18.62,0.2,2,2,18.62,1
104849,Family,South,Store,23,47.94,21.18,3,2,51.8,1
104850,Prepaid,West,App,49,24.47,0.94,1,1,24.47,1
104851,Family,East,Partner,3,38.54,10.69,2,2,38.54,0
104852,Family,North,App,31,32.94,5.86,1,2,32.94,0
104853,Prepaid,West,Web,65,16.92,8.54,3,1,16.92,1
104854,Prepaid,West,App,46,19.69,0.96,0,1,19.69,1
104855,Business,South,App,61,62.52,30.09,3,4,70.12,0
104856,Postpaid,South,App,69,28.89,30.84,0,3,36.8,0
104857,Postpaid,West,App,58,22.57,6.3,1,1,22.57,0
104858,Prepaid,North,Web,50,22.96,0.2,2,1,22.96,1
104859,Prepaid,West,Store,26,17.99,7.67,1,3,17.99,1
104860,Postpaid,West,App,39,27.77,7.11,0,2,27.77,0
104861,Family,Central,Store,6,53.67,17.9,0,3,56.15,0
104862,Prepaid,North,App,42,15.25,14.24,1,0,16.19,0
104863,Family,North,Partner,71,31.82,12.72,0,2,32.12,0
104864,Postpaid,Central,Partner,11,41.54,20.79,2,2,45.23,1
104865,Prepaid,East,Store,36,18.98,7.34,1,3,18.98,1
104866,Prepaid,South,Partner,65,18.58,7.12,0,1,18.58,1
104867,Prepaid,East,App,26,19.03,10.47,1,2,19.03,1
104868,Postpaid,North,App,43,28.21,11.5,0,5,28.21,0
104869,Postpaid,West,App,56,32.52,12.1,1,3,32.56,0
104870,Postpaid,Central,Web,57,36.17,13.7,2,6,36.89,0
104871,Prepaid,West,App,49,12.71,14.85,4,0,13.91,0
104872,Postpaid,East,Web,5,34.51,19.7,1,3,37.74,0
104873,Postpaid,Central,Store,4,25.15,8.22,0,2,25.15,0
104874,Postpaid,West,App,55,27.38,14.69,1,4,28.51,0
104875,Postpaid,North,Store,70,23.33,15.06,2,1,24.62,0
104876,Prepaid,West,Store,20,19.38,3.68,0,2,19.38,0
104877,Postpaid,North,Store,41,30.5,20.24,3,3,33.96,1
104878,Postpaid,South,Web,6,32.38,9.43,0,2,32.38,1
104879,Postpaid,West,Web,14,31.85,5.28,2,1,31.85,0
104880,Prepaid,South,App,35,19.16,4.23,3,2,19.16,1
104881,Postpaid,North,Web,2,42.51,14.36,3,3,43.5,1
104882,Postpaid,West,App,43,34.4,12.09,1,3,34.44,0
104883,Postpaid,South,Web,40,18.16,7.59,0,1,18.16,0
104884,Family,East,App,7,42.78,8.66,0,4,42.78,1
104885,Family,South,Web,43,35.62,35.98,2,4,45.69,0
104886,Prepaid,West,App,33,18.18,6.24,4,1,18.18,1
104887,Postpaid,Central,App,8,34.98,22.63,2,4,39.45,0
104888,Postpaid,North,Store,16,40.73,14.21,1,1,41.66,0
104889,Business,West,App,40,52.09,16.5,3,1,53.98,0
104890,Prepaid,North,Store,59,19.56,9.59,2,3,19.56,0
104891,Prepaid,South,Store,32,13.8,10.01,1,1,13.8,1
104892,Postpaid,South,App,46,31.65,15.8,2,3,33.24,1
104893,Prepaid,South,App,32,20.77,12.03,0,1,20.78,0
104894,Postpaid,North,Web,63,25.41,10.75,2,1,25.41,0
104895,Postpaid,West,Store,71,36.91,12.36,1,5,37.06,0
104896,Prepaid,West,Store,31,8.56,5.88,0,4,8.56,1
104897,Postpaid,Central,App,22,32.86,2.74,2,1,32.86,0
104898,Family,Central,App,42,26.77,12.81,1,2,27.11,1
104899,Family,East,Web,64,38.99,24.41,0,4,44.2,0
104900,Postpaid,North,Partner,44,35.68,13.8,2,3,36.43,1
104901,Prepaid,North,Store,25,17.2,8.89,0,2,17.2,0
104902,Prepaid,East,Store,56,17.11,3.81,0,2,17.11,1
104903,Family,Central,Store,13,37.8,5.83,0,7,37.8,1
104904,Postpaid,South,Web,20,28.27,1.44,2,2,28.27,1
104905,Postpaid,North,Web,11,25.77,23.93,3,5,30.78,1
104906,Family,East,App,66,35.89,18.58,1,1,38.66,0
104907,Prepaid,Central,Web,68,21.62,8.73,1,3,21.62,0
104908,Postpaid,East,App,70,34.37,1.54,1,3,34.37,0
104909,Prepaid,West,App,2,18.43,9.93,2,3,18.43,1
104910,Prepaid,East,App,65,13.71,12.0,2,3,13.71,0
104911,Postpaid,South,App,16,33.94,23.05,1,4,38.58,0
104912,Postpaid,East,App,69,31.95,7.31,1,3,31.95,0
104913,Business,West,App,25,54.63,27.21,3,2,61.02,1
104914,Prepaid,West,App,23,15.5,7.12,1,2,15.5,1
104915,Family,East,App,48,45.84,14.69,2,3,46.97,0
104916,Family,South,App,57,50.73,6.51,3,3,50.73,0
104917,Postpaid,North,App,28,34.75,11.37,0,3,34.75,0
104918,Business,North,Web,60,55.38,12.87,2,4,55.75,0
104919,Postpaid,North,Store,2,27.45,26.25,0,2,33.44,1
104920,Postpaid,North,App,65,36.65,19.0,0,2,39.59,0
104921,Prepaid,West,App,38,17.72,0.2,0,3,17.72,0
104922,Prepaid,West,App,39,22.31,9.24,0,3,22.31,1
104923,Family,West,App,64,40.86,3.74,1,3,40.86,0
104924,Postpaid,West,App,4,31.45,18.13,3,2,34.02,0
104925,Postpaid,Central,App,64,41.47,18.66,1,1,44.26,1
104926,Prepaid,Central,Store,15,26.26,13.93,1,3,27.07,1
104927,Postpaid,South,Web,72,24.77,19.91,1,5,28.09,0
104928,Postpaid,North,Store,52,25.03,7.54,3,3,25.03,1
104929,Prepaid,North,App,25,13.01,9.34,0,2,13.01,0
104930,Family,Central,App,5,42.47,20.94,0,2,46.22,1
104931,Postpaid,North,Partner,9,18.71,18.27,3,1,21.34,0
104932,Family,South,Web,9,31.94,24.07,2,1,37.01,0
104933,Prepaid,East,Web,6,10.26,1.85,1,3,10.26,1
104934,Postpaid,West,Partner,45,35.46,14.94,2,1,36.69,1
104935,Prepaid,West,Store,63,14.33,14.87,1,6,15.53,0
104936,Postpaid,West,App,58,37.18,17.41,1,3,39.45,0
104937,Family,East,Web,54,39.95,16.89,2,1,42.0,0
104938,Postpaid,Central,App,71,27.73,23.77,1,4,32.67,0
104939,Prepaid,North,Web,46,15.41,13.51,1,6,16.05,0
104940,Family,Central,App,7,21.74,17.97,0,2,24.25,0
104941,Prepaid,West,App,36,21.78,13.1,1,3,22.24,1
104942,Postpaid,South,App,55,28.82,12.1,0,6,28.86,0
104943,Business,Central,App,33,70.41,22.3,1,3,74.74,0
104944,Postpaid,Central,Store,23,40.42,25.87,2,3,46.25,0
104945,Family,Central,App,36,36.9,0.2,0,4,36.9,0
104946,Postpaid,Central,App,57,19.92,18.64,2,5,22.71,0
104947,Family,South,App,27,36.11,15.45,1,3,37.56,0
104948,Postpaid,South,Web,26,31.94,16.17,0,3,33.7,0
104949,Postpaid,North,Web,35,12.97,6.68,1,4,12.97,0
104950,Prepaid,Central,Web,31,15.79,5.79,1,3,15.79,0
104951,Family,West,App,16,40.82,9.79,2,2,40.82,1
104952,Prepaid,Central,Store,21,13.59,9.5,1,2,13.59,0
104953,Business,Central,App,9,41.17,29.97,0,1,48.72,0
104954,Prepaid,West,App,55,19.68,6.49,2,1,19.68,1
104955,Prepaid,North,App,16,12.89,13.24,1,3,13.41,1
104956,Family,North,Web,71,51.03,14.2,1,3,51.96,0
104957,Prepaid,East,Store,70,21.41,12.9,1,2,21.79,0
104958,Postpaid,West,App,49,28.8,34.1,0,1,38.08,0
104959,Postpaid,North,Store,72,17.46,11.93,0,4,17.46,0
104960,Prepaid,Central,App,63,19.12,8.45,1,1,19.12,1
104961,Prepaid,West,App,55,22.67,11.99,0,4,22.67,0
104962,Postpaid,South,Web,26,29.64,13.33,0,1,30.2,0
104963,Prepaid,Central,Web,61,31.96,9.76,1,2,31.96,0
104964,Prepaid,West,Web,25,16.14,7.94,2,2,16.14,0
104965,Prepaid,West,Partner,8,11.38,10.26,0,3,11.38,1
104966,Postpaid,South,App,41,26.37,29.67,0,3,33.8,0
104967,Prepaid,South,Web,9,18.52,0.2,1,2,18.52,1
104968,Prepaid,North,Partner,7,13.64,15.96,0,4,15.3,1
104969,Postpaid,East,App,7,39.03,2.83,1,3,39.03,0
104970,Postpaid,West,Web,66,27.36,3.45,2,2,27.36,1
104971,Prepaid,Central,Partner,5,14.11,5.14,1,3,14.11,1
104972,Prepaid,Central,Web,29,14.15,14.02,0,3,15.0,0
104973,Family,North,App,54,29.91,23.19,1,4,34.61,0
104974,Postpaid,Central,App,58,28.83,21.56,3,3,32.84,1
104975,Postpaid,North,Web,5,31.74,26.98,1,2,38.03,0
104976,Postpaid,North,Web,65,25.36,23.71,2,0,30.28,0
104977,Prepaid,West,App,69,15.83,8.18,1,3,15.83,1
104978,Family,Central,App,70,29.38,8.94,0,2,29.38,0
104979,Family,Central,App,48,36.25,21.41,3,3,40.2,1
104980,Family,West,App,37,35.82,17.59,0,3,38.17,1
104981,Prepaid,South,Web,13,19.05,7.44,0,2,19.05,1
104982,Prepaid,North,Store,9,12.22,11.01,2,3,12.22,1
104983,Prepaid,North,Store,59,17.38,2.83,0,4,17.38,0
104984,Prepaid,East,Store,62,19.79,12.7,1,5,20.08,0
104985,Prepaid,East,Store,60,11.88,13.15,3,4,12.36,0
104986,Postpaid,North,Web,45,22.63,9.88,2,2,22.63,0
104987,Prepaid,East,App,41,13.33,6.39,1,3,13.33,1
104988,Family,East,App,14,45.84,34.73,1,0,55.39,0
104989,Prepaid,West,Web,7,16.12,7.47,0,2,16.12,1
104990,Prepaid,East,Store,15,9.58,6.51,4,1,9.58,1
104991,Family,South,App,29,30.66,28.74,2,3,37.69,1
104992,Postpaid,West,Store,22,22.12,10.67,1,3,22.12,1
104993,Postpaid,West,Web,40,18.8,13.89,2,3,19.59,0
104994,Postpaid,South,App,57,28.42,13.75,1,2,29.16,0
104995,Prepaid,North,Store,54,13.4,12.48,2,2,13.61,0
104996,Prepaid,Central,App,60,12.31,5.08,3,3,12.31,0
104997,Postpaid,West,Web,22,31.19,13.22,2,4,31.71,1
104998,Postpaid,South,Store,68,28.29,13.68,1,2,29.0,0
104999,Postpaid,East,Web,63,31.57,11.26,1,3,31.57,0
105000,Prepaid,West,Web,26,18.58,2.8,1,1,18.58,1
105001,Postpaid,North,Web,19,25.32,15.8,7,4,26.92,1
105002,Family,North,App,64,39.45,7.91,0,4,39.45,0
105003,Prepaid,Central,App,72,15.77,8.19,2,1,15.77,1
105004,Prepaid,East,Partner,34,14.76,2.94,3,1,14.76,0
105005,Postpaid,North,Partner,9,35.01,18.1,1,2,37.57,1
105006,Family,West,Partner,44,30.89,21.75,0,2,34.98,0
105007,Postpaid,East,Partner,60,35.03,1.95,2,3,35.03,0
105008,Postpaid,West,Store,34,29.91,13.46,0,3,30.53,0
105009,Postpaid,South,Store,10,33.82,20.41,1,2,37.35,0
105010,Prepaid,North,Web,53,18.95,11.55,1,4,18.95,0
105011,Postpaid,North,App,55,33.0,19.77,0,1,36.26,0
105012,Prepaid,Central,Web,63,19.18,7.45,1,3,19.18,0
105013,Family,West,Web,63,34.59,14.64,1,2,35.7,0
105014,Prepaid,West,Store,35,20.16,0.2,4,1,20.16,1
105015,Prepaid,North,App,23,22.77,8.22,0,3,22.77,1
105016,Postpaid,West,Web,12,22.23,17.53,0,1,24.56,1
105017,Postpaid,East,Partner,8,27.34,11.54,1,2,27.34,1
105018,Postpaid,West,App,60,28.07,23.19,0,1,32.77,0
105019,Postpaid,South,App,72,36.22,14.04,0,3,37.08,0
105020,Family,West,Web,47,35.72,18.66,2,3,38.52,1
105021,Family,North,Web,70,19.75,25.18,2,5,25.29,0
105022,Family,North,Web,23,25.79,30.83,3,2,33.7,0
105023,Postpaid,West,Store,55,28.46,11.49,1,1,28.46,0
105024,Postpaid,North,App,29,37.4,20.59,1,4,41.0,0
105025,Postpaid,North,App,28,31.65,24.86,0,4,37.05,0
105026,Postpaid,Central,Partner,47,28.69,13.14,0,5,29.17,0
105027,Prepaid,South,App,10,26.25,6.63,3,2,26.25,1
105028,Postpaid,East,App,30,34.17,16.58,1,0,36.09,0
105029,Prepaid,West,App,31,26.93,11.75,2,4,26.93,1
105030,Prepaid,West,App,31,17.18,5.83,0,2,17.18,1
105031,Family,North,App,52,43.28,20.41,1,2,46.82,0
105032,Prepaid,East,Web,21,18.32,5.61,1,3,18.32,0
105033,Postpaid,East,Store,11,24.67,22.33,0,2,29.01,0
105034,Postpaid,South,Store,44,33.5,9.15,1,0,33.5,0
105035,Prepaid,West,Store,2,15.0,10.17,1,4,15.0,0
105036,Family,Central,Web,72,33.61,11.43,0,2,33.61,0
105037,Prepaid,North,App,66,15.52,6.35,1,3,15.52,1
105038,Family,North,App,28,42.36,9.98,1,1,42.36,0
105039,Family,West,App,51,35.78,27.64,0,2,42.35,0
105040,Prepaid,East,Partner,38,22.14,8.57,2,4,22.14,1
105041,Prepaid,West,Web,50,8.62,8.79,1,3,8.62,0
105042,Prepaid,North,Store,16,15.5,7.94,0,3,15.5,1
105043,Postpaid,North,App,69,13.48,18.39,0,1,16.17,0
105044,Prepaid,West,App,64,12.4,6.4,2,6,12.4,0
105045,Business,Central,Partner,38,58.1,36.49,0,4,68.39,0
105046,Prepaid,North,App,64,14.64,5.9,2,5,14.64,1
105047,Family,Central,Web,23,34.87,20.99,3,3,38.65,0
105048,Prepaid,South,Web,57,16.77,7.5,0,1,16.77,0
105049,Business,North,Web,66,63.34,28.42,1,4,70.23,1
105050,Prepaid,East,App,51,13.92,0.64,4,2,13.92,1
105051,Postpaid,South,App,71,42.73,13.53,1,3,43.37,0
105052,Postpaid,West,App,16,33.77,13.84,0,3,34.55,1
105053,Prepaid,South,Partner,2,20.63,6.83,0,2,20.63,0
105054,Family,East,Web,38,37.96,13.11,2,5,38.43,0
105055,Prepaid,South,App,24,22.32,12.15,4,5,22.38,1
105056,Postpaid,West,Partner,47,36.19,23.21,0,0,40.9,0
105057,Postpaid,Central,App,27,37.12,15.42,0,2,38.56,0
105058,Postpaid,South,App,63,31.6,15.78,2,0,33.19,1
105059,Prepaid,East,App,9,18.82,10.28,1,0,18.82,0
105060,Prepaid,Central,Partner,70,15.93,7.37,3,3,15.93,0
105061,Prepaid,North,App,16,22.58,8.36,1,4,22.58,1
105062,Prepaid,West,App,24,23.23,9.14,0,3,23.23,0
105063,Prepaid,East,App,2,17.74,7.3,2,3,17.74,0
105064,Business,Central,App,49,48.64,36.79,2,2,59.06,0
105065,Postpaid,South,Store,51,29.7,15.46,0,4,31.15,0
105066,Postpaid,South,App,67,26.23,7.21,1,6,26.23,0
105067,Postpaid,South,Web,8,28.38,22.82,1,2,32.93,1
105068,Prepaid,North,Partner,35,12.49,6.28,0,2,12.49,0
105069,Postpaid,North,App,64,32.65,21.98,3,2,36.84,1
105070,Prepaid,Central,Partner,3,18.21,3.44,2,3,18.21,1
105071,Postpaid,South,Web,43,36.75,28.29,1,2,43.6,0
105072,Postpaid,North,Partner,17,28.38,7.42,1,3,28.38,0
105073,Postpaid,South,App,26,39.41,15.44,1,4,40.86,0
105074,Business,South,Web,55,51.48,34.39,3,8,60.88,0
105075,Prepaid,East,Store,59,22.33,16.38,2,2,24.17,0
105076,Postpaid,North,App,1,35.96,4.67,3,5,35.96,0
105077,Prepaid,West,Web,47,11.21,2.96,1,2,11.21,1
105078,Postpaid,West,App,29,33.76,1.69,3,2,33.76,1
105079,Postpaid,South,Web,55,45.73,16.32,1,5,47.54,0
105080,Prepaid,West,Store,61,11.41,8.9,3,0,11.41,0
105081,Postpaid,South,Store,64,20.95,10.28,3,2,20.95,0
105082,Postpaid,East,App,8,29.79,0.2,2,2,29.79,1
105083,Prepaid,Central,Partner,59,18.94,13.36,3,3,19.52,1
105084,Business,Central,App,70,39.47,24.87,0,3,44.87,0
105085,Postpaid,South,Web,57,23.89,12.28,1,3,24.01,0
105086,Family,East,Web,28,29.39,16.8,4,2,31.41,1
105087,Postpaid,South,App,53,25.14,15.03,2,1,26.42,1
105088,Business,East,Store,5,41.69,23.87,1,4,46.68,0
105089,Prepaid,West,Partner,28,12.01,12.1,0,0,12.05,0
105090,Postpaid,North,Partner,60,32.8,22.23,1,3,37.1,0
105091,Family,Central,App,47,36.54,15.52,0,5,38.02,0
105092,Postpaid,West,App,20,26.19,20.3,0,1,29.68,0
105093,Postpaid,North,App,41,34.26,8.08,1,4,34.26,0
105094,Business,Central,Web,1,38.28,21.32,0,2,42.19,1
105095,Postpaid,West,App,70,24.59,0.2,1,0,24.59,0
105096,Postpaid,South,App,40,43.19,8.8,2,3,43.19,0
105097,Postpaid,East,App,37,26.84,11.54,4,7,26.84,1
105098,Family,Central,Partner,25,41.83,12.18,1,4,41.91,1
105099,Family,Central,App,16,45.4,5.6,0,3,45.4,1
105100,Postpaid,South,Web,24,18.04,5.85,1,2,18.04,0
105101,Prepaid,West,App,33,13.68,3.46,1,5,13.68,0
105102,Prepaid,Central,Store,31,13.08,8.44,0,1,13.08,0
105103,Postpaid,Central,Store,30,23.75,23.3,0,2,28.5,0
105104,Family,North,Partner,37,45.52,8.02,2,4,45.52,0
105105,Postpaid,East,Web,34,40.27,16.28,0,4,42.07,0
105106,Prepaid,Central,App,23,16.47,0.2,1,6,16.47,0
105107,Prepaid,North,App,42,11.62,8.92,2,1,11.62,0
105108,Postpaid,East,App,18,27.98,16.78,1,3,29.99,0
105109,Family,East,App,69,39.7,23.8,1,3,44.66,0
105110,Prepaid,East,Partner,49,13.76,5.59,0,1,13.76,1
105111,Postpaid,West,Store,21,25.67,8.02,0,2,25.67,0
105112,Family,North,Web,50,35.45,1.56,2,1,35.45,0
105113,Business,West,App,70,53.45,34.06,2,2,62.72,1
105114,Prepaid,South,Partner,56,14.41,8.99,2,4,14.41,1
105115,Business,West,Partner,57,40.68,18.63,2,6,43.47,0
105116,Postpaid,East,Web,16,28.47,19.18,1,2,31.49,1
105117,Family,North,App,14,35.34,11.95,1,2,35.34,0
105118,Prepaid,Central,Web,41,19.28,9.56,1,3,19.28,1
105119,Postpaid,West,Partner,21,32.92,29.85,0,2,40.42,0
105120,Postpaid,South,App,9,28.66,20.75,2,4,32.34,0
105121,Prepaid,South,Partner,66,9.7,7.84,1,5,9.7,1
105122,Postpaid,East,Partner,25,32.47,14.51,0,4,33.53,1
105123,Postpaid,Central,App,58,32.32,24.37,2,3,37.52,0
105124,Postpaid,South,App,53,28.3,11.75,2,2,28.3,0
105125,Prepaid,Central,App,11,19.95,3.76,2,1,19.95,1
105126,Postpaid,South,Store,14,32.22,23.86,0,2,37.2,0
105127,Prepaid,West,Partner,43,25.01,8.29,0,4,25.01,0
105128,Family,South,Web,45,27.36,15.37,1,3,28.78,0
105129,Business,North,App,20,63.65,24.37,2,1,68.85,0
105130,Prepaid,Central,Store,12,14.87,12.21,0,1,14.96,1
105131,Prepaid,North,Store,46,20.41,9.32,2,0,20.41,0
105132,Prepaid,Central,Store,18,17.92,11.5,1,3,17.92,1
105133,Postpaid,North,Web,13,24.93,20.68,0,3,28.58,0
105134,Family,South,Web,28,35.67,16.25,0,1,37.45,0
105135,Postpaid,Central,App,26,30.3,22.84,1,2,34.85,0
105136,Prepaid,West,App,29,17.3,13.41,1,6,17.89,1
105137,Prepaid,North,Partner,28,14.04,9.85,1,4,14.04,0
105138,Prepaid,West,App,41,14.38,6.02,1,3,14.38,0
105139,Family,North,Store,39,45.76,25.1,0,6,51.26,0
105140,Postpaid,Central,Partner,3,30.07,21.8,0,1,34.19,0
105141,Postpaid,North,Web,18,34.62,0.2,2,2,34.62,0
105142,Prepaid,East,Web,37,16.72,2.65,0,2,16.72,1
105143,Business,North,App,53,61.64,14.0,1,4,62.47,1
105144,Prepaid,West,Store,3,11.63,11.01,1,0,11.63,1
105145,Family,Central,Web,59,40.11,17.81,0,6,42.55,0
105146,Family,West,App,7,49.78,12.15,1,2,49.84,1
105147,Postpaid,South,App,47,34.85,14.15,0,1,35.76,1
105148,Family,South,App,16,42.27,28.82,1,2,49.33,1
105149,Prepaid,North,Store,66,26.04,7.68,0,4,26.04,1
105150,Postpaid,Central,Partner,50,24.26,23.0,0,3,28.88,0
105151,Prepaid,North,Web,57,22.06,14.62,1,2,23.16,1
105152,Postpaid,West,App,59,31.24,9.28,1,2,31.24,0
105153,Prepaid,South,App,4,19.85,14.81,2,4,21.03,1
105154,Prepaid,Central,Store,61,27.83,6.94,0,2,27.83,0
105155,Prepaid,East,Store,7,14.24,7.17,1,3,14.24,1
105156,Prepaid,East,App,40,13.84,1.46,1,4,13.84,1
105157,Postpaid,Central,Partner,48,28.39,8.86,4,3,28.39,1
105158,Postpaid,Central,Partner,65,16.86,16.84,3,2,18.89,0
105159,Prepaid,East,Partner,52,21.42,5.82,1,2,21.42,1
105160,Business,West,App,52,48.16,25.16,2,0,53.69,0
105161,Business,West,Web,70,53.88,28.19,1,3,60.68,0
105162,Prepaid,East,Web,2,14.51,4.43,1,1,14.51,0
105163,Postpaid,North,Store,1,24.68,16.73,0,2,26.66,1
105164,Postpaid,West,App,14,31.5,18.07,0,2,34.05,0
105165,Family,West,App,18,44.21,17.57,2,2,46.55,0
105166,Postpaid,North,App,36,32.65,12.15,0,0,32.71,0
105167,Family,South,Partner,60,31.42,24.75,3,2,36.77,0
105168,Prepaid,West,Web,29,12.1,9.27,1,4,12.1,1
105169,Prepaid,North,Partner,65,22.67,13.34,1,6,23.23,1
105170,Postpaid,West,Store,47,28.76,14.45,2,2,29.78,0
105171,Postpaid,West,App,34,31.78,9.42,2,5,31.78,0
105172,Family,South,Store,58,48.68,18.93,0,3,51.59,0
105173,Prepaid,South,App,35,25.29,5.73,0,2,25.29,0
105174,Prepaid,South,Partner,4,27.62,5.9,0,5,27.62,1
105175,Prepaid,South,App,62,11.5,10.1,1,6,11.5,0
105176,Prepaid,West,App,10,11.01,4.39,1,0,11.01,1
105177,Prepaid,West,Store,34,20.83,6.83,1,3,20.83,0
105178,Postpaid,Central,Web,12,32.62,20.42,0,2,36.16,0
105179,Postpaid,North,Store,57,31.85,3.58,2,0,31.85,0
105180,Postpaid,West,App,46,29.18,16.06,0,5,30.89,0
105181,Postpaid,South,Web,69,24.76,25.69,2,3,30.51,0
105182,Prepaid,West,App,63,29.56,13.98,1,3,30.39,0
105183,Postpaid,North,Store,19,34.98,9.51,2,5,34.98,1
105184,Prepaid,East,Store,19,20.28,6.13,0,4,20.28,0
105185,Family,East,App,20,45.81,13.74,1,0,46.54,0
105186,Prepaid,South,Store,12,16.98,4.05,1,4,16.98,0
105187,Postpaid,Central,App,68,33.79,20.1,2,2,37.19,1
105188,Family,North,App,6,26.1,15.71,1,4,27.66,0
105189,Postpaid,North,Store,31,34.99,20.27,1,1,38.46,0
105190,Postpaid,West,App,21,25.27,13.14,2,3,25.75,1
105191,Postpaid,East,App,2,32.21,25.89,2,3,38.05,1
105192,Prepaid,South,Web,60,26.68,5.96,2,3,26.68,0
105193,Postpaid,South,Web,37,37.99,25.67,4,2,43.73,1
105194,Family,North,Web,64,28.69,21.93,1,2,32.87,0
105195,Business,Central,Web,45,61.78,39.13,0,3,73.18,0
105196,Postpaid,East,Store,36,39.25,25.65,0,5,44.98,0
105197,Postpaid,South,App,18,26.44,25.6,0,1,32.15,0
105198,Family,South,Store,43,43.02,31.98,3,1,51.41,1
105199,Postpaid,Central,Web,53,24.83,13.54,0,5,25.47,0
105200,Prepaid,Central,Store,3,19.14,3.96,1,5,19.14,1
105201,Prepaid,North,Partner,17,20.06,5.24,0,3,20.06,0
105202,Prepaid,West,Store,27,18.54,8.8,1,3,18.54,0
105203,Postpaid,North,App,9,17.26,17.61,1,3,19.61,1
105204,Prepaid,South,Web,7,20.14,9.35,1,2,20.14,0
105205,Prepaid,Central,App,18,19.12,10.21,1,1,19.12,1
105206,Prepaid,Central,Partner,25,15.55,6.59,1,1,15.55,1
105207,Business,North,App,39,51.09,30.13,0,2,58.7,1
105208,Prepaid,Central,Web,59,14.47,7.86,0,1,14.47,0
105209,Prepaid,West,Store,62,14.79,12.0,0,1,14.79,0
105210,Postpaid,West,App,28,31.2,7.95,0,6,31.2,1
105211,Prepaid,West,Web,39,26.78,14.26,2,3,27.73,1
105212,Business,East,App,2,46.65,9.56,2,4,46.65,0
105213,Family,Central,App,62,33.94,23.31,1,2,38.69,0
105214,Postpaid,South,App,17,24.7,14.1,3,2,25.59,0
105215,Postpaid,East,Web,5,23.94,14.87,2,6,25.14,0
105216,Postpaid,South,Web,44,33.98,16.71,1,3,35.96,0
105217,Prepaid,West,App,27,21.1,8.81,3,1,21.1,0
105218,Prepaid,North,Web,30,15.05,3.42,3,3,15.05,1
105219,Prepaid,East,Partner,32,21.84,5.09,2,3,21.84,0
105220,Prepaid,West,App,46,19.88,6.77,1,1,19.88,1
105221,Postpaid,South,Partner,58,32.76,10.58,0,3,32.76,0
105222,Prepaid,South,App,42,15.28,11.18,3,2,15.28,0
105223,Prepaid,South,Web,44,9.82,6.2,2,4,9.82,1
105224,Postpaid,West,Store,59,31.07,19.23,1,1,34.11,0
105225,Postpaid,South,Partner,57,25.04,20.06,2,2,28.42,0
105226,Prepaid,South,App,13,9.27,6.96,1,1,9.27,1
105227,Prepaid,East,App,25,10.22,7.11,1,1,10.22,0
105228,Prepaid,Central,Web,36,16.64,11.09,0,9,16.64,1
105229,Prepaid,West,Web,68,13.86,12.4,0,6,14.03,0
105230,Family,North,Store,44,41.34,22.23,0,2,45.63,0
105231,Family,Central,Web,59,34.57,28.31,2,6,41.42,0
105232,Postpaid,Central,Web,58,30.56,8.01,1,3,30.56,0
105233,Postpaid,West,App,66,27.61,21.85,2,6,31.75,0
105234,Postpaid,East,App,38,20.86,26.36,0,2,26.89,0
105235,Postpaid,North,App,19,25.2,18.39,2,4,27.88,0
105236,Prepaid,West,App,30,27.16,7.85,1,3,27.16,1
105237,Prepaid,East,Web,1,8.0,15.61,0,2,9.51,1
105238,Postpaid,South,App,50,41.97,16.52,2,1,43.87,0
105239,Postpaid,North,Store,45,22.45,26.39,0,4,28.49,0
105240,Prepaid,South,App,12,13.26,6.43,1,3,13.26,1
105241,Prepaid,West,Web,36,13.2,4.96,3,2,13.2,0
105242,Prepaid,North,App,52,22.16,6.07,2,3,22.16,0
105243,Prepaid,West,App,57,14.65,8.44,0,5,14.65,0
105244,Postpaid,West,Web,56,29.15,16.34,1,5,30.97,0
105245,Postpaid,South,App,8,36.31,8.23,0,1,36.31,1
105246,Postpaid,North,Web,27,32.23,20.37,0,2,35.75,0
105247,Prepaid,North,App,43,17.54,5.91,2,2,17.54,1
105248,Prepaid,South,Web,8,22.22,3.77,1,0,22.22,0
105249,Family,West,App,15,34.34,31.06,2,3,42.34,1
105250,Postpaid,West,App,68,22.13,23.36,1,0,26.9,0
105251,Prepaid,Central,Store,38,9.95,5.96,0,3,9.95,0
105252,Prepaid,Central,Store,42,17.33,8.99,0,0,17.33,1
105253,Family,South,Web,12,41.85,15.16,1,3,43.18,0
105254,Family,West,App,46,41.22,11.7,1,2,41.22,0
105255,Family,East,Web,66,39.6,28.01,2,0,46.32,1
105256,Postpaid,East,App,70,37.93,23.78,2,3,42.88,0
105257,Postpaid,South,Web,14,17.4,19.8,2,4,20.68,1
105258,Postpaid,South,Partner,16,22.54,4.09,1,5,22.54,1
105259,Prepaid,West,App,42,17.75,16.11,3,3,19.48,1
105260,Postpaid,West,App,64,18.86,17.79,0,1,21.29,1
105261,Postpaid,South,Web,1,21.34,23.26,0,2,26.07,0
105262,Prepaid,North,Partner,17,25.68,7.42,1,3,25.68,1
105263,Family,East,Web,12,38.56,10.21,0,3,38.56,0
105264,Postpaid,West,Store,57,46.02,10.18,1,2,46.02,0
105265,Prepaid,East,Web,36,11.09,12.94,1,2,11.48,1
105266,Prepaid,North,App,52,22.08,8.49,0,5,22.08,0
105267,Family,South,Partner,3,41.54,17.69,1,2,43.93,0
105268,Family,West,Web,10,40.41,22.6,0,1,44.86,0
105269,Postpaid,West,Partner,40,16.94,17.95,1,6,19.44,1
105270,Business,North,Web,31,52.28,28.59,0,4,59.25,0
105271,Family,East,Partner,14,37.17,15.1,1,0,38.47,1
105272,Family,East,App,19,41.92,14.3,1,1,42.89,0
105273,Family,West,Partner,53,39.44,23.77,1,2,44.38,0
105274,Postpaid,North,App,1,28.32,17.81,2,4,30.75,1
105275,Family,West,App,63,37.56,9.74,0,4,37.56,0
105276,Postpaid,Central,App,12,23.09,0.2,4,5,23.09,0
105277,Postpaid,South,App,55,28.76,5.48,2,3,28.76,0
105278,Prepaid,South,App,46,24.01,8.56,2,2,24.01,0
105279,Family,North,Store,5,28.85,11.67,2,5,28.85,1
105280,Business,North,App,56,56.97,9.29,0,1,56.97,1
105281,Prepaid,Central,App,36,9.0,8.54,1,5,9.0,0
105282,Business,Central,App,22,48.86,28.28,6,0,55.69,1
105283,Postpaid,North,Web,9,27.61,24.74,2,2,32.97,1
105284,Prepaid,Central,Store,9,20.04,2.25,0,2,20.04,1
105285,Prepaid,North,Web,30,15.87,10.64,0,3,15.87,0
105286,Family,East,Web,22,50.62,19.65,1,1,53.84,1
105287,Postpaid,West,Web,61,34.52,23.31,0,2,39.27,0
105288,Prepaid,South,App,40,21.26,3.7,1,3,21.26,0
105289,Postpaid,East,Store,3,28.76,14.03,2,5,29.62,0
105290,Prepaid,West,Store,64,20.54,6.81,2,1,20.54,1
105291,Postpaid,North,App,19,34.81,22.83,1,2,39.36,1
105292,Family,Central,Partner,44,40.73,34.37,1,4,50.12,0
105293,Postpaid,South,App,60,30.5,14.01,0,0,31.35,0
105294,Family,North,Partner,49,33.93,25.9,0,5,39.77,0
105295,Postpaid,Central,App,30,33.98,2.78,2,4,33.98,0
105296,Business,East,Web,1,49.66,28.56,0,2,56.61,1
105297,Prepaid,South,App,17,22.99,5.0,3,3,22.99,0
105298,Prepaid,South,Partner,42,21.33,10.17,1,3,21.33,1
105299,Prepaid,North,Web,69,21.35,3.38,2,3,21.35,0
105300,Postpaid,South,App,3,37.06,12.21,4,2,37.15,0
105301,Postpaid,South,App,12,27.28,19.23,1,3,30.32,1
105302,Family,East,Store,26,47.01,21.59,0,3,51.04,0
105303,Prepaid,East,App,57,15.28,10.48,2,4,15.28,1
105304,Prepaid,Central,App,69,8.45,4.51,3,2,8.45,0
105305,Postpaid,Central,Partner,13,32.13,6.16,1,2,32.13,0
105306,Business,South,Store,42,53.11,24.12,2,4,58.2,0
105307,Prepaid,Central,App,70,12.57,9.56,2,3,12.57,1
105308,Prepaid,Central,Store,72,11.6,10.98,1,3,11.6,0
105309,Prepaid,Central,App,57,22.47,13.09,0,3,22.93,1
105310,Postpaid,West,Web,57,36.26,19.2,4,2,39.29,1
105311,Prepaid,North,App,20,20.56,4.8,1,1,20.56,0
105312,Postpaid,North,App,23,31.47,12.89,2,1,31.85,0
105313,Postpaid,Central,App,71,26.48,20.24,1,2,29.94,0
105314,Postpaid,East,Partner,45,25.56,11.97,1,8,25.56,0
105315,Postpaid,Central,App,9,36.18,19.12,0,0,39.17,0
105316,Prepaid,West,Web,5,22.08,10.1,0,1,22.08,0
105317,Family,South,Store,62,37.04,38.34,2,4,48.1,1
105318,Postpaid,South,Web,10,31.47,17.71,2,2,33.87,1
105319,Prepaid,Central,App,51,19.85,1.19,2,4,19.85,0
105320,Prepaid,North,Web,24,23.18,4.11,0,4,23.18,0
105321,Postpaid,West,Partner,13,34.54,18.15,0,5,37.12,1
105322,Family,Central,App,9,42.57,29.87,2,2,50.07,1
105323,Prepaid,North,App,40,19.64,10.08,1,1,19.64,1
105324,Prepaid,South,Partner,58,16.89,9.41,1,2,16.89,1
105325,Prepaid,East,App,1,17.58,5.64,0,3,17.58,1
105326,Postpaid,Central,Web,51,19.51,5.64,1,4,19.51,0
105327,Business,East,Web,42,68.27,17.52,1,2,70.59,0
105328,Postpaid,North,App,58,25.42,4.41,0,2,25.42,0
105329,Postpaid,North,App,42,17.5,1.92,2,5,17.5,0
105330,Family,South,App,10,33.5,14.29,2,2,34.47,0
105331,Family,South,Store,30,20.7,7.49,1,1,20.7,0
105332,Prepaid,South,Store,72,18.71,3.98,0,0,18.71,0
105333,Prepaid,Central,Web,60,15.63,9.39,3,1,15.63,1
105334,Postpaid,North,Store,26,33.39,12.18,1,4,33.47,0
105335,Family,West,Web,68,46.09,26.4,2,1,52.14,0
105336,Postpaid,Central,App,1,33.14,18.8,2,3,35.99,0
105337,Postpaid,West,App,39,32.09,21.8,1,6,36.21,0
105338,Family,West,App,56,36.23,21.85,3,5,40.37,0
105339,Prepaid,North,App,49,15.44,0.2,2,4,15.44,0
105340,Prepaid,East,App,13,20.13,14.97,1,2,21.38,1
105341,Prepaid,South,Partner,11,17.98,16.36,0,3,19.81,1
105342,Family,South,App,54,46.62,18.83,1,3,49.48,0
105343,Postpaid,East,App,72,42.53,25.06,1,1,48.01,0
105344,Prepaid,North,Web,56,22.52,7.47,1,2,22.52,0
105345,Prepaid,South,Web,62,26.88,12.7,1,2,27.17,0
105346,Family,West,Store,66,37.24,22.21,3,2,41.53,0
105347,Family,East,App,69,41.01,24.84,1,7,46.4,0
105348,Postpaid,North,App,57,38.63,7.18,2,7,38.63,1
105349,Prepaid,North,App,57,19.84,14.41,0,1,20.85,0
105350,Family,South,App,57,39.06,12.86,1,5,39.42,0
105351,Family,East,App,24,42.62,23.92,1,1,47.63,0
105352,Postpaid,East,Web,39,35.55,18.2,2,5,38.15,0
105353,Postpaid,North,Partner,16,33.39,14.6,2,1,34.48,0
105354,Family,West,App,39,55.2,33.27,0,2,64.13,1
105355,Business,Central,App,37,51.96,20.1,0,1,55.37,1
105356,Postpaid,East,Partner,5,42.34,13.67,0,3,43.04,0
105357,Postpaid,East,Store,6,33.67,5.31,2,1,33.67,1
105358,Postpaid,West,Web,69,24.71,22.56,3,0,29.14,0
105359,Family,Central,Partner,40,31.26,14.51,2,5,32.31,0
105360,Postpaid,Central,Web,3,31.56,5.24,2,1,31.56,0
105361,Prepaid,North,Web,27,17.23,6.09,2,2,17.23,1
105362,Prepaid,South,App,65,15.95,7.47,0,2,15.95,0
105363,Family,North,Partner,53,31.98,10.51,2,8,31.98,1
105364,Family,West,Web,60,35.52,19.06,0,0,38.48,0
105365,Business,North,App,46,52.68,38.06,1,4,63.63,0
105366,Postpaid,Central,Store,51,19.33,24.29,0,0,24.49,0
105367,Family,North,App,18,47.56,18.03,1,4,50.09,0
105368,Family,West,Store,61,46.34,18.89,1,2,49.24,1
105369,Prepaid,South,App,53,22.12,0.2,0,3,22.12,0
105370,Prepaid,East,Store,18,26.03,3.87,2,5,26.03,0
105371,Business,East,Store,23,69.64,26.89,1,1,75.89,0
105372,Prepaid,West,Store,56,18.02,12.15,3,2,18.08,0
105373,Postpaid,East,Web,18,30.55,33.05,0,2,39.39,0
105374,Postpaid,East,App,49,22.59,15.97,1,4,24.25,0
105375,Postpaid,West,App,31,24.96,12.26,0,2,25.07,0
105376,Prepaid,Central,Store,21,18.97,13.2,0,4,19.47,0
105377,Family,West,Store,12,36.77,9.71,1,1,36.77,1
105378,Prepaid,West,Partner,52,16.33,2.95,0,1,16.33,1
105379,Family,East,App,24,40.61,11.66,1,2,40.61,0
105380,Prepaid,Central,Store,41,14.94,15.06,1,0,16.22,1
105381,Postpaid,East,Partner,19,29.24,18.71,0,3,32.06,0
105382,Family,Central,Web,11,31.07,16.15,1,5,32.82,0
105383,Prepaid,West,App,2,16.7,8.27,1,1,16.7,0
105384,Prepaid,North,App,68,20.84,5.29,1,3,20.84,0
105385,Family,North,Web,22,29.29,22.33,0,2,33.63,1
105386,Prepaid,West,App,42,22.27,9.94,4,4,22.27,0
105387,Prepaid,West,App,34,18.35,7.51,2,2,18.35,1
105388,Postpaid,West,Store,27,27.78,20.12,4,3,31.19,0
105389,Business,Central,App,60,48.53,17.75,1,6,50.94,0
105390,Postpaid,East,Store,66,29.6,4.63,2,5,29.6,0
105391,Postpaid,South,Partner,13,23.6,15.96,2,4,25.26,1
105392,Business,East,Partner,3,57.41,24.59,4,4,62.7,1
105393,Postpaid,North,Store,24,38.73,10.4,2,2,38.73,0
105394,Postpaid,East,Partner,8,26.2,8.22,0,3,26.2,1
105395,Postpaid,Central,Web,3,16.66,1.54,1,2,16.66,1
105396,Prepaid,North,Partner,58,20.24,16.04,0,0,21.93,1
105397,Prepaid,Central,Web,6,9.37,2.71,0,3,9.37,0
105398,Postpaid,West,Partner,6,29.59,21.86,1,5,33.73,1
105399,Prepaid,North,App,26,30.05,7.86,1,3,30.05,0
105400,Postpaid,Central,App,41,35.52,22.14,0,2,39.78,0
105401,Prepaid,West,App,36,16.48,7.53,1,3,16.48,0
105402,Postpaid,East,Web,54,21.05,3.54,0,1,21.05,0
105403,Prepaid,South,Partner,54,19.72,2.32,1,1,19.72,0
105404,Postpaid,South,Partner,2,20.83,18.63,0,4,23.62,0
105405,Family,West,Web,55,35.46,15.94,1,1,37.12,0
105406,Postpaid,South,Web,4,31.79,16.92,2,0,33.86,1
105407,Prepaid,South,Store,66,23.68,2.43,1,2,23.68,0
105408,Prepaid,Central,Store,23,21.19,8.86,4,4,21.19,0
105409,Family,West,Web,66,36.94,25.71,1,4,42.7,0
105410,Prepaid,West,App,72,8.31,12.87,2,2,8.67,0
105411,Family,Central,Web,8,25.63,13.53,1,3,26.27,0
105412,Prepaid,North,Web,28,18.64,7.38,2,0,18.64,1
105413,Prepaid,South,App,9,14.82,11.42,1,1,14.82,1
105414,Family,West,Store,70,25.53,10.92,2,3,25.53,0
105415,Postpaid,East,Store,36,29.7,11.22,2,6,29.7,0
105416,Prepaid,North,Web,61,17.83,2.4,2,0,17.83,0
105417,Business,West,Web,43,61.64,34.35,2,7,71.03,1
105418,Prepaid,North,App,62,18.78,5.99,0,3,18.78,0
105419,Postpaid,East,Web,44,29.73,13.45,3,1,30.34,0
105420,Postpaid,East,App,4,45.75,7.01,1,2,45.75,0
105421,Postpaid,West,App,36,38.76,12.25,1,2,38.87,0
105422,Family,South,Store,48,36.75,13.37,2,2,37.33,1
105423,Prepaid,North,Web,71,22.83,14.71,0,2,23.97,0
105424,Business,Central,Partner,60,43.86,37.06,2,1,54.39,0
105425,Postpaid,Central,App,37,21.93,0.2,0,2,21.93,0
105426,Business,East,Web,59,58.49,21.39,1,1,62.43,0
105427,Family,North,Web,68,37.15,24.76,2,3,42.51,0
105428,Business,East,Partner,64,54.02,6.81,3,4,54.02,1
105429,Postpaid,South,App,72,14.96,8.98,1,2,14.96,0
105430,Postpaid,North,App,26,30.61,26.19,4,1,36.57,1
105431,Postpaid,North,Store,32,30.12,19.22,0,3,33.16,0
105432,Postpaid,North,Partner,2,26.19,13.61,1,6,26.87,1
105433,Postpaid,South,App,10,39.31,12.9,0,5,39.69,0
105434,Family,South,Store,59,41.07,17.98,1,1,43.58,0
105435,Prepaid,West,Partner,24,19.46,1.27,3,6,19.46,0
105436,Family,East,Store,32,35.01,20.39,3,1,38.53,0
105437,Prepaid,East,Store,26,15.8,4.99,0,3,15.8,0
105438,Business,North,Partner,67,39.98,27.99,3,3,46.7,0
105439,Prepaid,Central,App,64,25.37,18.19,2,1,27.97,1
105440,Prepaid,North,App,54,13.28,5.41,2,5,13.28,0
105441,Family,South,App,70,34.69,24.07,0,2,39.76,1
105442,Family,West,Store,40,31.06,6.8,0,2,31.06,0
105443,Family,West,App,13,37.51,8.47,1,2,37.51,0
105444,Business,West,App,46,52.12,11.28,0,2,52.12,1
105445,Prepaid,East,App,2,14.59,0.75,1,1,14.59,1
105446,Family,South,Store,31,31.25,11.13,0,1,31.25,0
105447,Postpaid,South,Web,60,35.14,9.6,1,3,35.14,0
105448,Postpaid,East,Store,13,34.53,10.9,2,3,34.53,1
105449,Postpaid,South,Web,41,21.49,20.54,2,1,25.08,0
105450,Prepaid,South,Partner,56,17.41,12.28,0,5,17.53,1
105451,Postpaid,North,Web,55,23.05,8.11,1,1,23.05,0
105452,Family,Central,Web,43,50.07,15.21,1,2,51.42,0
105453,Prepaid,North,App,24,22.56,7.89,0,3,22.56,0
105454,Business,South,Store,18,52.82,34.59,2,1,62.3,1
105455,Postpaid,Central,App,12,25.45,15.71,3,3,27.0,0
105456,Prepaid,West,Store,54,18.31,5.45,3,2,18.31,0
105457,Postpaid,East,Partner,20,20.38,12.38,0,1,20.54,1
105458,Prepaid,West,App,47,19.55,15.91,1,3,21.2,0
105459,Prepaid,North,App,4,16.21,5.87,2,2,16.21,1
105460,Postpaid,West,Web,22,37.32,11.3,1,4,37.32,0
105461,Prepaid,South,Partner,28,14.17,6.93,2,0,14.17,0
105462,Prepaid,Central,Web,56,12.77,0.86,0,2,12.77,0
105463,Family,South,App,8,34.94,23.15,0,0,39.62,0
105464,Prepaid,West,Store,34,17.64,7.22,1,6,17.64,0
105465,Family,East,App,34,41.58,9.36,0,2,41.58,0
105466,Family,North,Store,24,33.58,22.25,0,4,37.89,0
105467,Prepaid,South,Web,58,17.99,0.2,1,4,17.99,1
105468,Postpaid,West,Web,71,31.97,17.95,1,3,34.47,0
105469,Prepaid,South,App,4,18.96,6.71,2,0,18.96,1
105470,Postpaid,Central,Partner,68,32.79,16.23,3,1,34.57,1
105471,Prepaid,South,App,65,17.06,11.66,0,0,17.06,0
105472,Business,West,App,61,54.65,30.5,3,3,62.42,1
105473,Prepaid,West,Web,9,20.57,10.05,2,2,20.57,1
105474,Postpaid,East,Store,28,25.22,16.92,0,3,27.29,1
105475,Prepaid,West,Store,48,23.75,6.53,0,1,23.75,1
105476,Prepaid,West,App,15,12.98,9.27,0,4,12.98,1
105477,Postpaid,West,App,18,20.89,8.99,0,4,20.89,1
105478,Postpaid,East,App,41,34.12,13.91,2,2,34.92,0
105479,Business,West,Web,61,55.5,18.21,2,4,58.11,0
105480,Prepaid,South,App,12,23.38,7.72,2,6,23.38,0
105481,Prepaid,North,Partner,1,17.6,11.85,0,5,17.6,1
105482,Postpaid,North,Web,72,34.08,4.42,2,1,34.08,1
105483,Postpaid,West,Web,31,22.66,10.47,0,3,22.66,0
105484,Family,Central,Web,6,44.61,27.43,0,2,51.09,0
105485,Family,North,Web,70,41.33,11.52,2,2,41.33,0
105486,Family,East,Store,20,45.14,21.9,0,1,49.3,0
105487,Prepaid,South,Partner,9,18.95,11.24,3,3,18.95,0
105488,Postpaid,East,App,49,32.27,9.01,1,0,32.27,0
105489,Family,West,App,55,30.75,9.8,2,3,30.75,0
105490,Prepaid,West,Store,10,18.56,13.42,0,3,19.15,0
105491,Postpaid,West,App,53,24.51,11.07,1,2,24.51,0
105492,Prepaid,West,Web,28,15.59,0.2,0,6,15.59,1
105493,Prepaid,North,Partner,23,20.35,9.95,2,3,20.35,1
105494,Family,East,Web,49,25.81,11.67,0,4,25.81,0
105495,Prepaid,South,App,5,11.05,13.49,2,1,11.67,1
105496,Business,Central,App,13,51.51,4.81,1,1,51.51,1
105497,Prepaid,West,App,60,15.37,11.73,0,3,15.37,0
105498,Prepaid,North,App,71,16.06,6.71,0,1,16.06,0
105499,Prepaid,South,Store,66,20.64,0.2,5,2,20.64,1
105500,Prepaid,East,Web,57,18.44,9.75,2,1,18.44,0
105501,Postpaid,Central,Web,10,24.54,18.34,1,4,27.2,0
105502,Prepaid,North,Store,23,12.04,0.77,1,2,12.04,0
105503,Postpaid,East,App,62,21.11,9.76,0,4,21.11,0
105504,Family,South,App,52,39.41,24.79,3,4,44.78,1
105505,Postpaid,West,Store,60,32.77,19.69,1,3,36.0,0
105506,Prepaid,West,App,30,13.96,11.49,1,0,13.96,0
105507,Postpaid,South,App,42,31.99,11.26,1,2,31.99,1
105508,Family,West,Web,54,52.04,11.77,0,2,52.04,0
105509,Postpaid,North,App,57,32.37,19.71,0,0,35.61,0
105510,Prepaid,West,App,53,12.29,7.82,0,1,12.29,0
105511,Postpaid,South,Store,3,30.85,9.16,1,3,30.85,1
105512,Postpaid,East,App,15,33.47,17.19,2,2,35.65,0
105513,Prepaid,South,Web,36,13.76,4.37,1,2,13.76,1
105514,Prepaid,West,App,51,16.55,4.59,2,1,16.55,0
105515,Business,South,Web,70,43.51,32.16,2,2,51.98,1
105516,Prepaid,East,Store,22,22.3,5.54,1,2,22.3,1
105517,Prepaid,North,App,56,19.46,12.88,1,4,19.83,1
105518,Prepaid,South,App,48,14.41,6.27,1,4,14.41,0
105519,Postpaid,West,Partner,20,31.77,20.89,0,6,35.51,1
105520,Postpaid,East,Store,13,24.72,19.25,0,1,27.76,1
105521,Prepaid,East,Web,45,17.49,9.61,0,3,17.49,0
105522,Postpaid,West,Partner,24,28.53,5.06,1,3,28.53,1
105523,Postpaid,East,App,16,29.87,20.82,2,3,33.58,1
105524,Prepaid,Central,Store,16,15.88,2.38,0,0,15.88,0
105525,Family,South,Web,16,33.47,10.83,2,5,33.47,0
105526,Prepaid,Central,Web,7,24.04,4.05,0,2,24.04,0
105527,Prepaid,Central,App,14,14.25,9.98,1,3,14.25,1
105528,Business,East,Partner,71,52.23,24.35,0,1,57.42,0
105529,Family,South,Store,14,50.93,7.05,4,4,50.93,1
105530,Postpaid,West,Web,30,35.48,15.36,1,4,36.89,0
105531,Family,West,App,36,22.22,6.32,0,5,22.22,1
105532,Postpaid,North,Store,51,35.85,0.2,1,3,35.85,0
105533,Postpaid,South,App,23,31.98,6.1,1,2,31.98,0
105534,Family,North,Partner,60,25.8,6.81,1,1,25.8,0
105535,Family,West,App,57,34.67,22.64,2,6,39.14,1
105536,Prepaid,West,Web,37,19.81,10.26,1,2,19.81,0
105537,Postpaid,North,App,65,25.44,18.58,0,3,28.2,0
105538,Postpaid,East,App,26,35.68,7.8,0,2,35.68,0
105539,Prepaid,West,App,36,21.23,7.01,2,2,21.23,0
105540,Business,Central,Web,44,60.71,24.99,0,2,66.16,0
105541,Postpaid,North,App,14,30.36,18.99,1,3,33.3,0
105542,Postpaid,South,Web,6,29.58,10.23,2,2,29.58,0
105543,Postpaid,South,Web,72,14.34,18.39,3,0,17.03,0
105544,Postpaid,West,Partner,4,21.47,14.9,2,1,22.69,0
105545,Prepaid,North,Web,4,19.0,14.07,0,1,19.87,1
105546,Business,North,Store,8,47.9,27.04,0,2,54.22,0
105547,Postpaid,West,Store,40,33.49,12.37,1,2,33.65,1
105548,Postpaid,East,App,20,37.58,9.5,1,3,37.58,0
105549,Postpaid,North,Store,16,17.56,6.98,1,5,17.56,1
105550,Prepaid,South,Web,62,20.86,7.89,1,3,20.86,1
105551,Prepaid,North,App,68,14.12,6.12,1,4,14.12,1
105552,Postpaid,South,App,64,32.31,29.64,2,4,39.72,1
105553,Prepaid,South,Store,24,16.48,5.38,0,3,16.48,1
105554,Postpaid,North,Web,7,35.78,9.53,1,2,35.78,1
105555,Family,North,App,69,24.83,32.35,1,2,33.37,1
105556,Prepaid,Central,Web,40,27.69,4.77,1,3,27.69,0
105557,Prepaid,Central,App,71,15.27,9.07,0,6,15.27,0
105558,Postpaid,North,Store,13,26.6,14.59,1,2,27.69,1
105559,Prepaid,West,Partner,68,13.87,3.72,3,1,13.87,0
105560,Business,North,App,23,71.95,32.58,3,5,80.59,1
105561,Postpaid,West,Store,58,31.26,1.39,1,4,31.26,0
105562,Prepaid,Central,Partner,8,21.95,12.91,1,2,22.33,0
105563,Prepaid,West,App,54,16.39,13.36,1,1,16.96,1
105564,Business,West,App,35,51.25,19.03,1,4,54.2,0
105565,Prepaid,South,Partner,69,17.24,11.5,0,0,17.24,0
105566,Postpaid,South,Store,11,28.39,21.41,0,1,32.34,0
105567,Prepaid,East,Partner,17,19.14,6.17,0,2,19.14,1
105568,Prepaid,North,Web,46,14.53,5.62,2,1,14.53,0
105569,Family,West,Store,59,51.35,28.59,1,0,58.31,0
105570,Prepaid,East,Store,64,10.93,11.74,0,3,10.93,1
105571,Prepaid,North,Store,9,15.06,10.6,1,6,15.06,0
105572,Postpaid,East,App,1,36.02,21.45,0,2,39.99,0
105573,Family,West,Store,27,37.22,31.13,0,4,45.26,0
105574,Prepaid,East,Web,8,16.79,2.21,1,2,16.79,0
105575,Prepaid,East,Partner,29,20.92,3.42,2,0,20.92,1
105576,Business,Central,Partner,35,50.6,33.85,0,0,59.78,0
105577,Postpaid,North,Partner,72,28.51,7.45,0,2,28.51,0
105578,Family,West,App,3,37.21,10.14,0,2,37.21,0
105579,Family,South,Store,24,32.25,21.07,4,1,36.06,1
105580,Postpaid,North,App,25,22.53,10.18,2,2,22.53,0
105581,Postpaid,Central,Store,40,37.16,11.19,2,6,37.16,1
105582,Prepaid,South,Partner,24,20.88,7.66,1,2,20.88,1
105583,Postpaid,South,Web,46,24.95,0.24,3,2,24.95,0
105584,Postpaid,North,Web,62,28.26,9.86,1,3,28.26,1
105585,Business,Central,App,49,57.63,25.95,0,5,63.48,0
105586,Postpaid,Central,Store,48,38.65,14.22,1,6,39.58,0
105587,Prepaid,North,App,9,22.25,5.92,1,0,22.25,0
105588,Postpaid,East,Store,64,37.09,13.41,0,2,37.68,1
105589,Postpaid,North,App,41,29.62,14.18,0,4,30.54,0
105590,Postpaid,West,Web,12,28.73,3.76,0,0,28.73,0
105591,Family,East,Store,46,40.58,16.59,0,3,42.51,1
105592,Postpaid,North,Web,36,29.17,12.19,2,1,29.25,1
105593,Prepaid,East,Web,66,18.24,3.64,0,2,18.24,0
105594,Postpaid,Central,App,47,26.1,12.03,0,1,26.11,0
105595,Postpaid,South,Store,69,31.77,17.01,1,2,33.87,0
105596,Family,North,Web,71,32.33,33.42,0,2,41.33,0
105597,Postpaid,Central,Partner,17,31.1,23.63,0,2,35.98,0
105598,Postpaid,North,App,22,30.98,18.0,1,0,33.5,0
105599,Postpaid,East,Web,16,33.55,12.82,0,8,33.89,0
105600,Postpaid,East,App,17,19.5,16.39,1,4,21.34,1
105601,Prepaid,South,App,50,13.56,6.01,1,2,13.56,1
105602,Family,North,App,69,50.61,19.77,1,7,53.87,0
105603,Family,North,Store,36,47.34,20.44,1,8,50.89,1
105604,Postpaid,North,App,59,23.3,0.2,1,4,23.3,0
105605,Postpaid,East,Web,54,21.79,13.4,2,2,22.38,1
105606,Prepaid,Central,App,19,18.12,10.84,2,0,18.12,0
105607,Postpaid,North,App,62,28.13,18.85,1,3,31.01,0
105608,Postpaid,West,Web,35,34.85,12.19,3,3,34.93,1
105609,Postpaid,East,App,1,21.74,9.95,2,3,21.74,0
105610,Prepaid,North,App,52,25.4,15.13,1,4,26.71,0
105611,Postpaid,East,App,64,40.03,0.2,0,2,40.03,0
105612,Prepaid,South,App,18,12.78,4.78,1,3,12.78,1
105613,Postpaid,West,Store,20,26.5,17.64,1,4,28.87,1
105614,Postpaid,South,Web,53,35.47,5.28,2,0,35.47,0
105615,Prepaid,West,Web,70,11.55,7.83,0,3,11.55,0
105616,Postpaid,Central,App,19,26.19,4.59,1,2,26.19,0
105617,Family,South,App,31,36.39,22.25,2,2,40.69,0
105618,Postpaid,Central,Web,49,35.19,23.07,3,1,39.84,1
105619,Prepaid,South,App,62,28.86,9.42,1,3,28.86,0
105620,Postpaid,North,App,3,31.94,1.03,1,1,31.94,0
105621,Prepaid,North,App,15,8.86,7.3,0,3,8.86,1
105622,Postpaid,West,Web,65,29.7,17.54,1,3,32.02,0
105623,Postpaid,West,Web,38,36.02,10.93,2,3,36.02,0
105624,Prepaid,Central,App,55,13.06,1.73,1,2,13.06,0
105625,Postpaid,West,App,5,23.82,22.43,0,2,28.2,0
105626,Family,East,Web,7,34.07,29.36,4,3,41.36,0
105627,Family,Central,App,53,33.13,11.13,2,2,33.13,0
105628,Prepaid,Central,Store,28,22.73,7.25,1,2,22.73,0
105629,Prepaid,West,Web,68,20.83,4.45,2,2,20.83,0
105630,Postpaid,East,App,32,27.54,5.26,1,2,27.54,1
105631,Prepaid,West,App,61,17.43,9.29,1,5,17.43,1
105632,Postpaid,North,Web,40,23.79,10.52,3,3,23.79,0
105633,Prepaid,Central,Web,49,15.15,5.87,1,5,15.15,0
105634,Prepaid,Central,Store,48,23.7,1.8,1,3,23.7,1
105635,Postpaid,West,App,9,27.14,8.35,2,4,27.14,1
105636,Prepaid,North,App,58,13.38,14.64,0,2,14.49,0
105637,Postpaid,North,Store,71,31.54,5.32,1,5,31.54,0
105638,Prepaid,Central,App,28,19.06,10.48,0,2,19.06,0
105639,Postpaid,Central,App,25,27.64,3.55,1,7,27.64,0
105640,Postpaid,West,App,44,22.69,11.01,2,4,22.69,1
105641,Family,Central,Store,46,32.77,15.31,1,2,34.16,0
105642,Family,East,App,28,44.37,13.32,2,1,44.93,0
105643,Postpaid,Central,Store,20,33.88,2.55,1,1,33.88,1
105644,Postpaid,North,Store,70,27.79,20.88,2,3,31.52,1
105645,Prepaid,North,Partner,60,26.1,9.11,2,3,26.1,0
105646,Postpaid,East,Store,42,31.81,11.98,2,2,31.81,0
105647,Prepaid,South,Web,28,14.41,8.98,0,1,14.41,0
105648,Postpaid,East,App,26,32.48,18.7,0,1,35.3,0
105649,Prepaid,West,Web,29,17.09,3.11,1,2,17.09,0
105650,Family,North,Store,43,38.54,13.06,0,3,38.98,1
105651,Postpaid,West,Web,1,31.73,14.49,2,4,32.78,1
105652,Postpaid,North,Partner,48,36.87,12.8,1,2,37.21,0
105653,Postpaid,Central,App,42,29.73,8.95,0,2,29.73,0
105654,Prepaid,South,Partner,11,18.15,7.26,4,5,18.15,1
105655,Prepaid,West,Web,19,24.21,13.68,1,6,24.92,0
105656,Family,West,Web,20,35.11,17.07,0,2,37.24,0
105657,Family,South,Store,67,34.52,22.82,0,2,39.06,0
105658,Prepaid,South,App,68,15.9,10.99,1,1,15.9,0
105659,Family,North,Web,57,34.78,25.44,1,3,40.43,0
105660,Postpaid,South,App,50,32.19,15.17,2,2,33.52,0
105661,Prepaid,South,Store,69,14.93,9.39,2,2,14.93,0
105662,Postpaid,North,App,53,27.03,21.87,0,5,31.18,0
105663,Prepaid,West,App,29,28.45,8.83,1,4,28.45,0
105664,Prepaid,South,Web,26,14.71,4.87,1,2,14.71,1
105665,Postpaid,South,Web,48,27.38,10.55,0,4,27.38,0
105666,Prepaid,South,Partner,30,15.08,13.27,1,2,15.61,0
105667,Family,East,Web,33,47.48,19.02,0,6,50.43,0
105668,Postpaid,East,Web,71,31.68,12.33,3,5,31.82,0
105669,Family,West,Partner,66,37.0,21.68,0,3,41.06,0
105670,Postpaid,East,Store,44,31.19,20.55,0,2,34.79,0
105671,Family,East,Web,24,39.74,15.23,0,5,41.1,0
105672,Postpaid,South,Web,32,33.34,19.93,2,3,36.68,0
105673,Postpaid,South,Web,24,32.89,18.03,1,3,35.42,0
105674,Postpaid,West,Web,31,37.82,21.88,2,3,41.97,1
105675,Family,South,Store,27,32.63,41.16,6,5,44.87,0
105676,Prepaid,Central,Store,33,14.8,3.86,1,5,14.8,1
105677,Postpaid,East,Web,36,36.19,6.02,0,2,36.19,1
105678,Family,West,Web,47,39.94,15.31,1,3,41.33,1
105679,Postpaid,East,Store,64,22.64,7.83,1,1,22.64,0
105680,Family,Central,App,39,42.7,30.68,1,4,50.54,0
105681,Postpaid,East,App,15,35.11,6.7,2,6,35.11,0
105682,Prepaid,East,Store,14,16.25,9.11,0,6,16.25,0
105683,Postpaid,Central,App,47,17.71,6.42,0,4,17.71,0
105684,Postpaid,West,App,72,16.02,15.62,0,1,17.55,0
105685,Prepaid,East,App,23,17.62,1.25,2,4,17.62,1
105686,Prepaid,South,App,7,15.55,4.76,2,2,15.55,0
105687,Prepaid,South,Web,6,9.94,6.47,2,3,9.94,0
105688,Family,West,Store,20,35.59,21.79,1,3,39.7,1
105689,Family,South,Web,69,38.32,12.71,0,3,38.62,0
105690,Postpaid,North,App,57,20.01,10.34,0,5,20.01,0
105691,Prepaid,North,App,57,23.06,12.95,0,1,23.46,1
105692,Postpaid,Central,App,24,33.03,13.22,1,5,33.54,1
105693,Family,East,App,69,53.03,16.02,1,2,54.72,0
105694,Family,East,App,30,25.64,24.09,1,1,30.72,1
105695,Prepaid,Central,Store,29,15.16,12.7,0,4,15.46,0
105696,Prepaid,South,App,68,22.67,7.01,1,2,22.67,1
105697,Family,West,Web,55,33.06,10.63,0,4,33.06,1
105698,Family,West,Store,21,40.61,17.22,2,2,42.8,0
105699,Prepaid,East,App,47,11.76,11.8,0,3,11.76,0
105700,Family,West,Web,26,48.3,14.3,3,1,49.27,0
105701,Prepaid,Central,Store,45,19.68,1.24,1,6,19.68,0
105702,Prepaid,South,App,10,21.72,4.13,4,2,21.72,1
105703,Family,North,Store,3,43.52,14.94,2,8,44.76,1
105704,Postpaid,West,Web,70,26.34,15.71,3,5,27.9,0
105705,Postpaid,South,Store,6,28.15,12.49,1,4,28.36,0
105706,Family,East,Partner,29,25.23,27.71,2,2,31.82,0
105707,Family,South,App,15,37.79,24.71,0,5,43.12,0
105708,Prepaid,Central,App,2,13.92,15.22,1,6,15.27,1
105709,Postpaid,West,Web,54,28.17,23.99,0,4,33.21,0
105710,Family,Central,Store,21,34.54,19.86,1,5,37.84,0
105711,Postpaid,East,Partner,58,17.14,20.11,1,3,20.55,0
105712,Business,Central,Web,40,58.01,32.99,1,3,66.83,0
105713,Postpaid,East,Store,47,29.76,22.41,2,6,34.13,0
105714,Prepaid,West,Store,49,12.32,8.57,4,2,12.32,1
105715,Prepaid,West,App,14,8.0,12.52,1,2,8.22,1
105716,Family,East,App,33,38.79,18.84,1,3,41.67,0
105717,Business,East,App,56,50.5,33.57,0,6,59.56,0
105718,Prepaid,South,App,17,32.75,3.82,0,2,32.75,0
105719,Prepaid,South,Web,9,17.62,12.71,1,0,17.92,1
105720,Family,West,Web,30,49.82,23.38,1,3,54.6,0
105721,Prepaid,North,Partner,65,16.53,7.16,0,4,16.53,1
105722,Prepaid,West,App,24,20.79,7.07,2,7,20.79,1
105723,Family,South,Store,28,38.16,19.75,0,4,41.42,1
105724,Family,South,App,10,22.81,16.56,0,4,24.72,0
105725,Family,West,Store,53,34.97,10.2,2,5,34.97,0
105726,Postpaid,South,App,25,23.79,6.57,0,2,23.79,0
105727,Prepaid,Central,Store,13,18.5,7.77,1,3,18.5,1
105728,Family,Central,Web,8,34.5,12.04,2,1,34.51,1
105729,Prepaid,East,App,23,18.5,4.79,2,3,18.5,1
105730,Prepaid,South,Web,15,14.36,10.64,0,5,14.36,0
105731,Family,North,App,36,36.19,7.93,1,3,36.19,0
105732,Postpaid,West,App,31,31.73,4.28,1,0,31.73,0
105733,Family,North,Partner,36,32.4,18.49,2,3,35.12,1
105734,Prepaid,Central,App,27,20.82,8.02,1,3,20.82,1
105735,Business,Central,App,7,57.71,27.4,1,1,64.18,0
105736,Postpaid,North,Partner,56,36.02,8.54,2,3,36.02,0
105737,Postpaid,West,App,40,19.51,4.94,1,3,19.51,0
105738,Family,East,App,14,38.58,24.94,0,4,44.02,1
105739,Postpaid,East,Store,6,16.99,23.97,0,4,22.02,0
105740,Postpaid,North,Web,68,29.28,15.81,1,2,30.88,1
105741,Postpaid,West,Store,67,27.88,12.49,1,4,28.08,0
105742,Family,North,Store,14,45.45,18.11,2,3,48.01,0
105743,Family,Central,Partner,31,49.06,11.79,1,5,49.06,0
105744,Postpaid,East,App,42,29.5,22.0,0,3,33.7,0
105745,Prepaid,West,Store,32,11.63,10.65,0,2,11.63,1
105746,Prepaid,Central,Partner,61,8.7,0.76,1,1,8.7,1
105747,Business,West,App,42,57.21,15.24,0,2,58.58,1
105748,Business,East,Partner,20,72.68,35.96,0,2,82.74,0
105749,Business,South,Partner,57,60.33,29.06,1,4,67.5,0
105750,Prepaid,East,Partner,63,9.04,7.82,5,1,9.04,0
105751,Postpaid,South,App,6,25.05,31.79,2,1,33.36,0
105752,Family,Central,Store,62,44.2,32.53,0,3,52.82,0
105753,Family,South,Web,51,38.86,16.38,0,2,40.7,0
105754,Prepaid,South,App,67,18.27,16.91,3,2,20.33,0
105755,Postpaid,West,Store,66,28.87,23.11,4,6,33.53,0
105756,Prepaid,South,App,4,15.68,11.14,1,1,15.68,0
105757,Postpaid,Central,App,32,37.73,16.58,1,1,39.65,0
105758,Prepaid,South,Web,6,15.0,7.34,0,1,15.0,0
105759,Prepaid,North,Partner,1,29.55,7.69,3,1,29.55,0
105760,Prepaid,West,App,67,22.27,10.83,1,2,22.27,0
105761,Family,East,App,18,34.13,28.52,0,3,41.07,0
105762,Family,Central,Store,5,36.03,22.15,1,3,40.3,0
105763,Business,East,App,68,34.42,15.84,2,0,36.03,0
105764,Postpaid,North,Store,30,22.32,18.57,1,1,25.08,0
105765,Postpaid,South,Web,9,30.62,11.99,1,6,30.62,0
105766,Postpaid,South,App,19,32.68,21.07,1,2,36.49,0
105767,Postpaid,East,Web,1,33.95,4.89,0,1,33.95,0
105768,Postpaid,South,App,49,22.3,11.54,0,2,22.3,0
105769,Family,East,App,68,54.93,30.74,2,5,62.8,0
105770,Family,Central,Web,29,33.04,17.39,1,1,35.31,1
105771,Family,East,App,63,33.27,24.76,1,3,38.63,0
105772,Prepaid,West,App,25,16.89,7.09,2,3,16.89,0
105773,Postpaid,South,Store,34,24.89,22.1,1,2,29.13,0
105774,Prepaid,West,App,16,18.3,3.87,3,3,18.3,1
105775,Prepaid,South,Store,1,16.66,6.96,2,4,16.66,0
105776,Postpaid,East,Web,12,31.89,19.76,2,2,35.15,1
105777,Postpaid,South,App,43,27.7,29.31,0,3,34.97,1
105778,Family,North,App,8,29.64,15.18,0,4,30.98,0
105779,Prepaid,South,App,59,8.0,9.25,2,0,8.0,0
105780,Business,South,Web,67,58.39,26.37,0,2,64.42,0
105781,Business,Central,App,21,48.84,33.96,0,7,58.06,0
105782,Postpaid,South,Web,20,26.52,18.43,2,4,29.22,0
105783,Family,Central,App,13,38.64,36.3,0,5,48.85,0
105784,Prepaid,East,Web,30,14.85,5.16,0,1,14.85,0
105785,Family,South,Web,66,34.35,36.99,0,4,44.85,0
105786,Family,South,Web,29,24.46,14.68,1,1,25.59,0
105787,Family,North,Web,56,45.54,26.55,1,3,51.65,0
105788,Family,West,App,24,49.24,20.06,1,1,52.62,0
105789,Postpaid,North,App,33,20.14,7.65,1,2,20.14,0
105790,Family,Central,App,36,32.12,19.54,3,1,35.29,1
105791,Postpaid,North,App,66,31.92,28.59,2,4,38.89,0
105792,Prepaid,South,Store,36,14.78,7.69,2,6,14.78,0
105793,Prepaid,North,Web,44,13.83,11.13,1,5,13.83,0
105794,Family,West,Store,62,31.98,13.01,2,1,32.4,0
105795,Postpaid,East,Partner,68,29.56,13.69,1,5,30.27,0
105796,Postpaid,Central,Web,65,22.51,7.69,0,2,22.51,0
105797,Family,South,Store,8,34.75,24.67,2,2,40.07,1
105798,Postpaid,North,App,9,21.13,24.14,1,3,26.23,0
105799,Postpaid,West,Store,32,26.01,9.82,0,0,26.01,0
105800,Postpaid,East,App,26,21.95,21.44,0,2,25.91,1
105801,Postpaid,West,App,49,29.18,10.25,1,4,29.18,0
105802,Family,East,Store,32,30.99,8.39,0,4,30.99,0
105803,Postpaid,West,Web,30,37.93,4.85,1,2,37.93,0
105804,Postpaid,North,App,7,31.67,8.91,2,3,31.67,0
105805,Family,Central,App,26,40.56,10.16,1,8,40.56,0
105806,Postpaid,North,App,42,35.3,11.16,2,3,35.3,0
105807,Family,West,App,51,31.53,19.01,1,1,34.47,0
105808,Prepaid,South,App,13,16.46,10.28,0,6,16.46,0
105809,Family,West,Web,44,34.35,8.65,2,4,34.35,0
105810,Postpaid,Central,Store,42,33.44,16.71,2,3,35.42,1
105811,Prepaid,Central,App,21,11.23,1.9,0,4,11.23,0
105812,Postpaid,East,Partner,65,33.34,3.17,2,5,33.34,1
105813,Postpaid,East,Web,32,26.28,17.9,1,2,28.76,1
105814,Postpaid,West,App,20,36.74,9.21,0,5,36.74,0
105815,Family,East,Web,51,40.5,17.13,2,2,42.65,1
105816,Prepaid,West,Web,14,15.61,6.22,1,4,15.61,1
105817,Prepaid,South,Store,46,16.87,5.13,0,1,16.87,1
105818,Postpaid,East,App,50,26.37,8.77,1,2,26.37,0
105819,Postpaid,South,Web,33,32.91,23.17,1,2,37.6,0
105820,Postpaid,West,App,15,41.88,24.46,2,3,47.11,1
105821,Family,North,App,19,20.82,16.94,1,4,22.89,0
105822,Family,South,Web,16,35.84,5.56,2,4,35.84,0
105823,Prepaid,Central,Web,9,29.69,13.69,2,0,30.4,1
105824,Postpaid,East,Store,72,24.07,17.46,0,2,26.36,0
105825,Prepaid,Central,App,61,13.09,2.82,0,1,13.09,0
105826,Postpaid,South,App,38,27.99,1.65,2,2,27.99,1
105827,Prepaid,East,Web,60,22.41,9.64,0,2,22.41,0
105828,Postpaid,East,Web,48,36.91,12.96,1,3,37.31,0
105829,Family,South,Web,45,34.03,16.69,2,1,36.0,0
105830,Postpaid,West,App,52,24.92,15.51,1,3,26.39,1
105831,Prepaid,North,Partner,42,18.99,11.29,1,1,18.99,1
105832,Prepaid,East,App,41,14.01,10.35,0,4,14.01,0
105833,Postpaid,North,App,10,20.3,20.71,1,4,23.96,0
105834,Postpaid,West,Web,44,31.73,7.04,1,5,31.73,0
105835,Prepaid,West,App,33,29.08,9.19,2,5,29.08,0
105836,Family,North,Web,18,38.47,34.22,2,5,47.8,1
105837,Postpaid,East,Store,35,23.68,14.87,2,1,24.89,1
105838,Postpaid,East,Web,61,30.78,12.81,2,0,31.12,0
105839,Prepaid,West,App,34,18.07,9.11,0,2,18.07,1
105840,Postpaid,North,App,35,28.01,0.91,1,2,28.01,0
105841,Prepaid,South,Store,18,23.09,3.26,2,5,23.09,1
105842,Prepaid,West,Web,59,18.0,9.04,1,1,18.0,0
105843,Postpaid,East,Partner,9,20.44,14.71,0,2,21.57,1
105844,Postpaid,West,App,61,34.05,10.02,0,2,34.05,0
105845,Family,South,Web,68,39.13,14.31,0,1,40.1,0
105846,Business,Central,App,13,58.73,35.73,2,5,68.7,1
105847,Prepaid,North,App,41,16.49,9.67,3,4,16.49,1
105848,Prepaid,North,App,43,20.67,6.6,2,2,20.67,1
105849,Family,East,App,63,39.61,21.33,1,3,43.52,1
105850,Business,East,App,24,56.36,36.28,1,3,66.56,1
105851,Family,West,App,49,18.86,11.45,2,4,18.86,0
105852,Prepaid,South,App,8,18.43,8.94,0,2,18.43,1
105853,Prepaid,South,Web,60,14.79,6.42,0,1,14.79,0
105854,Prepaid,West,App,55,23.88,7.92,2,5,23.88,0
105855,Family,South,Web,16,40.49,17.66,1,3,42.87,1
105856,Postpaid,West,Web,10,35.2,10.59,1,3,35.2,0
105857,Postpaid,West,Store,8,29.57,23.8,0,5,34.53,0
105858,Postpaid,North,Web,60,38.29,12.84,0,3,38.64,0
105859,Prepaid,West,App,45,8.0,10.55,0,3,8.0,0
105860,Postpaid,Central,App,27,28.95,15.17,1,3,30.28,0
105861,Prepaid,West,Web,40,20.47,9.27,1,6,20.47,0
105862,Postpaid,North,Store,41,30.23,12.9,3,3,30.61,0
105863,Family,East,Store,7,44.1,28.42,3,4,50.99,0
105864,Postpaid,Central,Partner,32,24.34,15.13,0,3,25.65,0
105865,Prepaid,West,Web,45,14.37,1.67,0,2,14.37,1
105866,Family,South,App,44,34.96,22.39,1,1,39.32,0
105867,Postpaid,North,App,14,44.53,14.39,2,2,45.54,0
105868,Prepaid,West,Web,67,8.83,12.38,0,1,8.99,0
105869,Prepaid,West,Partner,8,25.51,8.38,1,5,25.51,1
105870,Postpaid,Central,Store,63,24.9,9.76,1,4,24.9,1
105871,Prepaid,Central,Web,71,14.23,0.2,0,1,14.23,0
105872,Prepaid,South,Store,55,21.82,9.09,2,3,21.82,1
105873,Prepaid,West,App,41,8.0,8.36,0,7,8.0,0
105874,Prepaid,North,Partner,14,18.38,9.04,0,3,18.38,1
105875,Postpaid,North,Web,24,26.85,11.46,1,3,26.85,0
105876,Postpaid,North,Store,40,28.61,5.31,4,4,28.61,1
105877,Prepaid,Central,Web,8,20.94,9.99,4,1,20.94,1
105878,Postpaid,North,Store,51,31.99,10.18,1,0,31.99,0
105879,Prepaid,East,App,67,22.4,7.94,2,3,22.4,1
105880,Prepaid,East,Web,54,25.25,0.52,3,4,25.25,1
105881,Prepaid,South,App,68,15.61,7.4,2,4,15.61,0
105882,Family,East,App,35,35.19,14.28,2,1,36.15,1
105883,Business,North,App,19,55.03,12.05,2,0,55.05,0
105884,Postpaid,South,App,2,35.9,12.81,1,3,36.24,0
105885,Prepaid,East,Partner,32,16.46,10.57,1,1,16.46,1
105886,Prepaid,West,App,9,14.89,5.15,2,3,14.89,0
105887,Prepaid,West,App,47,23.27,5.13,3,3,23.27,0
105888,Family,Central,Web,58,35.06,21.17,1,4,38.91,0
105889,Prepaid,South,Web,9,25.76,3.68,1,4,25.76,1
105890,Business,North,Web,38,39.63,27.69,1,5,46.22,0
105891,Postpaid,South,Partner,39,21.27,20.6,4,5,24.88,1
105892,Postpaid,Central,Web,23,22.33,8.36,1,4,22.33,0
105893,Family,South,Web,16,27.59,5.79,0,4,27.59,0
105894,Prepaid,North,App,52,15.26,8.01,1,2,15.26,0
105895,Family,Central,App,17,45.47,17.22,0,0,47.66,0
105896,Prepaid,Central,Store,3,11.19,4.24,3,3,11.19,1
105897,Family,North,Web,44,29.74,8.77,1,4,29.74,0
105898,Postpaid,West,Web,5,16.75,18.63,1,2,19.54,1
105899,Prepaid,East,Web,23,15.63,12.51,0,2,15.85,1
105900,Family,East,Store,7,51.5,7.19,3,5,51.5,0
105901,Prepaid,East,Web,40,15.1,5.18,3,3,15.1,0
105902,Prepaid,Central,App,16,17.2,3.19,3,2,17.2,0
105903,Family,North,App,19,30.51,27.26,0,1,36.92,0
105904,Postpaid,West,Store,29,30.03,8.69,2,3,30.03,0
105905,Family,North,App,36,44.91,22.02,2,3,49.12,1
105906,Postpaid,West,Partner,52,35.27,13.45,3,2,35.88,1
105907,Postpaid,West,App,68,28.91,13.24,4,1,29.43,1
105908,Prepaid,West,App,44,16.92,4.68,2,1,16.92,0
105909,Prepaid,Central,Web,35,23.62,11.25,3,3,23.62,1
105910,Business,West,App,43,58.34,19.94,1,1,61.68,0
105911,Prepaid,West,Store,37,20.51,7.5,1,2,20.51,1
105912,Postpaid,South,App,1,23.22,16.33,2,3,25.04,1
105913,Prepaid,Central,App,36,19.97,11.61,2,3,19.97,0
105914,Prepaid,East,Web,54,20.98,10.36,3,3,20.98,1
105915,Postpaid,East,App,62,38.57,16.35,2,5,40.4,0
105916,Family,East,Store,7,44.94,21.7,2,1,49.02,0
105917,Family,South,App,50,43.88,12.81,2,2,44.22,0
105918,Family,West,Store,8,36.71,18.49,0,2,39.43,1
105919,Prepaid,South,App,3,9.8,9.86,4,2,9.8,1
105920,Postpaid,South,App,4,33.8,6.24,2,1,33.8,0
105921,Prepaid,Central,Web,9,14.26,10.01,1,1,14.26,0
105922,Family,Central,Store,7,29.67,33.69,0,3,38.78,0
105923,Prepaid,East,Partner,42,13.62,8.47,0,3,13.62,0
105924,Postpaid,Central,Web,67,22.59,6.73,3,6,22.59,1
105925,Prepaid,East,Store,55,18.06,4.68,1,3,18.06,0
105926,Family,South,App,53,37.23,19.31,2,3,40.3,0
105927,Family,Central,Web,9,28.59,30.87,0,5,36.52,1
105928,Family,West,Store,68,33.93,11.18,0,4,33.93,0
105929,Prepaid,West,Web,37,22.63,4.68,0,2,22.63,0
105930,Business,East,Store,3,48.86,40.25,2,3,60.73,1
105931,Prepaid,South,App,47,23.5,12.54,1,2,23.72,0
105932,Prepaid,North,Web,51,17.9,3.91,0,3,17.9,0
105933,Prepaid,Central,Web,29,18.35,10.62,1,3,18.35,1
105934,Prepaid,South,App,52,21.04,16.73,1,2,23.03,1
105935,Postpaid,East,Web,50,29.79,15.76,2,1,31.37,0
105936,Prepaid,North,Store,42,17.62,1.44,0,2,17.62,0
105937,Postpaid,West,Store,25,25.42,19.68,2,4,28.64,1
105938,Postpaid,South,Partner,72,27.02,16.91,0,4,29.08,0
105939,Family,West,App,45,31.66,14.66,0,2,32.77,0
105940,Postpaid,East,App,34,34.86,14.04,0,0,35.72,0
105941,Postpaid,North,App,56,30.52,7.94,2,4,30.52,1
105942,Prepaid,North,Partner,18,15.44,6.77,1,0,15.44,1
105943,Family,South,App,69,40.86,15.33,1,2,42.26,0
105944,Prepaid,West,Web,53,19.87,5.36,2,3,19.87,1
105945,Prepaid,West,Web,47,17.35,7.82,0,3,17.35,0
105946,Prepaid,South,Web,20,21.33,10.94,0,2,21.33,0
105947,Postpaid,East,App,26,26.94,16.62,3,4,28.88,0
105948,Postpaid,South,App,69,38.55,5.82,1,1,38.55,0
105949,Postpaid,Central,Partner,52,26.54,3.08,2,2,26.54,0
105950,Postpaid,Central,Store,9,26.82,24.51,2,3,32.07,1
105951,Postpaid,West,App,58,31.31,21.7,1,1,35.38,0
105952,Postpaid,North,App,9,29.22,17.6,3,1,31.57,0
105953,Prepaid,East,Web,30,21.17,2.97,1,5,21.17,1
105954,Postpaid,Central,Partner,31,22.91,7.49,3,0,22.91,1
105955,Postpaid,South,Store,27,34.49,4.77,0,2,34.49,0
105956,Postpaid,West,App,36,22.87,13.07,2,2,23.32,0
105957,Prepaid,Central,Web,11,15.04,10.24,0,4,15.04,0
105958,Postpaid,West,App,48,27.2,10.77,1,4,27.2,0
105959,Prepaid,West,Partner,49,22.06,11.66,2,3,22.06,1
105960,Prepaid,East,App,62,25.52,3.5,3,2,25.52,0
105961,Prepaid,Central,App,33,9.35,4.5,0,2,9.35,0
105962,Postpaid,South,App,39,33.49,13.16,0,5,33.98,0
105963,Prepaid,Central,App,10,9.98,14.06,2,1,10.84,0
105964,Postpaid,East,App,26,27.87,0.2,1,3,27.87,0
105965,Prepaid,West,Web,41,20.34,7.86,3,6,20.34,0
105966,Family,Central,Store,30,43.75,24.72,2,4,49.09,0
105967,Prepaid,East,Web,72,13.94,6.48,2,8,13.94,0
105968,Postpaid,South,App,20,28.77,9.65,1,2,28.77,1
105969,Family,North,App,4,37.53,7.82,2,4,37.53,0
105970,Postpaid,West,Store,63,25.73,16.24,4,0,27.51,1
105971,Prepaid,West,Store,38,17.99,10.37,2,3,17.99,1
105972,Postpaid,South,App,6,37.61,18.7,0,2,40.42,1
105973,Business,Central,Web,68,56.29,42.5,1,2,69.1,0
105974,Business,Central,App,15,67.62,7.61,1,2,67.62,0
105975,Prepaid,Central,App,70,21.06,6.4,0,1,21.06,0
105976,Family,West,App,25,38.68,14.21,3,2,39.61,0
105977,Postpaid,Central,Web,25,34.26,17.24,0,1,36.46,1
105978,Prepaid,Central,App,16,9.41,13.21,1,1,9.92,0
105979,Postpaid,North,App,13,30.8,11.25,2,1,30.8,1
105980,Postpaid,Central,Store,58,46.27,7.36,1,0,46.27,0
105981,Postpaid,East,App,31,22.86,9.65,0,2,22.86,0
105982,Family,Central,App,41,40.06,17.28,2,0,42.28,0
105983,Prepaid,West,Web,23,9.96,9.36,2,1,9.96,0
105984,Postpaid,West,Web,31,43.76,11.43,2,2,43.76,0
105985,Postpaid,South,App,35,21.31,18.61,0,2,24.08,0
105986,Prepaid,North,App,23,12.96,8.99,3,3,12.96,0
105987,Postpaid,South,App,43,39.83,8.1,0,4,39.83,0
105988,Business,West,Partner,34,48.75,27.31,0,3,55.18,0
105989,Postpaid,Central,Web,56,24.9,28.73,1,4,31.92,0
105990,Prepaid,North,App,56,20.24,11.32,1,5,20.24,1
105991,Postpaid,South,Partner,46,25.06,18.23,1,3,27.67,0
105992,Business,West,Store,8,47.19,19.36,3,2,50.28,1
105993,Family,South,App,65,36.66,16.03,4,6,38.36,1
105994,Postpaid,North,Partner,51,29.04,13.17,1,3,29.53,1
105995,Postpaid,North,Web,53,29.0,9.82,1,3,29.0,0
105996,Postpaid,West,Store,47,40.59,11.64,0,3,40.59,0
105997,Family,West,Store,38,39.98,23.5,2,3,44.81,0
105998,Family,Central,Partner,41,31.98,14.82,1,9,33.17,0
105999,Family,South,App,9,48.98,16.13,0,1,50.71,0
106000,Postpaid,North,App,67,36.73,25.56,1,4,42.42,0
106001,Prepaid,West,App,58,20.59,8.25,4,3,20.59,1
106002,Postpaid,Central,Partner,66,34.7,10.03,1,2,34.7,0
106003,Prepaid,South,App,52,17.99,5.42,2,3,17.99,1
106004,Prepaid,Central,App,20,12.29,8.21,0,1,12.29,0
106005,Postpaid,West,App,25,38.25,14.55,0,3,39.32,0
106006,Postpaid,Central,App,63,24.03,17.95,0,3,26.52,0
106007,Family,East,Web,17,45.32,29.01,0,4,52.47,1
106008,Family,North,App,45,37.39,16.08,1,1,39.1,0
106009,Family,North,Web,48,26.74,23.14,2,3,31.41,1
106010,Family,West,Web,14,43.87,20.46,1,5,47.42,1
106011,Postpaid,Central,Store,7,31.29,11.66,2,2,31.29,1
106012,Prepaid,East,Web,3,23.5,16.22,1,2,25.27,0
106013,Postpaid,North,App,57,24.75,14.12,0,2,25.63,0
106014,Prepaid,North,Store,21,19.74,3.21,3,1,19.74,1
106015,Prepaid,West,Store,17,27.14,15.59,0,3,28.65,0
106016,Prepaid,Central,App,66,12.56,7.27,2,1,12.56,1
106017,Family,South,App,43,46.61,9.29,1,3,46.61,0
106018,Family,West,Store,2,44.6,16.59,1,3,46.53,0
106019,Business,East,Store,22,66.91,21.53,3,1,70.91,0
106020,Business,Central,Web,35,59.04,37.66,1,2,69.82,1
106021,Family,West,App,35,34.47,21.59,2,0,38.5,0
106022,Prepaid,North,App,57,28.14,6.9,2,2,28.14,0
106023,Family,West,Partner,58,24.92,16.26,0,4,26.71,0
106024,Family,Central,App,3,51.5,23.65,2,7,56.39,1
106025,Family,Central,Partner,21,32.54,26.77,1,3,38.74,1
106026,Prepaid,East,Web,44,24.38,9.39,3,3,24.38,1
106027,Prepaid,North,Store,3,17.22,8.44,1,1,17.22,1
106028,Business,East,App,42,66.72,20.7,1,1,70.38,0
106029,Prepaid,West,Web,6,8.5,9.46,1,2,8.5,0
106030,Postpaid,South,Partner,42,31.03,13.83,1,3,31.8,1
106031,Postpaid,Central,Web,6,26.96,11.85,6,2,26.96,1
106032,Prepaid,South,Web,54,17.15,1.18,2,0,17.15,1
106033,Prepaid,Central,Store,34,17.29,5.18,2,2,17.29,0
106034,Business,East,App,69,35.95,9.79,1,5,35.95,0
106035,Family,North,Partner,6,52.97,20.93,2,0,56.72,0
106036,Family,East,App,63,38.54,19.06,0,2,41.5,0
106037,Prepaid,West,Store,30,18.09,14.75,1,2,19.25,0
106038,Prepaid,Central,App,36,17.9,7.9,0,6,17.9,0
106039,Postpaid,East,Web,51,24.07,17.3,1,0,26.3,0
106040,Postpaid,North,Web,45,40.87,11.92,1,4,40.87,0
106041,Prepaid,Central,Store,64,11.68,4.38,1,2,11.68,0
106042,Family,East,App,60,41.25,9.8,1,4,41.25,1
106043,Business,South,App,16,53.35,23.1,1,4,58.01,0
106044,Postpaid,Central,App,20,31.71,23.39,2,4,36.5,0
106045,Postpaid,North,Partner,64,27.88,14.3,1,3,28.85,1
106046,Postpaid,North,App,59,36.9,26.51,0,3,43.0,0
106047,Prepaid,East,Partner,71,23.29,9.4,0,1,23.29,1
106048,Prepaid,West,App,66,17.63,12.35,3,1,17.78,1
106049,Postpaid,East,Web,46,20.3,23.46,3,3,25.11,1
106050,Postpaid,Central,Store,70,35.3,14.97,0,5,36.55,0
106051,Postpaid,South,Web,54,33.36,14.3,1,4,34.33,0
106052,Family,Central,Store,64,24.49,24.24,1,2,29.63,0
106053,Prepaid,North,Web,35,23.94,6.17,0,4,23.94,0
106054,Prepaid,North,Web,70,15.92,15.17,4,3,17.25,1
106055,Prepaid,North,App,6,17.93,13.79,2,2,18.68,0
106056,Prepaid,North,Partner,66,28.45,1.89,0,2,28.45,0
106057,Postpaid,East,Web,70,30.78,7.96,1,3,30.78,0
106058,Family,Central,App,57,37.24,25.74,1,2,43.01,0
106059,Family,West,App,69,42.16,2.11,0,3,42.16,1
106060,Postpaid,West,Store,31,42.53,10.75,1,4,42.53,0
106061,Postpaid,North,Partner,24,26.11,13.5,0,4,26.74,1
106062,Prepaid,Central,Web,10,8.0,2.64,1,2,8.0,0
106063,Postpaid,South,App,15,36.68,17.36,2,1,38.93,1
106064,Prepaid,West,Web,63,16.49,6.55,1,4,16.49,1
106065,Family,West,App,5,43.84,14.22,3,1,44.77,0
106066,Postpaid,North,App,15,23.01,5.91,1,1,23.01,1
106067,Prepaid,East,Web,36,17.46,7.02,0,2,17.46,0
106068,Prepaid,Central,App,26,11.72,5.22,0,1,11.72,0
106069,Prepaid,South,App,67,8.0,8.81,2,4,8.0,1
106070,Family,West,App,3,45.66,12.67,0,1,45.94,0
106071,Prepaid,Central,App,3,15.85,6.1,1,1,15.85,1
106072,Prepaid,South,App,20,24.37,1.23,1,4,24.37,1
106073,Prepaid,South,App,45,22.49,6.26,0,3,22.49,0
106074,Family,East,Store,26,26.29,18.8,2,2,29.14,0
106075,Postpaid,West,Partner,61,34.21,18.52,0,1,36.94,0
106076,Postpaid,East,App,7,33.56,23.95,1,3,38.58,0
106077,Postpaid,East,Web,28,35.23,16.32,0,2,37.05,0
106078,Prepaid,South,Web,47,21.05,5.12,0,3,21.05,0
106079,Family,Central,App,45,36.13,8.32,1,3,36.13,1
106080,Prepaid,Central,App,38,17.21,6.1,1,2,17.21,0
106081,Prepaid,West,App,32,8.23,9.3,1,1,8.23,0
106082,Postpaid,Central,Web,7,24.89,4.41,2,3,24.89,0
106083,Prepaid,West,Web,5,22.57,5.26,1,4,22.57,1
106084,Prepaid,Central,App,4,15.6,2.69,0,3,15.6,1
106085,Family,North,App,37,56.68,8.07,0,3,56.68,0
106086,Postpaid,South,App,64,37.2,5.41,2,2,37.2,0
106087,Prepaid,Central,Store,7,23.53,4.26,3,2,23.53,0
106088,Postpaid,East,App,5,26.75,16.81,0,6,28.77,0
106089,Family,South,Store,50,28.88,15.23,1,5,30.23,0
106090,Prepaid,West,Store,37,28.48,12.83,0,1,28.83,0
106091,Prepaid,West,Web,23,13.55,5.04,2,1,13.55,1
106092,Postpaid,South,App,2,30.69,0.2,2,1,30.69,1
106093,Postpaid,South,Store,58,31.88,22.6,1,4,36.33,0
106094,Business,South,Store,48,69.44,22.31,1,0,73.77,0
106095,Postpaid,North,Web,43,33.08,2.47,2,2,33.08,0
106096,Prepaid,South,Store,17,14.83,6.2,2,0,14.83,0
106097,Postpaid,East,App,68,32.06,16.4,1,1,33.91,0
106098,Postpaid,West,App,5,40.76,9.39,1,2,40.76,1
106099,Prepaid,East,Web,54,16.8,2.99,3,2,16.8,0
106100,Postpaid,South,Store,53,30.23,10.69,3,3,30.23,0
106101,Prepaid,West,Web,53,10.3,10.56,0,2,10.3,0
106102,Family,North,Web,44,24.91,13.53,0,2,25.56,0
106103,Family,South,Web,22,33.68,25.01,0,2,39.15,0
106104,Postpaid,South,Web,33,30.56,14.29,2,1,31.52,0
106105,Business,West,App,32,59.11,46.87,2,4,73.75,0
106106,Business,North,App,63,42.24,9.47,2,2,42.24,0
106107,Prepaid,East,Partner,54,19.81,3.6,3,1,19.81,1
106108,Postpaid,West,Web,35,26.55,7.22,1,2,26.55,1
106109,Postpaid,West,Partner,52,35.38,19.64,2,4,38.59,0
106110,Prepaid,West,Store,70,20.99,3.94,1,2,20.99,0
106111,Postpaid,Central,Partner,50,26.12,12.46,1,3,26.32,1
106112,Prepaid,West,App,26,14.71,5.01,3,6,14.71,0
106113,Business,South,Store,1,54.9,42.0,0,5,67.5,0
106114,Postpaid,South,Store,64,26.76,10.94,0,3,26.76,0
106115,Family,North,App,2,41.86,0.2,1,4,41.86,1
106116,Postpaid,South,App,37,29.81,16.91,0,1,31.87,0
106117,Prepaid,North,App,5,25.21,3.69,6,5,25.21,1
106118,Family,South,App,64,29.25,14.04,2,3,30.1,0
106119,Prepaid,West,Partner,3,10.6,9.34,1,2,10.6,0
106120,Prepaid,West,Partner,50,13.54,3.84,2,2,13.54,0
106121,Postpaid,South,Partner,56,28.64,0.2,1,2,28.64,0
106122,Postpaid,East,Partner,53,28.57,4.3,1,1,28.57,0
106123,Postpaid,South,Web,40,43.56,5.24,1,1,43.56,1
106124,Prepaid,East,Partner,43,17.79,8.32,2,5,17.79,1
106125,Prepaid,East,App,37,14.3,7.86,1,2,14.3,0
106126,Prepaid,South,App,55,20.93,22.05,0,2,25.15,1
106127,Prepaid,South,Web,7,25.6,5.73,0,2,25.6,1
106128,Postpaid,Central,Store,65,24.23,18.88,3,1,27.12,0
106129,Prepaid,East,Web,56,13.36,5.29,0,3,13.36,0
106130,Prepaid,East,Store,70,14.89,1.04,0,4,14.89,0
106131,Postpaid,North,App,7,27.61,11.35,0,1,27.61,0
106132,Family,North,App,16,31.94,12.68,2,4,32.22,0
106133,Prepaid,South,Web,16,18.69,6.91,2,1,18.69,1
106134,Prepaid,Central,Store,30,25.99,10.05,1,2,25.99,1
106135,Prepaid,North,App,59,21.04,8.72,0,2,21.04,0
106136,Business,South,Store,57,59.01,30.92,1,5,66.96,0
106137,Prepaid,Central,App,50,9.12,2.8,0,1,9.12,0
106138,Prepaid,East,Store,29,19.53,10.5,1,5,19.53,0
106139,Postpaid,South,Web,7,33.44,10.81,2,0,33.44,1
106140,Prepaid,West,Store,50,22.27,17.79,1,2,24.7,1
106141,Prepaid,East,Partner,6,17.36,7.7,1,5,17.36,1
106142,Prepaid,Central,Store,15,22.22,9.79,1,5,22.22,1
106143,Postpaid,North,Partner,30,37.46,15.44,3,6,38.91,0
106144,Postpaid,West,Web,56,29.54,23.15,0,4,34.22,0
106145,Postpaid,South,Partner,44,39.15,25.44,1,4,44.79,0
106146,Family,West,Web,8,41.46,27.71,1,2,48.06,0
106147,Prepaid,Central,Store,18,10.56,3.02,0,5,10.56,1
106148,Family,Central,Store,62,29.14,19.03,1,0,32.09,1
106149,Family,Central,Store,43,36.77,4.07,1,3,36.77,1
106150,Family,West,App,48,41.77,7.8,4,1,41.77,1
106151,Family,North,App,26,39.92,4.93,4,2,39.92,1
106152,Postpaid,North,App,59,25.96,6.52,1,5,25.96,0
106153,Prepaid,South,Web,43,19.75,8.63,2,1,19.75,1
106154,Postpaid,East,App,6,27.81,25.24,2,9,33.37,0
106155,Prepaid,South,Store,53,22.48,13.16,0,2,22.97,1
106156,Postpaid,West,App,21,28.0,17.89,2,2,30.47,0
106157,Prepaid,West,App,61,21.44,11.7,2,0,21.44,1
106158,Prepaid,Central,Store,46,22.11,8.4,0,2,22.11,0
106159,Business,South,Web,15,59.65,25.03,0,4,65.12,0
106160,Postpaid,West,App,3,28.33,9.24,1,0,28.33,0
106161,Postpaid,West,Partner,7,32.69,21.23,0,5,36.57,0
106162,Postpaid,Central,App,18,41.12,14.64,3,2,42.23,0
106163,Postpaid,West,Store,9,26.88,12.16,2,4,26.95,1
106164,Family,South,App,48,45.42,19.51,1,5,48.58,0
106165,Postpaid,North,App,12,22.05,12.28,1,5,22.17,0
106166,Postpaid,Central,App,33,35.13,8.96,0,1,35.13,0
106167,Postpaid,West,App,24,33.43,2.17,1,3,33.43,0
106168,Postpaid,West,Web,48,32.68,17.97,1,1,35.19,0
106169,Postpaid,West,Web,3,32.07,18.62,2,2,34.85,0
106170,Business,West,App,29,58.93,39.97,0,2,70.67,0
106171,Postpaid,West,Partner,60,38.15,17.02,2,2,40.26,1
106172,Postpaid,Central,Web,18,25.34,8.23,1,4,25.34,1
106173,Postpaid,Central,App,62,27.16,14.74,1,4,28.31,0
106174,Postpaid,South,App,13,23.9,12.85,1,5,24.26,1
106175,Business,North,App,52,71.1,23.06,1,2,75.75,1
106176,Postpaid,North,Web,21,25.35,22.21,1,2,29.64,1
106177,Postpaid,East,Store,26,26.22,30.73,0,2,34.09,1
106178,Postpaid,West,App,38,22.8,12.83,1,3,23.15,0
106179,Postpaid,Central,App,51,24.25,22.29,2,3,28.57,0
106180,Prepaid,South,App,38,15.83,0.2,1,4,15.83,0
106181,Postpaid,South,App,42,32.15,19.27,2,1,35.2,1
106182,Family,East,Store,21,37.1,33.89,1,4,46.3,1
106183,Postpaid,West,Partner,48,39.67,11.27,1,2,39.67,0
106184,Prepaid,West,App,6,18.69,3.44,2,4,18.69,0
106185,Family,North,App,7,36.64,18.62,0,2,39.42,0
106186,Postpaid,South,App,12,33.42,5.3,1,4,33.42,1
106187,Prepaid,East,App,63,19.9,7.6,0,1,19.9,0
106188,Postpaid,East,Web,45,27.03,17.55,2,2,29.36,0
106189,Postpaid,West,Partner,26,28.78,0.2,4,2,28.78,0
106190,Family,Central,Web,46,45.54,19.9,0,3,48.86,0
106191,Prepaid,North,App,20,8.0,1.16,1,5,8.0,0
106192,Prepaid,South,Partner,53,16.3,13.74,2,4,17.03,0
106193,Postpaid,South,Web,29,43.78,10.32,0,2,43.78,1
106194,Prepaid,South,App,45,19.22,10.43,0,3,19.22,0
106195,Postpaid,South,Partner,18,16.29,13.72,0,3,17.01,0
106196,Family,North,Web,3,45.53,20.45,0,0,49.07,1
106197,Prepaid,North,Web,72,16.1,4.27,4,4,16.1,1
106198,Postpaid,West,Store,48,31.11,15.06,1,2,32.4,0
106199,Business,North,App,47,62.8,6.45,0,1,62.8,0
106200,Postpaid,West,Web,44,25.93,18.94,1,5,28.84,0
106201,Postpaid,South,Store,65,19.57,2.11,4,0,19.57,0
106202,Postpaid,South,Partner,2,27.3,15.67,3,1,28.84,1
106203,Prepaid,North,App,69,15.01,13.97,3,6,15.84,1
106204,Prepaid,North,App,34,17.75,10.37,0,3,17.75,0
106205,Postpaid,South,Web,42,26.38,11.0,3,6,26.38,0
106206,Postpaid,West,Store,68,26.47,10.39,0,4,26.47,0
106207,Prepaid,Central,App,58,13.6,8.09,2,1,13.6,0
106208,Prepaid,North,Web,26,11.75,0.2,1,4,11.75,0
106209,Family,North,Web,66,49.85,20.34,3,7,53.35,0
106210,Prepaid,North,Store,6,17.29,8.64,2,2,17.29,1
106211,Family,West,App,11,44.33,10.22,1,3,44.33,0
106212,Postpaid,South,Store,17,23.9,18.19,1,1,26.5,1
106213,Postpaid,South,Store,20,23.98,7.85,6,1,23.98,1
106214,Prepaid,Central,Web,49,14.53,1.39,3,4,14.53,1
106215,Prepaid,Central,Web,29,22.01,6.55,2,2,22.01,0
106216,Postpaid,West,Store,62,18.62,5.11,1,2,18.62,1
106217,Postpaid,North,App,45,34.13,3.07,0,3,34.13,0
106218,Prepaid,South,App,44,21.63,11.55,0,4,21.63,0
106219,Postpaid,South,App,56,45.09,3.14,1,2,45.09,0
106220,Postpaid,West,Store,30,21.71,8.42,0,3,21.71,0
106221,Prepaid,West,Web,25,10.68,10.29,0,2,10.68,1
106222,Postpaid,North,Partner,8,23.78,11.12,0,1,23.78,0
106223,Prepaid,Central,Store,61,24.87,5.02,2,2,24.87,0
106224,Postpaid,East,Web,17,25.06,16.55,0,9,26.97,1
106225,Prepaid,West,Store,48,17.3,2.81,1,1,17.3,0
106226,Postpaid,North,App,57,31.12,15.85,1,2,32.73,0
106227,Prepaid,South,Store,27,20.12,10.18,1,4,20.12,1
106228,Postpaid,North,App,12,29.81,12.4,1,1,29.98,0
106229,Postpaid,West,Store,50,37.61,24.72,1,4,42.95,1
106230,Family,North,Partner,24,25.63,21.62,0,1,29.67,0
106231,Postpaid,South,Store,62,35.01,9.39,0,4,35.01,0
106232,Family,West,App,33,45.77,9.53,0,2,45.77,0
106233,Prepaid,West,Store,25,18.31,5.22,2,0,18.31,0
106234,Postpaid,West,Partner,53,35.57,4.98,0,2,35.57,0
106235,Prepaid,West,App,28,14.13,18.52,0,2,16.87,0
106236,Postpaid,West,Partner,58,26.08,12.08,0,3,26.11,0
106237,Postpaid,West,Partner,50,30.44,11.92,1,5,30.44,0
106238,Family,South,Store,64,47.46,11.04,1,4,47.46,0
106239,Postpaid,North,App,31,21.47,7.57,0,1,21.47,0
106240,Postpaid,East,App,7,34.57,22.55,1,5,39.0,0
106241,Prepaid,North,App,13,20.56,3.9,2,3,20.56,0
106242,Prepaid,East,App,1,17.79,12.67,0,1,18.08,1
106243,Family,East,Web,62,36.65,22.66,1,2,41.13,0
106244,Prepaid,North,Partner,18,13.93,5.46,1,1,13.93,1
106245,Prepaid,West,App,15,9.19,9.4,0,0,9.19,0
106246,Business,West,Store,44,49.84,25.12,2,1,55.36,0
106247,Business,East,Store,18,41.34,35.77,1,4,51.32,0
106248,Postpaid,Central,App,71,38.04,14.16,4,5,38.95,0
106249,Postpaid,South,Store,63,27.35,18.2,1,4,29.95,0
106250,Family,South,Partner,33,37.7,25.3,1,3,43.29,0
106251,Prepaid,North,App,47,19.64,7.66,2,4,19.64,1
106252,Postpaid,East,App,28,29.39,20.05,0,1,32.77,0
106253,Postpaid,South,Web,32,12.0,20.89,3,4,15.73,0
106254,Family,Central,App,35,31.27,18.58,1,6,34.03,0
106255,Family,South,Partner,28,38.49,12.5,3,2,38.71,0
106256,Postpaid,East,Partner,32,28.29,10.63,0,3,28.29,0
106257,Prepaid,East,App,14,13.79,9.63,2,4,13.79,0
106258,Postpaid,South,Store,47,18.91,19.26,1,4,21.96,1
106259,Prepaid,West,Web,5,30.71,6.44,0,4,30.71,0
106260,Family,West,Store,66,38.2,17.61,0,4,40.56,0
106261,Prepaid,West,Store,66,8.0,8.22,1,2,8.0,0
106262,Prepaid,West,Partner,15,26.88,6.75,0,1,26.88,0
106263,Postpaid,East,App,4,22.62,10.96,2,3,22.62,0
106264,Postpaid,East,Store,35,22.64,23.07,1,4,27.29,0
106265,Family,West,App,5,38.42,26.19,2,1,44.38,0
106266,Prepaid,South,App,30,16.01,7.48,0,0,16.01,0
106267,Family,East,Web,55,29.73,21.59,4,0,33.75,1
106268,Prepaid,North,Web,23,15.33,9.46,3,1,15.33,1
106269,Prepaid,West,Store,65,16.4,13.06,1,0,16.84,0
106270,Postpaid,North,App,2,21.06,23.28,2,2,25.8,1
106271,Prepaid,Central,Web,52,19.07,3.05,4,2,19.07,0
106272,Postpaid,North,App,37,36.74,15.82,0,1,38.34,0
106273,Prepaid,South,Store,18,8.29,9.77,1,0,8.29,1
106274,Prepaid,South,App,31,14.1,5.74,2,2,14.1,0
106275,Family,South,Store,20,43.06,17.62,1,5,45.42,0
106276,Prepaid,South,Store,45,14.36,17.52,4,3,16.68,1
106277,Postpaid,West,App,70,31.67,11.75,1,3,31.67,0
106278,Family,North,Store,37,47.03,24.12,1,5,52.13,1
106279,Prepaid,South,App,51,23.74,4.24,6,3,23.74,0
106280,Family,North,Web,45,45.17,27.4,2,0,51.64,0
106281,Prepaid,South,Store,60,22.39,12.99,1,3,22.8,0
106282,Postpaid,Central,Web,41,32.11,7.44,1,4,32.11,1
106283,Prepaid,South,App,33,26.22,5.72,1,3,26.22,0
106284,Family,West,App,9,47.96,19.08,2,4,50.94,0
106285,Postpaid,East,App,56,35.82,15.33,1,2,37.22,0
106286,Postpaid,East,App,65,30.26,16.27,1,3,32.05,0
106287,Business,West,Store,71,55.15,17.58,1,1,57.49,0
106288,Prepaid,North,App,53,12.56,10.4,1,1,12.56,0
106289,Family,Central,App,26,25.54,0.2,2,3,25.54,1
106290,Postpaid,East,App,51,23.86,11.28,1,2,23.86,1
106291,Business,South,Store,24,63.59,28.46,4,3,70.51,0
106292,Family,Central,Web,65,38.82,23.18,1,1,43.52,0
106293,Business,South,App,4,55.49,29.0,0,1,62.63,0
106294,Prepaid,Central,Partner,65,18.15,5.78,2,1,18.15,1
106295,Family,Central,App,54,34.03,12.04,1,1,34.04,0
106296,Family,South,Store,65,28.76,4.4,1,2,28.76,1
106297,Postpaid,South,App,18,42.27,16.27,0,3,44.06,0
106298,Prepaid,West,Web,37,13.12,3.62,1,2,13.12,0
106299,Business,North,App,19,61.09,17.56,1,2,63.43,0
106300,Prepaid,West,Partner,52,8.0,0.2,1,2,8.0,1
106301,Postpaid,North,Web,46,28.73,14.51,0,2,29.79,0
106302,Postpaid,South,Store,50,28.18,24.41,2,1,33.39,0
106303,Prepaid,East,Store,54,26.16,10.56,0,2,26.16,1
106304,Family,West,App,4,39.47,8.37,0,4,39.47,0
106305,Prepaid,West,App,30,16.51,9.83,1,2,16.51,1
106306,Postpaid,West,Partner,19,34.86,21.27,1,4,38.75,0
106307,Family,South,Web,69,33.78,15.41,0,2,35.21,0
106308,Postpaid,East,App,39,31.04,29.81,2,3,38.52,0
106309,Postpaid,South,App,12,23.85,13.54,0,1,24.5,1
106310,Prepaid,South,App,29,15.22,15.16,3,0,16.54,1
106311,Family,South,Web,38,33.72,14.22,1,2,34.65,0
106312,Business,West,Store,24,62.19,24.87,1,3,67.59,1
106313,Prepaid,South,Web,45,24.48,8.28,0,2,24.48,0
106314,Postpaid,North,App,56,32.24,14.62,0,5,33.34,0
106315,Postpaid,West,Partner,45,29.97,6.13,1,1,29.97,1
106316,Postpaid,North,App,42,24.22,16.43,0,2,26.08,0
106317,Postpaid,Central,App,48,19.26,17.11,0,4,21.41,1
106318,Postpaid,South,Partner,21,33.72,12.61,1,4,33.98,0
106319,Postpaid,North,Web,46,28.48,9.39,0,1,28.48,0
106320,Prepaid,Central,Store,4,8.0,3.92,2,3,8.0,0
106321,Postpaid,West,Web,58,27.61,7.4,3,0,27.61,0
106322,Family,West,App,28,45.06,14.97,0,2,46.3,0
106323,Prepaid,East,App,59,24.74,6.96,2,2,24.74,0
106324,Postpaid,South,App,19,40.23,16.01,1,0,41.92,0
106325,Prepaid,West,App,71,13.93,1.41,0,4,13.93,0
106326,Family,South,Web,38,49.84,18.69,1,7,52.65,1
106327,Postpaid,East,Store,68,28.59,12.95,2,2,28.99,0
106328,Postpaid,South,App,22,25.69,18.12,2,2,28.26,0
106329,Prepaid,South,Web,38,19.42,9.83,0,1,19.42,1
106330,Postpaid,North,App,52,33.04,20.75,2,3,36.71,0
106331,Business,West,App,51,43.54,13.13,1,3,44.01,0
106332,Postpaid,South,App,19,36.47,13.86,0,1,37.25,0
106333,Postpaid,Central,Web,29,30.63,9.1,2,2,30.63,1
106334,Family,South,Store,17,38.31,26.39,2,2,44.36,1
106335,Postpaid,East,Partner,47,32.35,19.51,1,1,35.5,1
106336,Postpaid,South,Web,30,24.54,9.42,1,5,24.54,0
106337,Prepaid,West,Web,1,16.86,8.58,2,3,16.86,0
106338,Prepaid,West,Web,22,9.84,5.8,0,0,9.84,0
106339,Postpaid,East,Store,27,26.21,17.55,2,2,28.54,0
106340,Family,South,Partner,41,39.32,39.93,0,2,51.05,0
106341,Family,West,Store,66,33.46,19.75,1,1,36.71,0
106342,Family,North,App,71,24.42,21.32,0,0,28.34,0
106343,Postpaid,West,App,49,25.55,20.66,0,2,29.18,0
106344,Prepaid,West,Web,66,14.69,7.97,2,3,14.69,0
106345,Postpaid,South,App,2,29.81,8.05,1,1,29.81,1
106346,Business,West,Web,62,46.32,36.74,3,2,56.71,0
106347,Family,West,Partner,38,40.67,34.19,2,2,49.99,1
106348,Postpaid,North,App,27,25.53,27.44,0,5,32.02,0
106349,Postpaid,South,App,27,22.63,15.45,1,5,24.09,0
106350,Family,South,App,26,47.28,27.81,1,4,53.92,0
106351,Family,West,Store,59,38.82,17.45,0,5,41.11,0
106352,Family,East,Web,34,39.06,7.51,0,2,39.06,0
106353,Postpaid,East,App,9,28.4,22.21,1,2,32.69,0
106354,Prepaid,South,Store,65,21.9,6.29,0,3,21.9,1
106355,Postpaid,North,Store,44,26.02,17.93,2,1,28.51,0
106356,Prepaid,North,App,29,14.71,2.4,1,2,14.71,1
106357,Business,South,App,52,61.94,39.68,1,5,73.56,0
106358,Postpaid,North,App,26,25.63,2.65,0,4,25.63,1
106359,Postpaid,North,Web,43,20.53,7.0,0,3,20.53,0
106360,Postpaid,West,App,1,40.86,13.79,1,3,41.61,1
106361,Postpaid,West,App,20,19.01,12.33,2,3,19.15,1
106362,Postpaid,North,App,25,19.71,12.22,2,4,19.81,1
106363,Prepaid,West,Web,58,20.03,9.37,1,3,20.03,0
106364,Family,North,Web,55,31.78,20.64,1,1,35.41,0
106365,Postpaid,South,App,58,34.63,6.57,1,2,34.63,0
106366,Postpaid,Central,Store,35,35.17,7.1,3,3,35.17,0
106367,Prepaid,East,Web,26,27.3,11.85,0,1,27.3,0
106368,Postpaid,North,Partner,39,30.25,21.5,1,4,34.24,0
106369,Postpaid,South,Store,20,29.7,23.82,1,1,34.66,0
106370,Family,West,Web,39,31.6,23.79,1,2,36.55,0
106371,Prepaid,South,App,48,18.42,7.89,2,6,18.42,0
106372,Business,Central,App,70,48.94,21.62,1,2,52.98,1
106373,Postpaid,East,Partner,27,27.2,16.03,1,3,28.89,0
106374,Prepaid,North,App,9,13.53,11.23,1,5,13.53,1
106375,Prepaid,East,App,25,8.87,5.54,2,6,8.87,1
106376,Prepaid,West,Web,60,17.53,8.25,2,1,17.53,0
106377,Family,East,Partner,33,25.8,19.59,0,2,28.99,1
106378,Prepaid,Central,App,30,15.16,2.82,1,4,15.16,0
106379,Postpaid,Central,Web,33,35.3,7.05,1,1,35.3,0
106380,Postpaid,North,App,19,18.12,9.64,1,0,18.12,0
106381,Family,North,Web,60,28.73,15.46,0,7,30.19,0
106382,Postpaid,South,Partner,49,25.83,10.56,1,1,25.83,0
106383,Family,West,Web,69,41.72,23.64,2,2,46.61,0
106384,Prepaid,West,Partner,8,17.22,0.2,1,5,17.22,1
106385,Family,South,Partner,52,28.95,39.91,1,4,40.67,0
106386,Prepaid,Central,Partner,6,23.36,15.98,0,4,25.04,0
106387,Prepaid,South,Store,7,22.68,10.17,0,2,22.68,0
106388,Business,West,Store,61,40.39,34.84,1,5,49.98,0
106389,Prepaid,West,App,25,20.48,3.59,0,2,20.48,1
106390,Prepaid,North,App,23,22.08,5.9,1,2,22.08,0
106391,Postpaid,South,Web,14,36.39,11.18,1,3,36.39,1
106392,Prepaid,South,App,8,11.02,7.0,2,2,11.02,1
106393,Prepaid,Central,Partner,48,19.7,12.74,1,1,20.01,0
106394,Postpaid,South,App,38,25.37,7.12,1,3,25.37,0
106395,Family,West,App,44,31.13,10.69,0,6,31.13,1
106396,Family,East,App,12,45.6,2.73,1,5,45.6,1
106397,Prepaid,East,App,71,12.23,6.62,1,5,12.23,0
106398,Postpaid,Central,App,1,32.53,19.87,1,5,35.84,0
106399,Family,East,Store,33,40.77,39.68,0,4,52.39,0
106400,Prepaid,West,App,38,23.81,8.26,1,1,23.81,0
106401,Prepaid,East,Web,8,16.17,12.93,1,3,16.56,0
106402,Prepaid,North,App,42,19.46,5.13,0,4,19.46,1
106403,Postpaid,North,Web,44,21.02,0.2,0,3,21.02,0
106404,Prepaid,South,Web,39,8.0,2.12,1,1,8.0,0
106405,Family,West,App,27,38.89,26.27,3,1,44.89,1
106406,Business,South,App,67,58.35,21.73,0,4,62.44,0
106407,Prepaid,East,Web,13,21.58,5.41,3,3,21.58,1
106408,Postpaid,North,Web,54,28.97,18.89,1,1,31.86,0
106409,Prepaid,West,App,27,25.27,9.17,0,1,25.27,1
106410,Prepaid,West,Web,28,15.2,0.75,0,1,15.2,1
106411,Family,West,App,18,45.88,16.89,0,1,47.94,1
106412,Postpaid,Central,App,49,35.84,27.07,0,2,42.17,1
106413,Business,North,App,15,55.04,26.4,1,2,61.09,0
106414,Postpaid,North,Web,27,36.43,9.26,1,2,36.43,0
106415,Prepaid,East,App,35,21.6,9.67,0,3,21.6,0
106416,Postpaid,South,Store,1,28.43,21.64,0,1,32.48,1
106417,Prepaid,West,App,59,15.92,10.56,0,1,15.92,0
106418,Family,West,App,24,45.78,34.38,2,4,55.17,0
106419,Postpaid,North,App,64,37.57,3.13,2,3,37.57,1
106420,Postpaid,Central,Store,47,30.75,13.48,0,2,31.37,0
106421,Postpaid,North,Web,19,31.25,11.99,3,3,31.25,0
106422,Postpaid,West,Web,48,33.39,7.16,2,3,33.39,1
106423,Family,South,App,33,40.88,4.41,4,4,40.88,1
106424,Prepaid,West,App,36,22.79,0.23,3,1,22.79,1
106425,Prepaid,North,App,61,19.28,2.4,1,1,19.28,0
106426,Prepaid,Central,Web,47,14.35,8.6,2,1,14.35,0
106427,Postpaid,Central,Store,72,28.42,21.9,2,2,32.57,0
106428,Postpaid,East,Web,67,29.92,16.61,0,4,31.86,0
106429,Prepaid,East,App,62,14.79,11.17,2,3,14.79,0
106430,Postpaid,West,Store,34,28.94,13.64,1,3,29.63,1
106431,Postpaid,East,Store,36,17.31,10.68,1,1,17.31,0
106432,Prepaid,East,Store,64,23.14,14.12,1,3,24.03,0
106433,Family,East,Store,63,27.7,25.25,0,3,33.27,0
106434,Postpaid,Central,App,27,33.19,11.8,0,4,33.19,1
106435,Postpaid,West,App,51,32.79,18.37,0,3,35.46,0
106436,Postpaid,North,Partner,44,25.58,13.28,2,3,26.12,0
106437,Prepaid,Central,App,9,27.58,1.59,3,5,27.58,1
106438,Family,South,Web,9,35.51,21.13,0,6,39.34,1
106439,Postpaid,North,Partner,7,25.59,6.91,1,2,25.59,0
106440,Postpaid,Central,Store,19,28.75,14.84,1,4,29.94,0
106441,Family,South,Store,68,30.14,16.52,2,3,32.04,0
106442,Family,North,App,23,49.31,24.55,2,4,54.58,0
106443,Family,East,Web,67,32.71,11.11,2,1,32.71,0
106444,Prepaid,West,Partner,32,25.32,11.22,1,2,25.32,0
106445,Prepaid,North,Partner,34,18.79,4.59,2,3,18.79,1
106446,Postpaid,East,App,19,27.36,11.76,1,2,27.36,0
106447,Postpaid,North,Partner,48,39.19,11.83,1,1,39.19,0
106448,Postpaid,East,App,43,30.56,1.78,2,1,30.56,0
106449,Family,South,Store,22,32.02,24.06,1,4,37.09,1
106450,Prepaid,North,App,57,17.23,13.0,1,5,17.65,1
106451,Prepaid,Central,App,51,23.13,5.37,1,2,23.13,1
106452,Postpaid,West,Store,52,34.63,23.0,1,3,39.25,1
106453,Prepaid,Central,Store,33,15.43,9.62,3,2,15.43,0
106454,Postpaid,Central,Partner,47,31.63,20.35,4,2,35.14,0
106455,Family,Central,App,26,41.68,14.49,1,3,42.72,0
106456,Postpaid,West,Web,72,43.39,20.56,4,2,46.99,1
106457,Family,South,Store,32,47.76,19.12,2,1,50.75,1
106458,Postpaid,West,App,20,20.26,0.33,0,1,20.26,0
106459,Postpaid,East,App,33,30.3,6.81,0,2,30.3,1
106460,Prepaid,South,Web,68,19.26,0.2,0,2,19.26,0
106461,Family,South,Web,68,33.14,10.36,3,0,33.14,0
106462,Postpaid,South,App,26,29.37,21.17,0,1,33.22,0
106463,Prepaid,East,App,64,23.2,2.39,1,3,23.2,0
106464,Postpaid,West,Store,23,36.67,6.1,0,2,36.67,0
106465,Family,East,Store,14,39.95,17.33,1,3,42.19,0
106466,Prepaid,South,Web,16,16.27,5.86,1,3,16.27,1
106467,Family,North,Web,21,42.07,21.06,2,3,45.87,1
106468,Business,Central,App,22,63.48,29.54,3,3,70.85,1
106469,Family,East,App,22,26.71,9.27,0,7,26.71,0
106470,Postpaid,East,App,28,33.21,9.39,1,3,33.21,0
106471,Postpaid,West,Partner,1,26.76,18.71,2,2,29.57,1
106472,Business,Central,Store,28,62.63,20.25,1,3,66.1,0
106473,Postpaid,East,App,39,46.79,11.74,0,4,46.79,1
106474,Prepaid,West,Web,29,11.5,4.07,0,2,11.5,1
106475,Prepaid,South,Store,35,22.48,4.23,2,4,22.48,0
106476,Family,Central,App,17,25.59,32.95,0,3,34.39,0
106477,Postpaid,East,App,9,31.82,9.42,0,0,31.82,0
106478,Prepaid,West,Web,65,19.39,9.1,0,3,19.39,0
106479,Postpaid,North,Web,72,29.31,19.21,1,2,32.34,0
106480,Family,West,App,30,32.61,31.56,0,1,40.83,0
106481,Postpaid,South,App,55,25.59,18.59,1,1,28.36,0
106482,Family,East,App,11,34.13,15.7,2,2,35.68,0
106483,Family,West,Web,14,45.81,22.23,6,3,50.1,0
106484,Business,West,App,38,42.43,25.36,0,0,48.04,0
106485,Family,South,App,51,36.72,5.52,2,2,36.72,0
106486,Prepaid,Central,App,51,11.3,2.87,4,3,11.3,0
106487,Postpaid,South,Partner,25,38.32,7.46,3,1,38.32,1
106488,Prepaid,East,Store,64,12.05,5.94,2,2,12.05,0
106489,Business,North,App,46,49.04,34.33,1,1,58.41,0
106490,Prepaid,South,Store,23,31.63,9.31,1,3,31.63,0
106491,Postpaid,Central,Web,34,29.21,7.26,3,1,29.21,1
106492,Family,North,Partner,22,47.39,24.18,1,1,52.51,1
106493,Prepaid,Central,Partner,10,12.22,6.16,1,2,12.22,1
106494,Family,South,Store,1,34.97,17.46,1,2,37.27,0
106495,Prepaid,West,Store,34,18.7,6.3,0,1,18.7,1
106496,Postpaid,North,App,1,40.51,11.98,2,2,40.51,0
106497,Postpaid,West,Web,70,25.46,10.88,2,0,25.46,1
106498,Postpaid,Central,Web,64,40.55,12.63,0,2,40.82,0
106499,Postpaid,East,App,54,23.4,6.51,2,5,23.4,0
106500,Family,South,Store,55,45.1,14.86,2,1,46.31,0
106501,Prepaid,West,App,46,21.39,8.45,0,3,21.39,1
106502,Postpaid,West,Web,53,33.32,9.66,1,5,33.32,1
106503,Family,North,App,61,36.82,10.1,2,4,36.82,0
106504,Family,West,App,37,35.05,18.91,1,3,37.95,0
106505,Prepaid,West,App,60,16.89,5.17,0,2,16.89,0
106506,Business,West,App,18,41.64,47.91,1,2,56.72,0
106507,Prepaid,South,App,64,22.92,14.48,1,4,23.97,1
106508,Postpaid,South,Web,51,28.61,10.11,1,4,28.61,0
106509,Postpaid,Central,Web,8,31.4,2.16,1,2,31.4,0
106510,Family,East,Store,14,30.7,25.27,0,1,36.27,1
106511,Prepaid,East,App,10,15.68,5.94,1,2,15.68,1
106512,Prepaid,Central,Partner,18,15.92,4.82,4,2,15.92,0
106513,Family,South,Partner,58,35.83,7.97,0,3,35.83,0
106514,Prepaid,South,Store,60,19.82,7.77,0,3,19.82,1
106515,Postpaid,West,Web,72,24.49,16.35,4,4,26.32,0
106516,Family,West,Web,10,36.63,33.71,2,3,45.75,1
106517,Postpaid,Central,Web,41,34.69,15.32,6,3,36.09,1
106518,Prepaid,West,App,60,26.46,6.37,0,3,26.46,0
106519,Prepaid,South,Store,70,13.96,9.79,0,1,13.96,0
106520,Business,South,App,8,70.69,30.31,0,3,78.38,0
106521,Postpaid,North,Web,48,19.23,16.07,0,3,20.94,0
106522,Prepaid,Central,Web,6,18.79,6.16,1,5,18.79,0
106523,Prepaid,North,Partner,7,27.41,11.26,1,2,27.41,1
106524,Postpaid,East,App,61,20.38,15.95,0,1,22.04,0
106525,Business,South,Store,67,48.94,11.98,0,4,48.94,0
106526,Prepaid,North,Web,14,16.97,14.44,1,3,17.99,0
106527,Prepaid,South,Web,61,17.9,3.94,0,1,17.9,0
106528,Postpaid,West,Web,66,24.63,22.31,0,3,28.96,0
106529,Prepaid,North,App,39,11.72,9.44,2,3,11.72,0
106530,Prepaid,Central,Partner,13,14.17,14.35,1,3,15.15,1
106531,Business,Central,Partner,54,57.78,32.58,4,1,66.43,1
106532,Postpaid,North,Partner,40,42.81,11.51,0,3,42.81,0
106533,Prepaid,Central,Store,26,23.27,8.96,0,1,23.27,1
106534,Postpaid,South,Web,63,29.16,15.82,2,5,30.77,0
106535,Prepaid,North,App,45,23.05,8.12,2,4,23.05,1
106536,Prepaid,South,App,20,22.04,8.1,0,3,22.04,0
106537,Postpaid,West,App,30,15.84,12.48,2,1,16.04,0
106538,Postpaid,West,Store,23,38.66,16.21,0,4,40.43,0
106539,Family,South,Partner,38,37.44,26.05,1,3,43.34,0
106540,Family,West,Web,20,52.96,24.08,3,2,58.03,0
106541,Prepaid,West,Store,46,12.91,10.83,2,3,12.91,0
106542,Business,West,Web,33,44.36,27.27,2,0,50.77,0
106543,Postpaid,East,Store,4,20.74,0.2,0,5,20.74,0
106544,Prepaid,West,Store,1,14.21,0.67,0,4,14.21,0
106545,Family,West,Store,7,33.86,17.56,2,8,36.19,0
106546,Prepaid,North,Store,12,20.13,8.17,1,5,20.13,0
106547,Postpaid,West,Web,6,32.5,20.84,2,3,36.21,0
106548,Family,South,Web,48,31.49,19.6,2,6,34.68,0
106549,Prepaid,West,Store,43,21.1,10.54,1,3,21.1,0
106550,Family,West,App,2,48.83,18.7,1,5,51.64,0
106551,Prepaid,South,Store,30,20.25,3.53,1,2,20.25,0
106552,Family,North,Partner,22,40.74,33.46,2,2,49.75,1
106553,Prepaid,West,App,37,15.05,5.78,1,1,15.05,0
106554,Prepaid,Central,Web,43,18.29,7.98,1,2,18.29,0
106555,Postpaid,West,Store,37,39.04,17.36,1,1,41.29,1
106556,Family,West,App,29,47.65,25.94,4,0,53.51,0
106557,Prepaid,South,Store,3,29.03,6.9,2,4,29.03,1
106558,Family,South,App,58,44.71,9.2,1,3,44.71,0
106559,Prepaid,West,App,58,13.01,7.31,3,2,13.01,0
106560,Postpaid,East,App,62,28.25,3.82,2,1,28.25,0
106561,Postpaid,West,Web,51,24.32,10.45,0,3,24.32,0
106562,Prepaid,South,Store,24,17.38,5.79,1,1,17.38,0
106563,Business,North,Store,50,65.44,21.03,4,0,69.23,1
106564,Postpaid,West,Store,65,26.03,4.64,1,2,26.03,1
106565,Postpaid,West,App,3,31.14,11.95,0,8,31.14,0
106566,Postpaid,West,Partner,37,27.9,10.95,1,4,27.9,0
106567,Postpaid,South,Partner,47,31.56,12.44,1,2,31.74,0
106568,Postpaid,West,Web,71,31.33,19.08,5,3,34.3,1
106569,Family,East,App,37,25.88,28.88,1,4,32.97,0
106570,Postpaid,West,Partner,64,30.93,21.23,2,5,34.81,1
106571,Postpaid,West,Web,55,25.5,12.23,1,8,25.6,0
106572,Postpaid,East,App,57,20.14,16.69,3,3,22.11,1
106573,Postpaid,West,App,7,31.36,20.9,1,4,35.1,0
106574,Postpaid,East,App,37,30.38,13.5,2,1,31.01,0
106575,Postpaid,East,Web,54,30.88,0.2,0,2,30.88,0
106576,Postpaid,West,Store,9,34.16,11.71,2,3,34.16,0
106577,Family,North,App,70,35.66,23.84,1,3,40.64,0
106578,Business,Central,App,50,60.41,32.36,2,3,68.96,0
106579,Business,South,Store,62,53.18,6.33,1,7,53.18,0
106580,Family,South,Web,46,36.27,16.26,0,2,38.06,0
106581,Postpaid,West,Store,65,46.19,10.52,1,3,46.19,1
106582,Family,South,App,65,47.35,22.48,1,2,51.76,0
106583,Prepaid,Central,Store,6,8.0,3.96,2,2,8.0,0
106584,Postpaid,East,Partner,68,24.51,3.82,0,3,24.51,0
106585,Prepaid,South,App,39,26.02,13.85,0,1,26.8,0
106586,Prepaid,North,Store,36,20.79,4.92,1,4,20.79,0
106587,Business,North,App,18,60.65,33.6,4,1,69.72,0
106588,Family,North,App,30,31.5,25.56,0,4,37.2,0
106589,Postpaid,North,Web,40,36.16,11.21,1,3,36.16,1
106590,Prepaid,South,Partner,39,20.54,3.33,1,5,20.54,0
106591,Postpaid,South,App,51,27.1,13.7,2,1,27.81,0
106592,Postpaid,East,App,49,30.93,7.83,2,3,30.93,0
106593,Family,South,App,54,42.62,23.39,1,4,47.4,0
106594,Business,North,Store,42,48.49,32.03,2,4,56.9,1
106595,Postpaid,North,App,72,38.05,17.68,1,3,40.44,0
106596,Prepaid,North,Store,64,21.17,7.56,2,2,21.17,0
106597,Prepaid,South,App,69,19.74,8.96,0,5,19.74,0
106598,Prepaid,North,Web,53,20.31,14.77,2,4,21.48,1
106599,Postpaid,South,Partner,18,30.66,5.47,1,1,30.66,0
106600,Prepaid,Central,App,70,26.23,9.95,1,1,26.23,0
106601,Prepaid,South,Web,66,14.75,14.66,0,1,15.86,0
106602,Prepaid,North,Web,22,26.3,11.85,1,4,26.3,0
106603,Prepaid,West,App,64,19.27,1.13,0,4,19.27,0
106604,Family,East,Partner,38,41.17,21.62,1,1,45.21,1
106605,Prepaid,North,Store,53,16.85,8.86,2,1,16.85,0
106606,Family,West,Store,25,24.41,11.87,1,5,24.41,0
106607,Prepaid,West,Web,19,18.05,8.67,3,1,18.05,1
106608,Prepaid,Central,App,29,26.71,9.34,1,2,26.71,0
106609,Prepaid,Central,App,14,11.93,14.92,1,2,13.16,1
106610,Postpaid,East,Store,11,38.33,18.11,1,2,40.9,0
106611,Prepaid,West,Web,32,13.27,7.17,1,3,13.27,1
106612,Postpaid,South,Partner,69,36.5,15.52,1,3,37.98,1
106613,Prepaid,Central,App,3,18.09,7.53,1,6,18.09,0
106614,Business,East,App,24,68.18,36.19,2,6,78.34,0
106615,Prepaid,South,App,21,20.41,9.97,0,6,20.41,0
106616,Postpaid,North,Partner,15,32.68,16.05,1,8,34.38,1
106617,Family,East,App,6,37.16,14.3,1,4,38.13,1
106618,Prepaid,East,Partner,13,23.76,11.06,1,3,23.76,0
106619,Prepaid,West,App,38,15.08,7.88,1,2,15.08,0
106620,Family,North,App,31,37.94,11.97,0,0,37.94,0
106621,Prepaid,West,App,45,20.04,5.2,2,3,20.04,0
106622,Prepaid,North,Store,62,16.9,11.03,1,3,16.9,0
106623,Postpaid,East,App,9,31.37,18.2,0,5,33.97,0
106624,Prepaid,South,Partner,24,19.26,11.4,0,2,19.26,0
106625,Family,South,Store,63,23.96,17.8,1,1,26.39,0
106626,Postpaid,East,App,17,21.06,15.5,0,2,22.53,0
106627,Postpaid,South,Store,7,34.68,12.17,0,1,34.75,0
106628,Prepaid,North,App,18,21.71,14.41,1,3,22.72,0
106629,Postpaid,West,Web,29,27.22,8.52,0,4,27.22,0
106630,Postpaid,South,Web,19,26.47,11.62,1,2,26.47,1
106631,Prepaid,West,Partner,37,12.09,2.51,3,3,12.09,0
106632,Family,West,Store,15,47.34,26.3,1,2,53.34,0
106633,Postpaid,North,App,42,28.69,17.66,2,2,31.07,0
106634,Family,Central,App,63,42.94,17.72,1,2,45.34,0
106635,Prepaid,West,App,23,16.51,9.17,1,4,16.51,1
106636,Prepaid,West,Store,40,12.21,7.39,0,3,12.21,0
106637,Postpaid,West,App,52,43.87,11.05,4,2,43.87,0
106638,Family,East,App,5,38.02,20.42,1,5,41.56,1
106639,Postpaid,Central,Partner,25,34.54,11.94,1,1,34.54,0
106640,Prepaid,North,Partner,46,24.12,14.63,1,1,25.23,1
106641,Family,North,App,19,42.26,8.78,0,3,42.26,0
106642,Prepaid,West,Partner,30,25.51,6.23,1,1,25.51,0
106643,Prepaid,South,Web,33,22.8,4.79,0,4,22.8,0
106644,Postpaid,West,App,68,31.25,8.85,1,5,31.25,0
106645,Prepaid,South,Partner,9,23.66,13.05,2,2,24.1,0
106646,Prepaid,South,Partner,46,22.04,6.74,2,3,22.04,0
106647,Prepaid,Central,Store,70,27.61,11.38,0,1,27.61,0
106648,Family,North,Web,66,36.37,23.91,0,5,41.37,0
106649,Prepaid,North,App,40,26.87,13.97,2,3,27.69,0
106650,Postpaid,West,Store,28,30.77,18.06,0,3,33.31,0
106651,Business,West,Web,11,40.07,22.68,4,3,44.56,1
106652,Postpaid,West,Store,19,25.45,17.2,1,5,27.63,1
106653,Postpaid,South,App,58,31.01,5.27,2,4,31.01,1
106654,Postpaid,Central,Web,2,38.6,20.89,1,3,42.33,0
106655,Postpaid,West,Web,52,33.41,11.6,1,1,33.41,0
106656,Postpaid,West,Web,67,22.98,0.97,1,3,22.98,1
106657,Business,North,App,31,46.58,38.82,1,3,57.85,1
106658,Family,South,Store,59,42.6,42.51,0,3,55.41,0
106659,Postpaid,East,App,71,35.29,18.71,0,2,38.1,0
106660,Prepaid,East,Store,55,21.55,3.81,0,5,21.55,0
106661,Family,North,App,37,35.53,33.08,0,1,44.38,1
106662,Prepaid,East,Partner,41,22.28,12.38,1,1,22.44,0
106663,Family,West,Store,16,48.98,15.04,4,3,50.25,1
106664,Prepaid,South,App,10,23.28,4.1,1,2,23.28,1
106665,Postpaid,East,Web,57,28.67,23.64,2,5,33.56,0
106666,Family,South,App,38,34.33,17.55,3,3,36.66,0
106667,Postpaid,Central,App,67,27.07,16.82,2,2,29.09,1
106668,Prepaid,West,App,54,30.44,8.52,1,2,30.44,0
106669,Family,East,Store,19,40.66,9.55,2,3,40.66,0
106670,Postpaid,Central,Partner,70,31.5,7.24,1,4,31.5,0
106671,Prepaid,West,App,1,24.32,0.88,1,5,24.32,1
106672,Postpaid,South,Web,7,28.88,9.47,1,0,28.88,0
106673,Postpaid,West,App,44,35.06,4.5,3,2,35.06,0
106674,Postpaid,Central,App,44,21.95,20.31,1,2,25.44,0
106675,Prepaid,North,Web,53,15.83,8.83,0,3,15.83,0
106676,Postpaid,West,Web,47,33.41,13.2,1,2,33.92,0
106677,Family,North,Partner,19,35.42,16.79,0,0,37.43,0
106678,Prepaid,West,Store,11,19.39,9.3,1,4,19.39,1
106679,Postpaid,West,Store,70,31.87,5.51,1,1,31.87,0
106680,Postpaid,Central,App,25,37.66,0.2,0,3,37.66,0
106681,Family,West,App,13,44.91,6.08,2,5,44.91,0
106682,Postpaid,North,Partner,5,25.9,24.93,0,3,31.33,0
106683,Family,East,Store,58,32.19,17.47,0,1,34.49,0
106684,Prepaid,Central,App,61,11.98,10.9,1,2,11.98,1
106685,Postpaid,South,App,64,21.36,20.92,1,4,25.11,1
106686,Business,North,App,62,64.51,28.01,0,2,71.24,0
106687,Family,West,Web,13,33.27,16.66,3,2,35.23,0
106688,Postpaid,East,App,2,31.15,10.64,0,0,31.15,0
106689,Postpaid,North,Partner,37,25.88,24.6,4,2,31.17,1
106690,Postpaid,South,Store,37,26.01,14.54,1,4,27.08,0
106691,Prepaid,South,Web,3,27.99,8.06,1,2,27.99,1
106692,Family,West,App,64,29.68,0.2,1,3,29.68,0
106693,Family,East,App,47,27.9,16.84,2,0,29.94,0
106694,Postpaid,East,App,50,28.19,28.41,2,1,35.08,1
106695,Prepaid,West,App,40,16.46,9.65,1,4,16.46,0
106696,Postpaid,South,Partner,72,29.01,21.04,1,3,32.8,0
106697,Prepaid,West,Web,57,15.69,9.93,1,4,15.69,0
106698,Family,South,App,42,43.84,29.27,2,3,51.1,0
106699,Postpaid,East,Store,37,21.82,14.48,0,4,22.86,0
106700,Prepaid,East,Store,61,17.65,12.82,2,5,17.99,0
106701,Postpaid,West,Store,26,31.86,4.62,2,2,31.86,1
106702,Business,Central,App,62,63.49,28.67,0,1,70.49,0
106703,Prepaid,South,App,10,13.6,8.52,5,5,13.6,1
106704,Postpaid,North,App,3,36.78,3.77,1,1,36.78,0
106705,Postpaid,East,Partner,4,29.39,15.31,2,2,30.78,0
106706,Prepaid,East,App,27,24.54,10.81,0,3,24.54,0
106707,Postpaid,South,Web,39,20.69,17.01,1,1,22.79,0
106708,Postpaid,Central,Partner,65,32.35,16.71,1,2,34.33,0
106709,Prepaid,West,App,67,13.38,5.52,1,2,13.38,0
106710,Prepaid,East,App,3,22.39,0.2,2,5,22.39,0
106711,Family,East,App,56,42.7,10.23,0,2,42.7,0
106712,Prepaid,North,Web,15,16.98,11.8,0,1,16.98,0
106713,Postpaid,East,Store,29,28.17,18.12,1,0,30.74,0
106714,Postpaid,West,App,62,27.95,7.14,0,0,27.95,0
106715,Family,Central,App,71,25.97,4.74,1,1,25.97,0
106716,Family,East,Web,58,40.12,16.8,1,2,42.14,0
106717,Family,North,Web,14,27.9,13.65,3,0,28.6,1
106718,Postpaid,North,App,3,29.97,4.19,3,2,29.97,1
106719,Postpaid,North,Web,72,28.26,0.2,1,1,28.26,0
106720,Postpaid,Central,App,17,31.41,21.48,2,3,35.39,0
106721,Postpaid,West,App,17,25.73,21.84,2,3,29.87,1
106722,Postpaid,West,App,38,32.7,29.57,0,0,40.08,0
106723,Prepaid,Central,Web,13,23.44,15.24,1,3,24.8,1
106724,Postpaid,North,Web,48,29.2,14.72,2,7,30.34,1
106725,Postpaid,West,Store,62,32.98,0.2,2,3,32.98,0
106726,Prepaid,West,App,25,20.79,5.79,1,3,20.79,1
106727,Prepaid,South,App,34,23.99,11.74,1,4,23.99,0
106728,Family,East,App,65,37.81,17.33,1,1,40.05,0
106729,Postpaid,West,App,65,29.92,8.3,0,5,29.92,0
106730,Family,Central,Store,7,36.68,3.57,3,5,36.68,0
106731,Postpaid,North,Store,54,42.49,16.29,3,2,44.29,0
106732,Family,Central,App,2,37.89,22.23,2,1,42.18,1
106733,Family,Central,App,12,42.04,21.43,0,4,46.0,1
106734,Prepaid,Central,App,46,17.1,12.34,0,2,17.24,0
106735,Business,North,Store,9,49.82,24.18,3,3,54.93,1
106736,Prepaid,South,App,14,15.03,7.36,1,2,15.03,0
106737,Postpaid,West,Web,33,30.0,23.91,0,3,35.0,1
106738,Family,South,App,30,45.36,22.07,0,4,49.59,0
106739,Prepaid,North,App,41,15.89,7.98,2,3,15.89,0
106740,Postpaid,West,App,67,27.77,0.2,0,1,27.77,0
106741,Postpaid,North,App,31,39.44,8.28,2,2,39.44,1
106742,Prepaid,East,Web,23,19.72,13.74,2,3,20.45,0
106743,Prepaid,Central,App,16,12.08,14.17,0,3,12.99,0
106744,Prepaid,East,App,64,12.24,7.03,0,2,12.24,0
106745,Prepaid,Central,App,16,17.65,3.28,1,4,17.65,1
106746,Postpaid,South,App,1,26.72,18.43,0,3,29.42,1
106747,Postpaid,South,Partner,37,32.35,12.9,2,2,32.73,0
106748,Postpaid,North,Partner,53,36.4,23.65,0,3,41.29,1
106749,Postpaid,South,App,2,23.66,13.16,1,3,24.15,0
106750,Prepaid,South,App,46,18.62,12.88,2,5,18.99,1
106751,Prepaid,Central,Store,32,17.74,10.7,1,2,17.74,0
106752,Family,Central,Store,56,34.75,32.48,3,1,43.36,0
106753,Family,North,Store,3,47.35,18.72,3,2,50.18,1
106754,Postpaid,North,App,65,18.19,14.13,0,1,19.09,0
106755,Prepaid,West,App,63,16.5,10.09,0,1,16.5,1
106756,Family,East,App,50,36.24,33.64,2,0,45.33,1
106757,Family,South,App,45,44.4,20.3,3,1,47.88,0
106758,Postpaid,South,Store,51,23.67,10.05,2,2,23.67,0
106759,Prepaid,South,Web,12,17.59,5.38,1,2,17.59,0
106760,Prepaid,East,App,65,23.0,11.8,1,2,23.0,0
106761,Postpaid,North,Web,56,30.34,24.95,1,3,35.78,1
106762,Family,West,App,55,32.74,32.11,4,4,41.19,1
106763,Postpaid,South,App,36,22.1,15.33,0,7,23.5,1
106764,Prepaid,East,Web,11,17.89,7.11,0,2,17.89,0
106765,Postpaid,East,App,37,27.56,28.89,0,4,34.65,0
106766,Family,South,Partner,40,39.1,37.77,0,4,49.92,1
106767,Postpaid,Central,Partner,19,27.42,25.41,0,3,33.05,0
106768,Family,West,App,67,37.9,10.91,1,1,37.9,0
106769,Postpaid,Central,App,29,30.28,8.68,1,5,30.28,1
106770,Postpaid,East,App,69,35.52,12.43,0,2,35.7,0
106771,Postpaid,East,Partner,64,27.01,2.85,0,4,27.01,0
106772,Postpaid,South,App,6,34.41,12.48,1,2,34.61,0
106773,Business,East,Web,11,60.83,40.45,1,3,72.78,1
106774,Postpaid,West,App,29,25.92,9.43,1,3,25.92,0
106775,Postpaid,East,Store,45,21.02,12.48,1,3,21.22,0
106776,Postpaid,North,App,9,37.61,8.09,1,2,37.61,0
106777,Postpaid,South,Web,16,27.48,5.74,0,1,27.48,0
106778,Postpaid,North,Web,62,26.12,21.15,2,2,29.97,0
106779,Family,South,App,33,36.35,30.52,2,3,44.13,1
106780,Postpaid,East,App,41,24.32,12.2,1,6,24.4,1
106781,Postpaid,Central,Store,39,33.78,22.65,1,2,38.25,0
106782,Postpaid,North,Store,70,29.95,8.71,1,3,29.95,0
106783,Prepaid,North,Web,9,18.06,6.31,1,3,18.06,1
106784,Postpaid,South,App,38,36.83,5.18,0,3,36.83,0
106785,Postpaid,North,Partner,6,30.6,14.91,2,3,31.82,1
106786,Postpaid,West,App,4,39.45,18.51,2,0,42.19,0
106787,Postpaid,North,Web,35,29.88,9.86,3,0,29.88,1
106788,Family,Central,Partner,66,35.92,10.11,4,3,35.92,0
106789,Family,Central,Store,30,36.14,18.83,0,3,39.01,0
106790,Postpaid,East,Partner,52,25.64,16.49,1,1,27.52,0
106791,Prepaid,Central,App,67,8.0,11.61,0,4,8.0,0
106792,Postpaid,West,Web,1,39.13,19.99,1,4,42.49,0
106793,Postpaid,Central,App,51,31.13,13.91,5,3,31.93,1
106794,Postpaid,South,App,65,28.63,3.46,0,2,28.63,1
106795,Postpaid,Central,Store,65,28.18,27.46,0,2,34.68,0
106796,Family,North,Web,53,34.6,27.76,2,5,41.22,1
106797,Prepaid,South,Partner,67,13.71,7.65,0,3,13.71,0
106798,Postpaid,Central,Store,44,34.79,25.62,2,2,40.51,0
106799,Prepaid,South,Web,2,19.94,14.88,3,4,21.14,0
106800,Postpaid,South,Web,71,43.5,14.27,2,2,44.46,0
106801,Postpaid,North,Web,64,27.93,13.61,1,5,28.61,0
106802,Postpaid,North,App,14,26.19,20.3,1,2,29.67,0
106803,Postpaid,South,Store,70,37.17,29.64,0,4,44.58,0
106804,Family,East,Store,47,47.24,12.39,3,2,47.4,0
106805,Family,East,Web,33,41.05,16.45,1,2,42.92,0
106806,Postpaid,West,Store,59,34.07,12.47,2,3,34.26,0
106807,Business,North,Web,46,65.21,23.27,3,1,69.95,1
106808,Postpaid,Central,Partner,57,32.51,13.02,2,4,32.94,0
106809,Family,East,Store,25,31.3,12.33,1,4,31.44,0
106810,Prepaid,West,Web,29,8.27,5.16,1,3,8.27,0
106811,Prepaid,West,Store,8,11.49,9.13,1,5,11.49,1
106812,Prepaid,Central,Store,65,23.45,11.87,2,3,23.45,0
106813,Prepaid,North,Store,19,10.67,2.42,0,6,10.67,0
106814,Postpaid,East,Partner,10,22.48,5.99,5,4,22.48,0
106815,Prepaid,Central,Web,6,19.6,8.65,0,5,19.6,1
106816,Postpaid,West,Web,28,27.37,13.08,3,1,27.82,0
106817,Prepaid,North,App,36,22.95,1.51,3,4,22.95,1
106818,Prepaid,West,Store,61,23.94,0.2,1,2,23.94,0
106819,Business,West,Web,48,64.93,32.95,2,3,73.73,1
106820,Postpaid,South,Partner,59,28.3,3.08,0,2,28.3,0
106821,Business,West,Partner,1,54.48,18.46,1,3,57.2,0
106822,Postpaid,Central,Web,3,35.55,5.8,0,3,35.55,0
106823,Prepaid,East,Web,17,21.47,12.77,1,2,21.8,0
106824,Postpaid,North,App,28,25.26,0.2,4,3,25.26,0
106825,Postpaid,East,Web,6,24.86,26.57,3,1,30.98,1
106826,Prepaid,East,App,63,17.35,7.14,3,3,17.35,0
106827,Family,South,Web,70,38.35,32.32,0,3,46.88,0
106828,Postpaid,West,App,35,37.96,15.29,0,3,39.34,0
106829,Family,East,Partner,58,31.3,23.36,1,0,36.07,0
106830,Postpaid,Central,Store,14,46.29,24.45,2,4,51.52,1
106831,Postpaid,West,App,3,26.81,13.3,2,2,27.36,1
106832,Prepaid,West,Store,65,18.5,6.45,2,3,18.5,1
106833,Business,East,Web,59,65.35,33.61,1,2,74.42,0
106834,Postpaid,North,Web,55,38.82,7.44,1,2,38.82,0
106835,Prepaid,West,Web,60,21.11,6.01,1,4,21.11,1
106836,Prepaid,North,Store,52,13.65,15.54,1,2,15.13,0
106837,Postpaid,East,App,58,37.65,10.37,0,1,37.65,0
106838,Business,North,Web,70,60.39,43.52,1,2,73.63,1
106839,Family,East,Partner,64,35.56,25.5,2,4,41.23,0
106840,Postpaid,West,Web,65,29.36,11.83,1,3,29.36,0
106841,Business,East,App,34,58.45,27.77,1,0,65.08,0
106842,Family,East,Web,59,30.13,14.47,1,2,31.17,0
106843,Prepaid,North,App,18,15.98,5.07,2,0,15.98,0
106844,Postpaid,South,Partner,23,33.23,18.74,2,4,36.06,0
106845,Prepaid,East,App,63,18.15,1.92,0,3,18.15,0
106846,Prepaid,Central,App,27,16.01,11.62,1,1,16.01,0
106847,Postpaid,Central,App,61,28.54,0.2,5,3,28.54,1
106848,Prepaid,Central,Web,36,20.28,11.81,3,2,20.28,1
106849,Business,North,Web,20,54.55,47.05,0,3,69.27,0
106850,Business,South,Web,30,74.01,18.43,1,3,76.71,0
106851,Postpaid,East,App,42,40.66,6.61,1,3,40.66,0
106852,Postpaid,West,Web,5,33.45,26.4,0,5,39.5,0
106853,Postpaid,West,Store,41,26.6,10.37,0,5,26.6,0
106854,Prepaid,West,App,8,15.99,3.48,2,4,15.99,0
106855,Prepaid,East,Web,36,12.89,8.71,3,1,12.89,1
106856,Prepaid,East,Store,24,19.15,2.29,3,4,19.15,1
106857,Prepaid,Central,Store,44,28.26,18.44,0,1,30.97,0
106858,Prepaid,South,App,61,17.23,13.41,3,2,17.82,1
106859,Prepaid,West,Web,7,13.34,5.08,3,1,13.34,1
106860,Prepaid,West,App,7,22.97,3.82,0,2,22.97,1
106861,Family,North,Store,33,49.22,17.81,0,2,51.66,0
106862,Prepaid,Central,App,55,9.85,7.88,1,2,9.85,1
106863,Prepaid,Central,Web,21,19.05,1.77,1,0,19.05,0
106864,Postpaid,West,App,57,38.68,9.25,0,1,38.68,0
106865,Postpaid,North,App,1,15.31,11.02,1,1,15.31,0
106866,Postpaid,North,App,22,23.85,16.88,1,1,25.9,1
106867,Prepaid,West,Store,38,11.75,9.58,0,0,11.75,0
106868,Postpaid,North,App,46,27.3,12.95,0,2,27.7,0
106869,Postpaid,North,Web,27,30.98,14.45,0,5,32.01,0
106870,Postpaid,South,App,64,32.26,4.52,3,3,32.26,0
106871,Postpaid,North,App,32,27.53,27.7,1,0,34.12,0
106872,Postpaid,West,Store,46,37.23,10.29,1,3,37.23,0
106873,Postpaid,East,App,9,44.57,7.59,1,4,44.57,1
106874,Prepaid,North,Web,67,10.43,6.43,0,2,10.43,0
106875,Postpaid,East,Web,37,35.56,5.83,1,2,35.56,0
106876,Prepaid,North,Web,34,8.0,8.82,2,2,8.0,1
106877,Prepaid,North,Store,20,14.78,3.76,0,1,14.78,0
106878,Postpaid,East,App,44,25.87,14.17,3,1,26.78,0
106879,Prepaid,East,App,1,20.99,5.87,1,4,20.99,0
106880,Prepaid,South,App,33,9.52,0.2,0,2,9.52,0
106881,Postpaid,West,Web,57,26.58,16.37,1,1,28.41,1
106882,Postpaid,South,App,56,26.76,7.6,0,1,26.76,0
106883,Family,East,App,46,28.87,19.05,0,2,31.83,0
106884,Business,South,Web,27,49.31,31.04,1,2,57.31,1
106885,Business,West,Store,39,47.63,26.25,0,4,53.62,0
106886,Postpaid,East,Partner,13,31.25,8.83,2,2,31.25,1
106887,Prepaid,North,App,45,14.31,7.46,3,2,14.31,1
106888,Postpaid,West,Web,16,35.03,11.38,2,1,35.03,0
106889,Postpaid,West,Web,24,27.29,18.28,1,5,29.92,0
106890,Postpaid,North,Web,53,31.95,16.33,1,1,33.77,0
106891,Prepaid,West,App,9,12.55,12.61,3,3,12.8,1
106892,Prepaid,West,App,24,18.51,11.39,2,4,18.51,1
106893,Prepaid,North,App,26,10.57,6.48,2,5,10.57,0
106894,Prepaid,Central,Web,69,18.57,9.42,0,2,18.57,0
106895,Prepaid,East,App,57,20.8,2.75,1,0,20.8,0
106896,Business,West,App,27,50.41,29.61,1,1,57.81,0
106897,Prepaid,Central,App,44,20.11,4.71,5,1,20.11,1
106898,Postpaid,Central,Web,18,27.33,17.55,2,1,29.66,0
106899,Business,East,App,57,44.64,35.88,3,2,54.66,0
106900,Postpaid,West,App,25,43.84,24.12,1,3,48.93,0
106901,Postpaid,South,Web,65,41.19,18.49,2,3,43.92,1
106902,Postpaid,South,Partner,65,24.42,15.49,1,0,25.88,0
106903,Prepaid,Central,Web,18,21.39,5.59,1,1,21.39,1
106904,Postpaid,South,Store,30,27.31,21.58,2,4,31.34,0
106905,Family,West,App,66,38.41,38.14,1,3,49.39,0
106906,Family,North,App,7,40.18,9.61,2,5,40.18,0
106907,Family,South,App,48,33.06,23.45,3,0,37.87,0
106908,Business,North,App,38,46.72,27.35,2,2,53.17,0
106909,Postpaid,East,App,41,19.94,5.27,3,3,19.94,1
106910,Family,North,Store,42,43.48,18.44,2,2,46.18,0
106911,Postpaid,South,App,37,24.6,8.58,1,5,24.6,0
106912,Postpaid,Central,Web,25,33.08,11.8,2,5,33.08,0
106913,Family,West,App,34,30.94,22.25,2,2,35.24,0
106914,Family,West,Partner,71,26.23,14.8,4,3,27.41,0
106915,Family,North,Web,6,24.5,30.57,1,3,32.3,0
106916,Postpaid,South,App,12,40.56,6.3,3,3,40.56,1
106917,Postpaid,West,App,4,28.44,6.66,1,1,28.44,0
106918,Prepaid,North,Partner,46,20.27,8.1,1,3,20.27,1
106919,Postpaid,East,Partner,24,29.3,19.57,0,2,32.48,0
106920,Family,Central,App,4,40.3,0.44,1,9,40.3,0
106921,Family,North,App,15,29.7,31.16,4,3,37.75,0
106922,Postpaid,Central,Partner,19,36.23,25.79,1,3,42.02,0
106923,Postpaid,North,Web,7,28.53,5.69,0,0,28.53,0
106924,Prepaid,North,Web,56,24.11,4.13,0,2,24.11,0
106925,Prepaid,North,App,2,14.71,8.15,1,1,14.71,1
106926,Prepaid,Central,Web,64,11.95,12.11,2,3,12.0,1
106927,Family,West,Store,71,39.61,25.96,3,5,45.48,0
106928,Prepaid,West,Store,67,13.25,3.7,0,1,13.25,0
106929,Business,South,Web,16,57.22,24.55,0,3,62.49,0
106930,Prepaid,Central,App,17,20.78,14.7,1,3,21.91,1
106931,Family,East,App,71,43.26,28.39,0,3,50.14,0
106932,Postpaid,West,Web,45,39.52,8.01,0,2,39.52,0
106933,Postpaid,West,Store,40,22.24,15.74,1,2,23.81,1
106934,Postpaid,West,Partner,63,35.61,5.79,2,0,35.61,0
106935,Postpaid,West,Store,14,34.78,14.24,0,3,35.73,0
106936,Family,North,App,30,48.1,26.03,2,0,53.99,0
106937,Postpaid,Central,App,11,32.85,15.98,1,1,34.53,1
106938,Prepaid,South,Store,58,18.49,5.11,2,2,18.49,0
106939,Prepaid,Central,App,15,13.82,8.94,0,1,13.82,1
106940,Postpaid,South,Store,10,14.54,13.15,0,0,15.02,0
106941,Postpaid,North,App,27,24.05,14.33,0,1,25.03,0
106942,Postpaid,South,App,41,24.78,16.82,2,2,26.81,0
106943,Postpaid,East,App,15,25.96,19.58,0,5,29.15,0
106944,Postpaid,South,Store,65,20.88,9.61,2,4,20.88,0
106945,Family,West,App,60,36.89,14.35,4,1,37.88,1
106946,Family,West,Store,67,29.1,21.26,1,2,32.99,0
106947,Postpaid,South,App,27,28.42,15.39,1,4,29.84,0
106948,Postpaid,East,Partner,28,31.7,8.75,0,3,31.7,0
106949,Family,West,Store,38,46.73,26.19,2,1,52.69,1
106950,Postpaid,Central,Web,66,27.28,17.61,0,1,29.64,0
106951,Business,South,Web,37,50.16,21.97,2,3,54.34,1
106952,Prepaid,Central,Web,28,19.05,10.29,0,2,19.05,0
106953,Postpaid,North,Web,48,29.56,16.46,0,2,31.43,0
106954,Postpaid,West,App,10,31.43,15.4,2,2,32.86,1
106955,Postpaid,West,App,72,34.55,1.58,2,2,34.55,1
106956,Prepaid,East,Web,50,16.91,8.2,2,3,16.91,1
106957,Postpaid,North,Store,32,29.09,28.28,0,5,35.93,1
106958,Postpaid,West,Store,7,37.44,20.64,2,1,41.07,0
106959,Family,South,Web,24,13.62,27.85,0,4,20.28,0
106960,Postpaid,North,App,42,29.96,11.11,1,0,29.96,0
106961,Prepaid,North,App,71,12.26,5.7,2,3,12.26,0
106962,Postpaid,West,Store,36,27.42,18.56,1,0,30.18,0
106963,Postpaid,North,Store,72,25.17,14.49,3,3,26.22,0
106964,Prepaid,East,Web,38,13.99,10.66,2,2,13.99,0
106965,Postpaid,Central,Web,57,28.23,18.8,4,2,31.08,0
106966,Postpaid,West,App,8,22.34,17.93,1,7,24.83,0
106967,Prepaid,East,App,58,14.14,8.15,1,3,14.14,0
106968,Postpaid,East,App,18,31.07,15.53,3,3,32.55,0
106969,Postpaid,North,App,30,35.92,8.11,2,2,35.92,1
106970,Family,East,Web,24,46.74,25.52,1,2,52.42,1
106971,Postpaid,North,Web,39,27.64,3.82,1,4,27.64,0
106972,Prepaid,North,Web,45,14.51,6.49,1,2,14.51,1
106973,Business,North,Store,26,48.09,41.95,2,1,60.67,1
106974,Postpaid,West,App,5,29.97,11.33,0,4,29.97,0
106975,Prepaid,North,Store,45,18.28,13.78,1,3,19.03,0
106976,Family,North,App,31,40.46,27.82,1,8,47.1,0
106977,Prepaid,Central,App,60,11.54,11.03,2,4,11.54,1
106978,Family,North,Store,51,27.66,25.49,0,1,33.33,0
106979,Postpaid,West,App,27,29.0,12.74,1,2,29.32,0
106980,Business,East,App,4,55.43,20.38,3,3,58.95,0
106981,Business,East,Web,39,60.38,34.45,2,1,69.81,0
106982,Prepaid,North,Web,58,18.73,8.9,2,2,18.73,1
106983,Family,North,App,56,35.14,28.3,1,3,41.99,1
106984,Prepaid,West,Web,25,13.37,10.18,0,2,13.37,1
106985,Postpaid,East,App,16,26.64,9.35,4,4,26.64,1
106986,Postpaid,North,Store,6,30.66,10.82,3,4,30.66,0
106987,Prepaid,South,Store,44,15.99,7.86,1,4,15.99,0
106988,Prepaid,East,Store,19,11.83,0.76,4,3,11.83,1
106989,Prepaid,North,Web,56,21.31,6.21,0,1,21.31,1
106990,Prepaid,East,App,43,8.0,9.97,0,3,8.0,0
106991,Prepaid,East,App,4,14.7,8.5,1,1,14.7,0
106992,Family,West,Store,50,26.79,27.4,3,6,33.26,0
106993,Postpaid,West,App,19,30.82,18.5,2,1,33.55,0
106994,Family,East,App,63,36.73,6.34,2,2,36.73,1
106995,Family,Central,Store,2,37.99,28.02,1,1,44.72,0
106996,Family,East,App,27,45.33,15.36,4,3,46.74,1
106997,Postpaid,East,Store,1,30.5,18.85,0,2,33.37,0
106998,Family,West,Store,46,47.07,24.53,3,1,52.33,1
106999,Family,West,Web,35,39.49,25.05,0,2,44.97,1
107000,Family,North,Web,39,40.27,14.5,0,6,41.32,0
107001,Family,Central,Web,51,52.55,22.56,0,1,56.99,0
107002,Postpaid,Central,Partner,65,28.11,6.71,0,3,28.11,0
107003,Postpaid,South,Store,28,25.63,7.57,1,3,25.63,0
107004,Family,East,Web,42,29.97,15.38,1,0,31.39,0
107005,Postpaid,West,Web,45,31.16,7.93,1,3,31.16,1
107006,Family,Central,Web,64,42.42,33.46,1,3,51.43,0
107007,Prepaid,East,Web,14,16.31,6.07,1,2,16.31,1
107008,Prepaid,North,Partner,38,14.01,9.97,2,1,14.01,1
107009,Postpaid,West,Store,61,19.29,15.53,4,5,20.77,1
107010,Prepaid,North,Partner,21,16.05,8.27,2,6,16.05,1
107011,Business,West,App,27,51.34,16.71,1,4,53.32,0
107012,Prepaid,East,App,33,18.02,4.13,0,0,18.02,0
107013,Postpaid,West,App,51,38.92,28.67,0,4,45.92,1
107014,Prepaid,North,Store,49,17.74,10.89,1,1,17.74,0
107015,Business,East,App,10,42.18,9.08,2,2,42.18,0
107016,Postpaid,West,App,15,30.0,4.78,1,3,30.0,0
107017,Prepaid,South,App,59,16.72,0.2,0,3,16.72,1
107018,Prepaid,North,Store,49,18.31,5.62,3,1,18.31,0
107019,Postpaid,South,App,38,28.17,10.91,0,2,28.17,0
107020,Business,Central,Store,31,47.81,15.88,2,3,49.44,0
107021,Business,East,Web,70,46.58,31.01,0,2,54.56,0
107022,Prepaid,West,Web,64,13.33,5.45,1,8,13.33,1
107023,Postpaid,East,Web,30,34.31,17.25,1,1,36.51,0
107024,Prepaid,West,App,26,18.08,4.22,0,2,18.08,1
107025,Postpaid,East,Partner,63,32.72,5.99,0,3,32.72,0
107026,Postpaid,North,Partner,25,30.46,17.56,1,1,32.79,0
107027,Prepaid,North,App,30,15.78,9.38,2,3,15.78,1
107028,Postpaid,North,App,67,31.67,14.34,0,1,32.65,0
107029,Family,West,Store,8,44.82,8.16,1,0,44.82,0
107030,Prepaid,West,Web,51,16.29,1.82,1,4,16.29,0
107031,Prepaid,West,Web,50,23.84,17.96,1,4,26.34,0
107032,Prepaid,West,Partner,28,20.7,7.11,0,0,20.7,1
107033,Prepaid,West,Partner,14,18.48,3.25,1,6,18.48,1
107034,Prepaid,Central,Web,62,21.18,6.17,0,2,21.18,0
107035,Postpaid,West,App,58,39.88,1.42,1,2,39.88,0
107036,Prepaid,South,App,62,17.12,4.27,1,2,17.12,0
107037,Family,North,App,25,36.14,19.28,2,3,39.2,0
107038,Family,East,App,70,43.51,7.67,1,3,43.51,0
107039,Business,West,App,55,44.74,29.26,1,6,51.99,0
107040,Postpaid,East,Store,18,32.41,22.09,1,2,36.65,0
107041,Prepaid,South,Web,35,12.43,3.04,0,1,12.43,1
107042,Prepaid,West,App,23,13.18,12.21,1,4,13.27,0
107043,Prepaid,East,Web,39,16.38,5.83,0,1,16.38,1
107044,Business,South,Partner,14,57.04,13.15,0,2,57.53,1
107045,Business,Central,App,53,65.59,20.24,1,3,69.05,0
107046,Postpaid,East,App,34,29.16,15.3,1,3,30.54,0
107047,Prepaid,South,Store,48,15.86,3.53,0,4,15.86,0
107048,Postpaid,South,Web,47,27.55,17.52,1,1,29.87,0
107049,Prepaid,East,Web,48,22.97,9.99,0,4,22.97,0
107050,Business,East,App,55,43.36,20.96,3,3,47.12,0
107051,Prepaid,North,Web,48,11.31,12.22,0,2,11.4,0
107052,Postpaid,West,Web,38,39.14,21.98,1,2,43.33,1
107053,Postpaid,West,App,43,30.63,17.82,0,3,33.07,0
107054,Prepaid,North,Web,46,12.04,2.03,2,1,12.04,0
107055,Postpaid,East,Store,59,36.14,12.1,2,3,36.18,1
107056,Family,East,App,35,38.95,5.15,1,4,38.95,0
107057,Prepaid,South,Partner,22,20.45,5.61,2,2,20.45,0
107058,Postpaid,South,App,19,24.26,7.31,1,0,24.26,1
107059,Postpaid,South,Web,14,37.57,6.05,2,1,37.57,1
107060,Prepaid,East,Web,44,24.99,6.52,2,0,24.99,0
107061,Prepaid,West,App,53,18.94,6.06,1,5,18.94,0
107062,Prepaid,East,Web,23,16.2,2.34,2,2,16.2,1
107063,Prepaid,Central,App,39,11.41,3.19,3,3,11.41,1
107064,Postpaid,South,App,27,19.54,15.12,1,3,20.85,0
107065,Family,West,App,65,37.26,22.67,1,3,41.74,0
107066,Postpaid,East,Partner,66,19.55,24.19,3,3,24.67,0
107067,Business,West,Partner,70,45.69,28.14,0,1,52.47,0
107068,Postpaid,Central,App,62,43.58,26.1,2,4,49.5,0
107069,Postpaid,East,Store,63,21.31,8.25,1,1,21.31,0
107070,Postpaid,East,Partner,41,41.26,20.82,1,2,44.96,0
107071,Prepaid,Central,Web,40,27.09,7.19,1,3,27.09,0
107072,Prepaid,Central,App,22,18.4,6.93,0,2,18.4,1
107073,Postpaid,Central,App,55,33.09,3.23,0,2,33.09,0
107074,Family,North,App,24,40.38,17.69,0,2,42.77,0
107075,Postpaid,North,App,25,27.32,13.27,1,3,27.85,0
107076,Prepaid,East,Store,69,18.18,8.95,0,0,18.18,0
107077,Business,West,Web,2,43.91,27.9,3,2,50.59,0
107078,Prepaid,North,Web,9,20.16,7.26,1,2,20.16,0
107079,Business,South,App,57,48.63,34.21,1,3,57.96,0
107080,Family,East,Web,50,31.55,17.54,1,1,33.87,0
107081,Family,South,Store,57,53.0,7.43,0,1,53.0,0
107082,Family,West,Web,34,42.59,16.36,2,1,44.42,0
107083,Prepaid,South,App,1,13.37,9.39,2,2,13.37,1
107084,Postpaid,Central,App,22,27.12,7.76,0,0,27.12,0
107085,Family,South,App,63,42.98,35.17,0,3,52.71,0
107086,Family,West,App,48,48.79,4.03,0,2,48.79,0
107087,Prepaid,East,Web,64,9.39,4.41,0,3,9.39,1
107088,Prepaid,South,Store,1,14.13,6.3,2,2,14.13,0
107089,Prepaid,East,App,24,8.0,1.98,1,1,8.0,1
107090,Postpaid,Central,Store,50,17.01,26.87,0,5,23.25,1
107091,Postpaid,East,Web,2,21.8,16.53,2,4,23.71,0
107092,Family,North,Web,33,39.31,19.42,0,1,42.43,0
107093,Family,West,Web,64,35.05,15.44,1,2,36.5,1
107094,Postpaid,North,Web,12,30.67,12.92,0,4,31.06,0
107095,Prepaid,East,Web,6,17.23,12.61,3,4,17.49,1
107096,Postpaid,East,App,46,21.76,22.68,0,5,26.25,0
107097,Prepaid,East,Web,17,23.66,8.72,0,3,23.66,0
107098,Prepaid,North,App,14,12.91,4.26,2,2,12.91,0
107099,Prepaid,South,Web,40,10.81,10.03,3,6,10.81,0
107100,Prepaid,North,Partner,44,16.1,5.26,3,2,16.1,0
107101,Prepaid,East,App,59,25.75,9.52,3,4,25.75,0
107102,Postpaid,West,App,8,28.57,8.56,2,5,28.57,0
107103,Prepaid,West,App,57,22.84,2.51,0,2,22.84,0
107104,Prepaid,North,Partner,49,13.13,9.89,2,1,13.13,1
107105,Prepaid,North,App,50,17.23,12.9,1,3,17.61,1
107106,Postpaid,West,Web,18,40.35,12.73,1,1,40.65,0
107107,Postpaid,East,App,60,26.59,11.9,1,3,26.59,1
107108,Prepaid,West,App,9,18.74,5.29,1,2,18.74,0
107109,Prepaid,South,App,50,13.53,2.86,0,0,13.53,0
107110,Business,North,Web,10,52.79,22.81,1,1,57.34,0
107111,Postpaid,South,App,46,32.62,9.21,0,0,32.62,0
107112,Postpaid,West,Partner,33,33.96,17.61,1,2,36.32,1
107113,Postpaid,East,Web,13,26.96,9.89,2,5,26.96,1
107114,Family,North,Partner,14,27.54,27.75,1,4,34.16,0
107115,Family,North,App,32,35.83,29.23,1,3,43.07,1
107116,Postpaid,West,Store,27,18.19,20.76,4,0,21.87,0
107117,Postpaid,South,App,33,26.85,14.38,2,0,27.85,0
107118,Prepaid,West,Store,32,19.68,6.52,3,3,19.68,1
107119,Postpaid,South,Store,2,20.95,23.64,2,3,25.84,1
107120,Postpaid,South,App,31,24.92,20.94,0,2,28.67,0
107121,Prepaid,South,Partner,30,13.64,12.75,2,0,13.96,0
107122,Business,Central,App,29,33.71,37.19,0,3,44.29,0
107123,Family,North,App,17,46.3,15.88,2,2,47.93,0
107124,Prepaid,North,Store,14,14.51,8.63,1,1,14.51,0
107125,Business,West,Store,7,57.51,33.13,1,4,66.38,0
107126,Prepaid,North,App,45,24.0,1.4,1,6,24.0,0
107127,Postpaid,South,Partner,40,28.08,16.26,2,5,29.87,0
107128,Family,South,App,59,35.43,13.53,1,2,36.08,1
107129,Prepaid,West,Store,18,21.11,9.51,0,4,21.11,1
107130,Postpaid,East,App,30,26.57,18.64,2,2,29.36,0
107131,Postpaid,Central,App,14,25.95,14.17,5,4,26.86,0
107132,Prepaid,West,Store,68,26.49,7.47,2,3,26.49,0
107133,Postpaid,East,Web,57,17.5,12.85,0,6,17.86,0
107134,Prepaid,South,Store,11,21.58,3.52,2,2,21.58,1
107135,Postpaid,West,App,59,22.46,14.59,0,2,23.55,0
107136,Prepaid,Central,App,67,17.79,7.76,0,3,17.79,1
107137,Prepaid,West,Partner,48,17.95,9.57,2,3,17.95,1
107138,Postpaid,North,App,72,32.22,22.71,1,3,36.72,0
107139,Prepaid,West,Store,14,12.56,10.28,0,2,12.56,1
107140,Postpaid,West,App,21,26.13,13.62,1,2,26.81,1
107141,Postpaid,Central,App,46,32.37,1.99,0,5,32.37,0
107142,Family,South,App,39,43.75,27.21,1,2,50.14,1
107143,Prepaid,West,App,52,12.19,4.66,2,4,12.19,1
107144,Family,West,Store,70,31.0,19.52,1,3,34.16,0
107145,Family,Central,App,17,39.06,13.18,1,3,39.55,0
107146,Prepaid,West,Web,63,15.58,5.54,4,6,15.58,0
107147,Family,Central,App,10,29.29,20.27,0,3,32.76,0
107148,Family,South,App,34,41.03,16.56,1,0,42.94,0
107149,Postpaid,North,App,32,34.02,18.41,1,1,36.71,0
107150,Postpaid,South,App,59,36.52,25.51,0,1,42.2,0
107151,Family,West,App,31,35.04,7.47,1,4,35.04,1
107152,Business,North,App,60,48.46,36.15,0,1,58.6,0
107153,Postpaid,West,App,12,26.46,12.01,1,5,26.46,0
107154,Family,Central,App,72,37.99,31.64,1,1,46.24,0
107155,Family,Central,App,14,54.18,27.09,1,1,60.51,0
107156,Family,West,App,43,34.25,27.89,1,1,40.92,0
107157,Business,West,App,36,51.98,26.43,1,3,58.04,1
107158,Prepaid,North,Store,7,19.26,13.92,1,3,20.06,0
107159,Prepaid,East,App,38,8.0,4.46,0,4,8.0,0
107160,Postpaid,East,Store,63,29.89,0.2,1,3,29.89,0
107161,Postpaid,West,App,39,38.22,11.15,2,3,38.22,1
107162,Postpaid,South,Partner,51,23.41,25.97,1,5,29.28,0
107163,Family,North,App,71,40.8,21.82,1,3,44.92,1
107164,Business,West,App,22,70.01,12.81,1,5,70.35,1
107165,Postpaid,East,Web,3,24.44,7.95,3,1,24.44,0
107166,Postpaid,Central,App,50,25.12,8.77,2,6,25.12,0
107167,Prepaid,East,App,57,24.84,8.0,2,7,24.84,0
107168,Postpaid,Central,Web,11,27.22,13.11,2,1,27.68,1
107169,Prepaid,East,Store,26,20.2,9.93,0,1,20.2,0
107170,Postpaid,West,Store,26,27.38,10.62,1,2,27.38,0
107171,Postpaid,West,App,55,26.24,30.83,2,1,34.15,0
107172,Family,South,App,64,36.24,28.62,1,2,43.22,0
107173,Postpaid,South,App,53,32.72,3.16,0,2,32.72,0
107174,Postpaid,Central,Web,22,33.99,25.78,0,4,39.78,0
107175,Prepaid,South,App,45,9.69,3.25,3,1,9.69,1
107176,Prepaid,West,Store,20,15.59,11.27,1,6,15.59,1
107177,Business,North,Partner,46,58.51,37.67,1,1,69.3,0
107178,Business,West,Partner,70,64.55,22.03,2,6,68.77,0
107179,Prepaid,South,App,48,27.89,7.95,1,3,27.89,0
107180,Prepaid,West,Store,57,15.98,8.2,1,1,15.98,0
107181,Postpaid,East,Web,54,30.8,17.19,1,4,32.98,0
107182,Postpaid,South,Web,35,35.02,18.27,1,3,37.65,1
107183,Postpaid,East,Partner,10,28.47,21.05,3,5,32.27,1
107184,Prepaid,Central,Web,71,19.87,8.77,2,3,19.87,1
107185,Postpaid,West,Web,26,25.37,3.63,0,5,25.37,1
107186,Prepaid,Central,App,64,20.39,4.66,3,0,20.39,1
107187,Prepaid,West,Store,61,16.02,6.39,2,3,16.02,0
107188,Prepaid,West,Store,50,20.92,9.42,0,2,20.92,0
107189,Postpaid,East,Web,40,19.5,22.45,0,2,23.89,0
107190,Postpaid,Central,Store,20,35.37,24.57,0,3,40.65,0
107191,Prepaid,East,App,10,18.58,11.15,1,2,18.58,1
107192,Postpaid,South,Store,63,22.33,16.82,1,3,24.35,0
107193,Postpaid,West,Partner,70,35.59,4.25,1,7,35.59,1
107194,Family,Central,App,49,31.41,17.91,1,2,33.89,0
107195,Business,East,Web,72,49.77,24.02,1,0,54.82,0
107196,Prepaid,North,Store,16,19.14,9.27,2,3,19.14,0
107197,Family,West,Store,37,33.39,18.4,0,3,36.08,0
107198,Postpaid,West,App,13,40.84,10.95,0,0,40.84,0
107199,Postpaid,South,Store,39,27.22,17.28,0,2,29.44,0
107200,Postpaid,West,Web,65,29.59,11.46,1,2,29.59,0
107201,Postpaid,East,App,22,36.24,16.91,1,5,38.31,0
107202,Prepaid,South,Partner,31,8.0,9.53,0,4,8.0,1
107203,Business,West,Web,38,57.56,26.6,2,4,63.69,1
107204,Postpaid,South,App,34,22.74,8.61,1,1,22.74,1
107205,Postpaid,West,App,70,35.26,19.25,1,3,38.3,0
107206,Postpaid,North,App,31,26.12,13.77,3,3,26.87,1
107207,Prepaid,West,App,19,13.05,18.63,2,4,15.83,0
107208,Prepaid,South,App,24,12.71,0.2,4,2,12.71,1
107209,Postpaid,Central,App,22,23.86,24.86,4,4,29.26,0
107210,Postpaid,West,Partner,23,36.63,17.54,2,3,38.96,1
107211,Family,South,Web,65,43.69,22.09,1,2,47.93,0
107212,Postpaid,Central,Web,37,32.39,20.33,3,1,35.89,1
107213,Postpaid,East,Store,28,30.18,27.66,0,6,36.76,0
107214,Family,East,Store,11,29.8,19.68,2,1,33.03,0
107215,Prepaid,Central,Partner,71,24.33,8.2,2,4,24.33,1
107216,Postpaid,Central,App,12,43.21,24.08,0,2,48.28,0
107217,Postpaid,West,Web,26,41.45,9.41,2,1,41.45,1
107218,Prepaid,Central,Partner,51,23.83,4.99,1,4,23.83,1
107219,Prepaid,South,Partner,1,17.13,7.49,1,6,17.13,0
107220,Prepaid,South,Store,23,10.05,10.09,2,1,10.05,1
107221,Prepaid,North,Web,69,20.5,13.18,1,2,21.0,1
107222,Postpaid,South,Store,2,31.71,21.81,0,1,35.83,1
107223,Prepaid,West,App,18,19.46,9.89,1,2,19.46,0
107224,Postpaid,South,App,7,34.36,7.22,0,2,34.36,1
107225,Prepaid,East,Store,50,19.31,10.48,0,7,19.31,1
107226,Prepaid,North,App,1,21.41,10.86,2,3,21.41,1
107227,Prepaid,South,App,4,12.84,7.52,1,2,12.84,0
107228,Prepaid,West,App,35,8.0,9.69,2,2,8.0,1
107229,Business,North,Web,54,50.19,31.26,2,2,58.28,0
107230,Prepaid,West,Partner,66,23.19,10.26,2,1,23.19,0
107231,Prepaid,West,Web,16,12.32,9.5,1,4,12.32,0
107232,Prepaid,East,Store,42,11.6,12.15,1,1,11.66,1
107233,Postpaid,Central,Partner,58,32.82,27.34,2,1,39.26,1
107234,Postpaid,Central,Store,53,23.75,14.39,3,3,24.75,0
107235,Family,North,Store,70,39.39,20.88,4,0,43.12,1
107236,Postpaid,West,Store,6,23.71,13.48,0,1,24.33,1
107237,Postpaid,South,App,4,34.41,9.19,4,1,34.41,1
107238,Postpaid,South,Store,50,26.12,26.36,0,0,32.15,0
107239,Family,West,Store,27,37.8,20.28,1,2,41.28,0
107240,Postpaid,West,Partner,54,34.82,15.36,2,2,36.23,0
107241,Prepaid,Central,App,52,22.21,8.51,0,1,22.21,0
107242,Postpaid,West,App,32,35.75,20.74,0,2,39.42,0
107243,Family,West,App,72,40.63,29.65,0,5,48.04,0
107244,Postpaid,West,App,64,29.33,5.43,0,1,29.33,0
107245,Business,North,Partner,27,57.65,33.48,3,3,66.67,1
107246,Family,North,Store,1,26.54,20.32,0,4,30.03,0
107247,Prepaid,East,App,72,21.69,3.37,3,6,21.69,1
107248,Family,West,Web,70,34.83,25.93,1,4,40.68,0
107249,Postpaid,North,Store,65,19.54,17.87,1,5,22.01,1
107250,Postpaid,East,App,5,28.27,20.26,2,3,31.73,0
107251,Postpaid,South,App,52,27.27,17.15,1,1,29.43,0
107252,Family,East,App,70,41.84,20.73,0,1,45.51,0
107253,Postpaid,South,Store,28,24.31,22.09,2,1,28.54,0
107254,Postpaid,South,Web,55,25.15,16.46,3,3,27.02,0
107255,Prepaid,North,App,39,24.25,3.5,0,0,24.25,1
107256,Postpaid,South,Store,34,18.75,14.91,2,4,19.97,1
107257,Family,East,Web,52,26.95,15.16,0,7,28.27,0
107258,Postpaid,Central,App,42,29.31,18.37,0,1,31.99,0
107259,Prepaid,South,Store,50,22.53,9.72,1,5,22.53,0
107260,Family,East,App,17,31.73,10.02,1,3,31.73,0
107261,Family,East,App,21,53.62,15.6,1,1,55.13,0
107262,Postpaid,West,Store,47,32.59,16.11,1,2,34.32,0
107263,Prepaid,South,App,41,14.22,9.99,2,4,14.22,0
107264,Postpaid,North,Store,28,29.23,19.98,1,1,32.58,1
107265,Prepaid,Central,Web,61,12.36,10.74,0,6,12.36,1
107266,Prepaid,Central,App,25,26.71,0.2,1,4,26.71,0
107267,Postpaid,East,Partner,35,35.4,1.64,0,4,35.4,0
107268,Family,East,App,23,31.07,23.44,1,4,35.88,0
107269,Postpaid,North,Store,41,32.85,23.82,2,5,37.81,0
107270,Family,North,Store,41,28.84,10.09,4,3,28.84,1
107271,Family,North,Store,24,43.97,19.83,2,3,47.26,1
107272,Prepaid,West,Partner,56,21.79,12.07,2,1,21.82,0
107273,Prepaid,South,App,12,17.76,0.2,0,0,17.76,1
107274,Postpaid,North,App,56,29.07,26.51,1,2,35.16,0
107275,Family,North,Store,5,36.55,27.2,3,2,42.94,0
107276,Postpaid,North,Store,19,26.57,5.78,0,3,26.57,0
107277,Postpaid,South,Web,30,26.26,2.15,0,1,26.26,0
107278,Postpaid,East,Web,31,27.69,25.21,1,3,33.23,0
107279,Family,East,App,46,53.25,30.17,0,2,60.89,0
107280,Postpaid,East,Web,68,35.4,18.71,1,0,38.22,0
107281,Prepaid,East,Web,55,17.87,7.33,2,1,17.87,0
107282,Prepaid,West,Store,40,20.92,9.2,2,2,20.92,0
107283,Prepaid,South,App,7,11.45,10.24,1,0,11.45,1
107284,Business,South,Partner,72,70.04,16.32,1,4,71.85,0
107285,Family,Central,Web,23,30.33,20.55,1,2,33.92,0
107286,Family,West,App,45,29.98,31.79,2,0,38.29,1
107287,Prepaid,East,App,59,11.9,1.63,0,1,11.9,0
107288,Postpaid,South,Web,51,24.06,22.88,1,2,28.63,0
107289,Prepaid,North,Partner,9,13.49,13.21,0,0,14.0,0
107290,Postpaid,North,Store,19,23.75,0.2,2,1,23.75,1
107291,Prepaid,Central,Web,72,25.41,14.32,1,0,26.38,0
107292,Family,West,App,56,28.32,19.08,4,3,31.29,0
107293,Prepaid,North,App,46,11.61,9.62,3,1,11.61,1
107294,Postpaid,North,Web,33,35.29,14.46,1,3,36.32,1
107295,Business,South,App,68,58.68,22.42,0,4,63.06,0
107296,Postpaid,South,App,53,27.24,6.54,2,2,27.24,0
107297,Prepaid,East,Web,53,23.79,9.7,1,3,23.79,0
107298,Family,South,App,66,31.46,27.8,1,3,38.1,0
107299,Postpaid,Central,App,70,31.59,26.36,2,3,37.62,0
107300,Postpaid,West,App,62,35.47,4.56,3,4,35.47,0
107301,Postpaid,Central,App,48,31.01,15.46,2,3,32.46,1
107302,Family,Central,App,17,40.59,33.62,0,1,49.67,0
107303,Postpaid,Central,App,20,36.38,13.27,0,2,36.92,0
107304,Postpaid,Central,Partner,12,29.67,8.82,3,3,29.67,0
107305,Postpaid,South,Web,58,28.79,3.82,2,2,28.79,1
107306,Prepaid,South,Web,25,22.9,11.8,0,2,22.9,0
107307,Family,North,App,17,33.96,16.97,0,2,36.04,0
107308,Prepaid,West,App,53,20.11,9.19,0,3,20.11,0
107309,Postpaid,West,Partner,41,21.95,14.82,1,2,23.14,0
107310,Postpaid,North,Store,18,29.71,25.51,1,4,35.39,0
107311,Prepaid,West,Web,27,15.95,13.09,1,1,16.4,1
107312,Postpaid,West,App,35,35.41,28.28,0,1,42.25,0
107313,Postpaid,West,Store,58,37.61,7.84,0,1,37.61,0
107314,Prepaid,East,Store,1,24.8,5.8,2,2,24.8,1
107315,Prepaid,North,App,55,12.97,13.23,1,5,13.49,0
107316,Family,East,Web,6,38.7,38.81,2,4,49.96,0
107317,Business,North,App,63,49.25,12.81,2,1,49.59,0
107318,Postpaid,West,Store,9,20.27,15.32,1,2,21.67,0
107319,Prepaid,South,App,18,14.75,5.8,1,5,14.75,1
107320,Prepaid,South,Store,27,16.23,7.08,2,1,16.23,1
107321,Prepaid,East,Web,72,21.98,6.39,3,2,21.98,0
107322,Postpaid,East,App,29,23.06,14.34,2,2,24.04,0
107323,Business,South,Partner,58,58.14,43.14,2,0,71.22,0
107324,Family,Central,App,19,33.55,33.95,2,3,42.77,0
107325,Postpaid,North,Web,28,42.78,21.13,0,1,46.61,1
107326,Business,Central,Web,38,63.34,29.57,3,2,70.72,1
107327,Postpaid,North,Partner,10,24.17,12.88,1,5,24.54,1
107328,Prepaid,South,Web,3,26.26,8.38,1,2,26.26,0
107329,Postpaid,Central,Store,26,35.08,10.84,0,5,35.08,1
107330,Prepaid,West,App,57,19.67,7.81,1,2,19.67,0
107331,Family,West,Web,8,36.78,40.05,0,1,48.56,0
107332,Postpaid,West,Web,59,22.84,28.41,1,2,29.74,0
107333,Postpaid,South,Store,45,27.16,10.38,3,2,27.16,1
107334,Postpaid,West,Web,20,26.52,12.12,1,2,26.57,1
107335,Family,North,Store,9,40.58,20.99,4,2,44.36,1
107336,Postpaid,West,App,40,26.66,12.18,1,1,26.74,0
107337,Postpaid,Central,App,31,26.38,17.35,1,4,28.63,0
107338,Prepaid,Central,Web,8,15.3,13.83,1,2,16.07,1
107339,Family,West,Web,49,32.21,7.72,1,5,32.21,0
107340,Postpaid,West,Web,61,32.11,8.84,1,2,32.11,0
107341,Prepaid,East,Store,33,20.35,6.45,1,2,20.35,0
107342,Family,South,App,33,31.38,28.43,0,3,38.28,0
107343,Prepaid,Central,App,64,18.04,5.87,0,3,18.04,1
107344,Prepaid,West,App,28,20.14,3.03,2,2,20.14,1
107345,Postpaid,East,App,18,30.36,8.94,1,1,30.36,0
107346,Prepaid,West,Store,61,17.35,7.75,0,2,17.35,0
107347,Postpaid,North,Web,38,15.02,16.04,1,2,16.72,1
107348,Prepaid,West,Partner,68,13.63,10.8,0,0,13.63,0
107349,Prepaid,West,App,66,22.32,10.09,1,4,22.32,0
107350,Prepaid,South,Web,59,16.53,6.03,1,3,16.53,1
107351,Prepaid,North,Store,26,8.0,6.14,4,2,8.0,1
107352,Business,West,App,52,49.73,29.85,2,2,57.22,0
107353,Postpaid,North,Web,35,31.68,21.84,0,4,35.81,0
107354,Postpaid,Central,Partner,56,27.59,11.53,0,3,27.59,1
107355,Postpaid,North,App,68,30.9,27.89,3,6,37.58,0
107356,Postpaid,South,Store,53,31.41,25.7,1,3,37.16,1
107357,Prepaid,North,App,36,18.99,8.15,0,1,18.99,0
107358,Prepaid,West,App,72,14.04,9.32,2,2,14.04,0
107359,Postpaid,East,App,63,33.8,5.33,3,7,33.8,0
107360,Postpaid,Central,App,18,25.78,14.28,2,0,26.74,1
107361,Family,Central,Web,68,40.08,28.61,1,0,47.06,0
107362,Family,West,App,35,43.52,29.54,2,1,50.89,1
107363,Family,South,Web,19,32.97,20.12,1,3,36.38,0
107364,Prepaid,North,Web,22,13.29,11.91,1,2,13.29,1
107365,Prepaid,Central,Web,57,19.48,5.1,3,0,19.48,1
107366,Prepaid,South,App,28,28.18,7.44,1,5,28.18,1
107367,Family,Central,App,48,45.51,21.73,1,2,49.59,0
107368,Family,Central,Store,33,30.98,23.65,3,3,35.87,0
107369,Business,West,App,72,52.09,29.05,0,4,59.26,0
107370,Prepaid,West,App,10,17.16,11.24,1,1,17.16,1
107371,Family,Central,Store,43,56.47,0.2,0,0,56.47,0
107372,Postpaid,West,Web,26,20.06,18.74,1,5,22.89,0
107373,Family,West,App,58,40.94,12.21,2,5,41.03,0
107374,Postpaid,East,App,68,35.57,12.75,1,2,35.88,0
107375,Prepaid,East,Web,25,22.34,2.74,1,3,22.34,0
107376,Prepaid,South,Partner,66,8.0,6.84,0,3,8.0,1
107377,Business,Central,Web,44,52.25,24.15,0,2,57.35,0
107378,Postpaid,West,Store,4,27.2,0.2,2,1,27.2,0
107379,Postpaid,West,Web,57,35.37,13.1,1,1,35.83,0
107380,Postpaid,North,App,40,34.3,12.32,0,1,34.43,0
107381,Postpaid,Central,Partner,70,32.74,6.17,2,0,32.74,1
107382,Business,East,App,34,43.06,37.36,1,1,53.71,0
107383,Prepaid,West,Web,19,14.9,9.48,1,1,14.9,1
107384,Prepaid,North,App,13,18.57,2.62,2,4,18.57,1
107385,Family,Central,Web,6,43.85,19.2,3,5,46.87,1
107386,Postpaid,West,Web,51,41.56,28.8,0,2,48.61,0
107387,Prepaid,East,Web,71,12.98,5.37,2,3,12.98,0
107388,Prepaid,South,App,47,22.06,5.94,0,3,22.06,0
107389,Prepaid,South,Store,44,18.2,11.9,3,3,18.2,1
107390,Prepaid,South,Store,3,18.21,12.57,2,3,18.45,0
107391,Prepaid,North,Web,2,21.25,6.45,0,2,21.25,0
107392,Prepaid,East,Store,36,8.0,10.52,1,2,8.0,1
107393,Family,East,Store,38,27.39,15.71,0,1,28.95,0
107394,Family,East,Web,31,34.04,23.42,2,2,38.84,0
107395,Family,West,App,68,40.41,25.62,0,6,46.13,0
107396,Postpaid,East,Web,24,30.88,9.08,0,5,30.88,0
107397,Prepaid,North,App,71,26.47,2.14,0,3,26.47,0
107398,Business,Central,Web,19,38.3,42.12,1,1,50.95,0
107399,Family,East,App,24,39.15,22.42,0,2,43.52,1
107400,Postpaid,West,Web,22,34.19,22.44,3,2,38.57,0
107401,Prepaid,Central,App,57,26.06,4.48,3,2,26.06,0
107402,Prepaid,West,Store,24,20.4,11.59,1,2,20.4,0
107403,Postpaid,East,App,34,17.09,14.23,4,4,18.03,1
107404,Postpaid,East,Web,9,29.47,19.46,0,4,32.6,1
107405,Prepaid,Central,App,29,25.48,4.75,1,2,25.48,0
107406,Business,West,Store,15,66.0,28.4,3,2,72.88,1
107407,Postpaid,North,App,55,24.53,18.78,2,3,27.37,0
107408,Postpaid,West,Web,59,28.3,21.82,1,2,32.43,0
107409,Prepaid,Central,App,20,26.66,0.89,3,2,26.66,1
107410,Family,West,Store,72,32.21,23.83,0,3,37.18,0
107411,Family,North,App,31,35.62,9.46,1,2,35.62,0
107412,Prepaid,East,App,61,16.25,8.96,3,1,16.25,0
107413,Postpaid,East,App,18,22.88,17.26,0,4,25.09,0
107414,Postpaid,South,Store,62,23.9,15.37,0,6,25.31,0
107415,Family,West,App,11,46.93,21.14,3,2,50.77,0
107416,Prepaid,East,Partner,27,19.91,12.21,2,4,20.0,0
107417,Family,South,App,28,31.4,21.98,1,2,35.59,0
107418,Postpaid,South,Store,14,36.03,0.2,0,2,36.03,0
107419,Prepaid,Central,App,70,20.95,10.56,1,4,20.95,1
107420,Prepaid,Central,App,22,18.91,6.92,0,3,18.91,0
107421,Prepaid,West,Web,31,21.74,8.56,3,1,21.74,1
107422,Prepaid,Central,Web,2,10.86,10.99,3,3,10.86,1
107423,Postpaid,Central,Web,50,16.1,15.81,1,2,17.7,0
107424,Family,East,Web,13,44.38,14.83,0,1,45.56,0
107425,Prepaid,North,App,21,13.91,9.25,0,3,13.91,1
107426,Business,West,Partner,67,57.66,30.47,1,7,65.42,0
107427,Prepaid,West,Store,63,18.05,12.47,3,2,18.25,0
107428,Postpaid,South,Web,9,30.87,9.94,2,3,30.87,0
107429,Business,Central,Web,45,56.42,36.49,1,4,66.71,0
107430,Family,South,App,54,48.11,31.41,0,1,56.26,0
107431,Postpaid,Central,Store,69,24.85,1.76,1,1,24.85,0
107432,Postpaid,West,Partner,18,23.48,12.24,2,4,23.59,1
107433,Prepaid,North,App,24,15.21,7.53,2,5,15.21,1
107434,Prepaid,Central,App,18,22.49,4.89,0,1,22.49,0
107435,Postpaid,West,Store,39,23.45,9.23,0,3,23.45,0
107436,Prepaid,West,App,44,8.0,1.84,1,5,8.0,0
107437,Postpaid,West,App,14,23.64,11.34,3,4,23.64,0
107438,Prepaid,South,Web,2,22.29,4.64,0,4,22.29,1
107439,Family,South,Partner,10,38.75,19.81,2,3,42.02,0
107440,Family,North,Store,16,37.45,9.24,0,2,37.45,0
107441,Family,North,Partner,43,36.04,15.81,1,4,37.65,1
107442,Postpaid,South,App,15,27.97,9.77,0,1,27.97,0
107443,Prepaid,East,App,58,18.43,11.08,0,3,18.43,1
107444,Prepaid,North,App,47,17.12,9.06,5,5,17.12,1
107445,Postpaid,East,App,15,32.2,16.22,2,2,33.98,1
107446,Postpaid,South,Store,72,28.89,15.68,0,1,30.44,0
107447,Postpaid,South,App,51,34.47,20.02,1,3,37.84,0
107448,Postpaid,Central,Store,63,36.93,18.42,1,4,39.63,0
107449,Postpaid,Central,Web,49,26.28,4.33,1,5,26.28,0
107450,Prepaid,West,Store,48,17.77,7.67,0,2,17.77,0
107451,Prepaid,North,Store,35,19.88,11.02,0,3,19.88,0
107452,Postpaid,West,Store,48,26.87,10.48,1,8,26.87,0
107453,Postpaid,North,Partner,56,30.11,22.64,2,4,34.58,1
107454,Business,East,Web,72,38.24,25.23,1,1,43.8,0
107455,Postpaid,Central,Partner,43,29.35,21.43,0,3,33.31,0
107456,Family,South,Partner,55,49.99,21.0,1,4,53.77,1
107457,Family,Central,Web,69,28.19,26.17,1,5,34.14,0
107458,Prepaid,West,App,44,13.34,8.36,0,3,13.34,0
107459,Postpaid,South,Store,55,31.1,9.99,0,3,31.1,1
107460,Postpaid,North,App,14,28.11,9.31,1,2,28.11,0
107461,Postpaid,West,App,64,27.11,26.67,0,2,33.27,0
107462,Prepaid,East,Store,71,16.43,16.41,0,3,18.28,1
107463,Family,North,App,27,35.45,26.94,1,4,41.72,0
107464,Business,North,Store,64,56.0,34.02,0,1,65.25,0
107465,Prepaid,Central,Web,59,16.67,1.55,3,1,16.67,0
107466,Prepaid,South,App,17,25.31,12.45,1,5,25.49,0
107467,Prepaid,Central,Partner,72,8.0,9.2,0,6,8.0,0
107468,Family,West,Web,43,33.27,27.48,0,4,39.77,0
107469,Postpaid,South,Web,12,40.63,3.33,2,2,40.63,0
107470,Prepaid,South,App,8,17.32,15.92,0,5,18.97,1
107471,Family,West,Partner,37,22.56,13.91,1,3,23.37,1
107472,Postpaid,East,App,38,39.21,11.88,2,1,39.21,0
107473,Postpaid,North,Web,63,33.82,22.55,0,1,38.25,0
107474,Postpaid,South,App,37,14.75,22.66,1,1,19.22,0
107475,Postpaid,Central,App,29,29.36,0.2,1,3,29.36,1
107476,Postpaid,West,App,23,40.95,8.1,2,4,40.95,1
107477,Prepaid,East,Web,37,19.96,6.19,4,3,19.96,1
107478,Postpaid,South,Partner,20,39.12,20.18,2,3,42.56,0
107479,Family,East,Web,54,38.09,17.23,0,1,40.29,0
107480,Postpaid,West,Web,10,22.15,0.2,2,3,22.15,1
107481,Family,North,App,60,35.28,5.79,0,2,35.28,0
107482,Postpaid,Central,Partner,16,35.11,17.78,1,2,37.54,1
107483,Family,Central,App,15,21.73,16.27,1,1,23.52,0
107484,Prepaid,South,Partner,71,20.63,5.96,0,3,20.63,0
107485,Family,Central,Web,29,45.27,26.47,1,1,51.34,0
107486,Prepaid,West,App,49,11.62,13.88,1,0,12.41,0
107487,Prepaid,West,App,29,22.73,10.94,4,6,22.73,0
107488,Prepaid,North,Web,71,16.82,4.77,0,3,16.82,0
107489,Prepaid,Central,Partner,12,12.82,8.99,2,5,12.82,1
107490,Business,East,Web,34,49.52,27.71,2,4,56.12,0
107491,Business,West,Web,7,57.8,21.19,1,3,61.66,1
107492,Family,South,Partner,42,38.09,26.09,0,4,44.01,1
107493,Prepaid,South,App,54,17.37,12.43,0,2,17.55,0
107494,Family,Central,Store,34,41.22,13.34,1,6,41.79,0
107495,Family,East,Store,62,41.6,13.96,2,3,42.42,0
107496,Prepaid,North,App,56,23.4,9.65,2,2,23.4,0
107497,Postpaid,West,Web,69,30.28,25.17,2,4,35.81,0
107498,Postpaid,South,App,72,36.48,18.66,1,0,39.27,0
107499,Prepaid,Central,Web,69,20.63,1.96,2,1,20.63,1
107500,Postpaid,Central,Store,32,26.1,4.11,0,1,26.1,1
107501,Family,North,Web,72,22.53,21.56,2,2,26.55,1
107502,Prepaid,East,Store,48,23.18,5.63,0,4,23.18,0
107503,Postpaid,Central,Store,6,25.12,11.65,0,2,25.12,0
107504,Postpaid,Central,App,6,34.07,3.8,4,3,34.07,1
107505,Family,East,Web,29,29.41,25.39,2,6,35.03,0
107506,Business,West,App,41,52.71,16.58,0,5,54.63,0
107507,Family,West,Store,6,44.87,11.24,1,0,44.87,0
107508,Postpaid,South,Web,42,28.1,23.37,0,1,32.88,1
107509,Postpaid,West,Store,49,32.9,7.61,1,2,32.9,1
107510,Postpaid,South,App,50,36.24,13.35,0,1,36.81,0
107511,Postpaid,South,App,71,21.09,15.31,2,3,22.48,0
107512,Prepaid,East,Store,27,18.99,9.24,2,0,18.99,0
107513,Postpaid,Central,App,3,38.65,7.3,0,2,38.65,1
107514,Postpaid,South,App,69,36.11,9.47,2,0,36.11,0
107515,Postpaid,South,App,38,37.59,12.21,3,4,37.68,1
107516,Family,North,Store,46,30.3,21.32,2,1,34.22,1
107517,Postpaid,North,Store,39,25.21,23.05,4,2,29.85,1
107518,Postpaid,Central,Store,36,30.51,0.2,1,4,30.51,0
107519,Prepaid,East,Store,12,22.7,9.15,0,0,22.7,0
107520,Prepaid,North,Store,41,22.18,13.61,2,7,22.86,1
107521,Postpaid,Central,App,61,33.54,21.11,0,0,37.36,0
107522,Postpaid,North,Partner,9,38.46,8.56,4,2,38.46,1
107523,Prepaid,East,Store,29,14.66,4.44,2,2,14.66,0
107524,Prepaid,West,Web,68,21.62,6.53,2,4,21.62,1
107525,Prepaid,West,Store,31,22.51,8.26,1,1,22.51,1
107526,Family,North,App,12,29.69,17.4,2,1,31.96,1
107527,Family,West,Web,70,41.31,8.08,1,2,41.31,0
107528,Postpaid,West,App,10,33.85,10.82,4,6,33.85,1
107529,Prepaid,West,Partner,18,19.01,11.56,2,0,19.01,0
107530,Prepaid,South,Store,34,20.3,4.79,2,5,20.3,0
107531,Prepaid,West,App,28,16.83,9.5,3,3,16.83,0
107532,Postpaid,East,App,30,29.61,18.41,2,4,32.3,0
107533,Prepaid,West,Web,56,20.07,11.06,2,3,20.07,0
107534,Prepaid,Central,App,41,18.92,1.6,1,0,18.92,1
107535,Business,Central,App,35,54.49,28.09,1,4,61.24,0
107536,Postpaid,West,Partner,51,26.07,21.34,0,3,29.99,0
107537,Family,South,App,44,38.33,19.79,4,3,41.6,1
107538,Prepaid,North,App,46,18.04,8.49,3,3,18.04,0
107539,Prepaid,East,App,35,25.78,7.85,0,2,25.78,0
107540,Business,North,Store,40,56.52,23.12,3,2,61.19,0
107541,Postpaid,West,Store,21,27.81,19.11,1,2,30.8,0
107542,Postpaid,West,Web,30,32.82,18.0,1,1,35.34,0
107543,Business,East,Partner,12,49.41,25.78,0,3,55.19,0
107544,Postpaid,North,App,6,25.2,14.09,1,3,26.08,1
107545,Prepaid,Central,App,62,9.89,7.31,1,2,9.89,1
107546,Postpaid,West,App,59,27.06,5.48,1,2,27.06,1
107547,Prepaid,East,App,20,8.84,6.87,1,8,8.84,1
107548,Prepaid,East,App,34,18.42,10.34,0,5,18.42,0
107549,Prepaid,North,App,72,14.25,6.74,0,2,14.25,0
107550,Family,West,Web,39,48.9,27.07,0,1,55.23,0
107551,Postpaid,North,App,1,23.18,0.98,0,6,23.18,0
107552,Prepaid,East,Partner,42,17.42,11.67,1,2,17.42,0
107553,Prepaid,North,Partner,64,17.86,3.79,2,3,17.86,1
107554,Postpaid,South,Store,17,27.32,0.2,1,2,27.32,0
107555,Family,South,Web,69,36.86,15.71,1,2,38.41,0
107556,Prepaid,North,Web,55,14.02,6.6,2,1,14.02,1
107557,Prepaid,Central,App,5,9.67,8.39,0,3,9.67,0
107558,Family,West,Store,72,31.78,18.87,1,2,34.67,0
107559,Family,North,App,46,31.45,25.37,1,3,37.07,0
107560,Family,North,Store,16,33.42,16.83,1,6,35.45,0
107561,Prepaid,West,Web,57,20.02,11.13,0,3,20.02,0
107562,Prepaid,North,Store,60,15.76,1.43,0,4,15.76,1
107563,Postpaid,East,App,45,34.88,16.39,0,0,36.73,0
107564,Prepaid,North,Web,70,20.87,8.49,0,2,20.87,0
107565,Family,West,Partner,64,40.21,14.52,1,4,41.27,0
107566,Prepaid,Central,App,23,16.0,13.39,2,0,16.58,0
107567,Postpaid,North,App,10,38.23,6.86,0,1,38.23,1
107568,Family,Central,App,59,53.09,12.31,1,2,53.22,0
107569,Business,Central,Partner,69,56.92,6.06,2,5,56.92,1
107570,Postpaid,Central,Store,22,40.72,12.77,0,6,41.05,0
107571,Business,West,App,40,46.98,15.13,2,4,48.29,0
107572,Prepaid,Central,Store,37,17.95,6.28,2,2,17.95,0
107573,Postpaid,West,Store,25,33.68,13.14,1,1,34.16,0
107574,Prepaid,Central,App,39,27.45,10.21,1,6,27.45,0
107575,Business,North,Web,38,55.43,31.16,0,0,63.48,0
107576,Family,West,Web,71,42.6,18.88,2,1,45.48,0
107577,Prepaid,West,App,25,15.05,8.46,0,2,15.05,0
107578,Prepaid,North,Partner,11,16.5,11.61,0,8,16.5,1
107579,Postpaid,South,App,33,39.04,1.52,0,2,39.04,0
107580,Prepaid,South,App,11,9.03,7.67,3,1,9.03,0
107581,Family,South,App,12,32.35,15.34,2,5,33.76,0
107582,Prepaid,North,App,46,13.51,5.79,1,3,13.51,1
107583,Family,South,Store,61,36.92,29.73,0,3,44.37,0
107584,Postpaid,South,App,9,28.89,11.65,0,2,28.89,1
107585,Postpaid,West,App,29,38.29,6.72,3,1,38.29,0
107586,Prepaid,North,Partner,14,24.72,11.27,1,2,24.72,0
107587,Business,South,App,34,57.99,23.07,2,2,62.64,1
107588,Postpaid,South,App,43,27.17,20.55,0,1,30.77,0
107589,Postpaid,East,App,66,39.83,10.72,2,1,39.83,0
107590,Postpaid,North,Web,65,36.26,23.4,3,5,41.05,1
107591,Family,Central,App,66,47.18,17.02,1,5,49.29,0
107592,Family,South,App,31,41.18,24.07,1,4,46.25,0
107593,Family,South,Partner,57,42.97,5.34,1,2,42.97,1
107594,Postpaid,East,App,21,38.53,25.63,2,2,44.25,1
107595,Family,Central,Web,3,35.63,27.18,4,5,42.01,0
107596,Prepaid,East,Store,67,21.94,14.09,1,3,22.82,0
107597,Postpaid,South,Web,66,26.01,3.23,1,0,26.01,0
107598,Postpaid,East,App,14,30.45,10.73,0,2,30.45,0
107599,Postpaid,East,Partner,14,19.74,8.94,1,2,19.74,1
107600,Business,East,App,66,48.2,14.86,0,2,49.4,0
107601,Business,Central,App,32,54.2,22.5,1,1,58.61,0
107602,Postpaid,Central,Web,57,36.27,9.71,3,2,36.27,1
107603,Postpaid,East,App,66,23.32,20.43,0,2,26.86,0
107604,Family,North,App,40,42.08,6.59,2,3,42.08,1
107605,Business,East,Store,7,51.67,33.98,0,3,60.9,0
107606,Family,Central,App,44,36.78,28.51,0,2,43.71,0
107607,Prepaid,Central,App,10,24.97,9.91,1,3,24.97,0
107608,Prepaid,South,Store,50,18.3,1.79,2,5,18.3,1
107609,Family,North,App,42,29.25,10.04,2,2,29.25,0
107610,Family,North,Store,32,33.94,35.98,1,4,44.01,0
107611,Family,West,Web,34,51.95,26.7,0,3,58.13,0
107612,Postpaid,East,App,70,35.59,27.16,2,6,41.95,0
107613,Postpaid,South,App,29,29.1,10.18,0,3,29.1,0
107614,Postpaid,South,App,62,33.69,13.87,0,4,34.47,0
107615,Family,South,App,59,39.53,5.81,1,1,39.53,1
107616,Prepaid,Central,App,72,14.15,6.59,1,3,14.15,0
107617,Postpaid,South,Store,65,29.19,11.62,1,4,29.19,1
107618,Family,South,App,45,39.57,20.01,1,0,42.94,0
107619,Family,West,Web,72,32.42,13.12,0,3,32.89,0
107620,Prepaid,West,App,51,9.46,6.63,0,1,9.46,0
107621,Family,West,App,9,18.81,19.91,1,1,22.14,1
107622,Prepaid,West,App,7,18.55,13.87,2,2,19.34,1
107623,Prepaid,North,App,49,21.35,0.2,1,3,21.35,1
107624,Postpaid,North,Web,39,35.05,7.74,0,0,35.05,0
107625,Prepaid,North,Web,63,22.77,8.61,1,0,22.77,0
107626,Business,West,Partner,39,52.56,27.46,2,3,59.05,0
107627,Family,Central,App,18,32.25,28.81,4,5,39.31,0
107628,Prepaid,South,App,62,19.62,9.4,2,2,19.62,0
107629,Family,West,Web,35,26.81,9.93,2,3,26.81,1
107630,Postpaid,West,Web,69,21.07,7.65,2,0,21.07,0
107631,Postpaid,Central,App,1,23.29,18.54,1,2,26.03,0
107632,Family,East,App,2,33.82,17.27,1,2,36.03,0
107633,Postpaid,North,Store,10,17.52,17.12,2,2,19.67,0
107634,Prepaid,West,App,69,18.94,9.13,1,9,18.94,0
107635,Prepaid,West,Store,10,17.05,8.73,0,0,17.05,0
107636,Postpaid,West,App,52,25.78,25.21,2,2,31.32,0
107637,Business,Central,Partner,51,48.3,30.11,0,3,55.91,0
107638,Postpaid,South,Store,64,37.24,9.45,1,2,37.24,0
107639,Postpaid,West,Web,45,22.44,9.16,1,1,22.44,0
107640,Prepaid,South,App,2,18.71,9.23,2,3,18.71,1
107641,Family,East,Store,3,42.9,20.06,3,3,46.29,0
107642,Prepaid,South,Web,2,19.74,5.13,4,3,19.74,1
107643,Postpaid,North,App,43,39.61,7.08,1,0,39.61,0
107644,Postpaid,North,Store,31,37.3,12.43,1,3,37.49,0
107645,Prepaid,West,App,5,17.01,7.85,2,4,17.01,1
107646,Prepaid,Central,Store,2,10.38,3.95,2,1,10.38,0
107647,Postpaid,South,Web,15,32.09,0.2,0,1,32.09,0
107648,Prepaid,East,Web,35,15.78,7.05,1,3,15.78,1
107649,Postpaid,North,Web,65,18.18,11.67,1,3,18.18,0
107650,Family,East,App,60,52.07,25.69,2,5,57.82,0
107651,Prepaid,South,Web,33,21.17,17.31,1,4,23.4,0
107652,Postpaid,East,Store,21,41.19,14.56,2,2,42.27,1
107653,Prepaid,Central,App,57,19.77,11.14,2,3,19.77,0
107654,Prepaid,East,Web,68,25.37,7.66,0,2,25.37,0
107655,Family,West,App,23,40.61,7.46,2,2,40.61,1
107656,Family,West,App,36,46.19,34.43,0,4,55.62,0
107657,Family,North,Web,8,39.98,14.12,2,0,40.87,0
107658,Prepaid,South,App,10,11.11,8.24,1,7,11.11,0
107659,Postpaid,North,App,64,41.11,15.9,1,1,42.75,0
107660,Postpaid,East,App,17,27.47,15.27,0,4,28.84,0
107661,Business,Central,Partner,12,56.55,26.84,2,3,62.79,0
107662,Postpaid,East,App,23,30.9,15.95,2,1,32.56,1
107663,Business,East,App,26,53.06,32.33,1,2,61.6,0
107664,Prepaid,South,App,15,14.79,3.26,0,4,14.79,0
107665,Postpaid,South,App,51,26.59,10.78,1,3,26.59,1
107666,Family,Central,App,42,39.19,21.12,0,5,43.02,0
107667,Postpaid,South,Partner,43,32.4,11.6,2,2,32.4,1
107668,Postpaid,West,Web,71,26.13,14.49,1,1,27.17,0
107669,Postpaid,North,Partner,67,22.15,7.32,0,2,22.15,1
107670,Business,North,Web,21,56.51,11.51,1,3,56.51,0
107671,Prepaid,South,App,72,22.25,0.68,0,5,22.25,0
107672,Business,Central,App,49,61.22,34.13,1,3,70.51,0
107673,Postpaid,South,Store,11,34.35,4.56,1,6,34.35,1
107674,Postpaid,West,App,23,33.59,11.04,2,3,33.59,0
107675,Postpaid,North,Web,17,26.69,19.17,3,4,29.7,0
107676,Prepaid,West,App,58,16.62,9.45,1,3,16.62,1
107677,Business,East,Web,47,45.63,34.96,0,3,55.28,0
107678,Family,West,App,57,48.53,24.37,3,3,53.73,0
107679,Business,South,Store,11,34.03,27.25,2,2,40.43,1
107680,Business,North,Partner,38,62.72,15.55,0,1,64.21,0
107681,Postpaid,Central,App,40,39.76,10.78,2,3,39.76,1
107682,Postpaid,East,App,50,37.44,10.04,0,3,37.44,1
107683,Family,South,App,27,39.64,13.54,1,1,40.29,0
107684,Prepaid,East,App,5,22.15,9.6,1,5,22.15,0
107685,Family,North,Store,64,37.69,13.24,1,1,38.21,0
107686,Postpaid,East,Partner,31,23.98,16.69,4,4,25.95,1
107687,Postpaid,East,Web,67,28.78,11.52,1,4,28.78,0
107688,Postpaid,North,Web,30,27.9,12.65,0,4,28.18,0
107689,Postpaid,East,Web,19,28.11,12.8,4,2,28.44,1
107690,Prepaid,West,App,34,14.33,6.48,1,2,14.33,0
107691,Postpaid,Central,Partner,7,28.63,16.18,1,5,30.39,0
107692,Postpaid,West,Store,41,28.37,17.29,3,4,30.59,0
107693,Prepaid,East,App,72,19.51,9.76,2,4,19.51,0
107694,Prepaid,West,Partner,19,13.03,6.98,0,2,13.03,1
107695,Postpaid,South,Store,11,27.97,27.78,1,1,34.6,1
107696,Prepaid,West,App,10,12.08,8.4,1,2,12.08,0
107697,Family,North,Web,13,45.7,16.57,2,4,47.62,1
107698,Prepaid,North,App,29,20.03,5.2,1,0,20.03,1
107699,Postpaid,West,App,19,42.41,17.23,0,4,44.61,1
107700,Prepaid,North,App,52,9.95,11.75,1,4,9.95,1
107701,Postpaid,West,Store,25,35.82,19.7,3,2,39.05,0
107702,Postpaid,West,App,27,19.48,18.67,2,4,22.28,0
107703,Postpaid,North,App,11,24.03,15.44,1,3,25.47,0
107704,Postpaid,South,App,42,17.13,11.5,1,1,17.13,0
107705,Postpaid,West,App,24,30.41,8.79,1,5,30.41,0
107706,Prepaid,West,Store,51,17.5,1.8,0,3,17.5,0
107707,Postpaid,West,Store,2,28.07,16.45,0,2,29.93,0
107708,Postpaid,South,App,47,16.89,12.16,1,1,16.96,0
107709,Postpaid,West,App,58,26.8,13.87,1,7,27.59,0
107710,Postpaid,South,App,52,30.78,11.42,1,2,30.78,0
107711,Family,North,Store,19,29.99,13.69,2,3,30.7,1
107712,Postpaid,West,Web,51,29.83,22.63,3,1,34.3,0
107713,Prepaid,South,App,59,15.46,6.47,1,3,15.46,0
107714,Prepaid,North,App,38,16.26,18.17,1,1,18.85,0
107715,Prepaid,South,App,47,18.8,1.02,0,1,18.8,1
107716,Postpaid,West,Store,59,29.51,16.16,2,2,31.26,0
107717,Family,Central,App,35,40.33,28.12,1,2,47.09,0
107718,Family,Central,Web,11,48.69,21.44,2,4,52.66,0
107719,Postpaid,South,Web,71,20.94,12.95,0,3,21.34,0
107720,Prepaid,East,App,24,19.05,5.69,2,1,19.05,1
107721,Family,West,App,28,29.89,24.52,2,6,35.15,0
107722,Prepaid,South,Partner,45,19.85,11.02,0,3,19.85,1
107723,Postpaid,South,App,13,22.27,20.58,4,3,25.87,1
107724,Family,South,Store,25,37.96,5.22,0,2,37.96,1
107725,Postpaid,East,Store,42,18.28,11.38,1,2,18.28,0
107726,Prepaid,West,App,53,16.37,6.73,2,1,16.37,0
107727,Prepaid,South,Web,11,14.76,2.94,1,0,14.76,1
107728,Postpaid,North,App,60,30.76,10.12,1,4,30.76,0
107729,Prepaid,West,App,20,18.22,6.53,0,2,18.22,0
107730,Postpaid,West,Store,66,28.84,2.04,1,4,28.84,1
107731,Postpaid,South,Partner,66,34.18,10.41,1,3,34.18,0
107732,Prepaid,South,App,52,20.99,11.48,0,4,20.99,0
107733,Prepaid,Central,Store,65,15.6,13.27,2,3,16.13,1
107734,Family,West,App,12,35.68,18.92,0,6,38.58,1
107735,Postpaid,West,Store,34,25.75,17.49,2,5,28.06,0
107736,Family,West,App,11,23.66,22.41,1,5,28.03,0
107737,Postpaid,Central,App,35,27.62,22.73,3,2,32.13,0
107738,Prepaid,South,Partner,42,19.85,10.13,2,0,19.85,0
107739,Postpaid,South,Web,41,30.74,12.32,4,1,30.87,1
107740,Postpaid,South,App,6,31.32,21.71,1,1,35.4,0
107741,Postpaid,West,Partner,7,24.02,14.29,3,2,24.98,0
107742,Family,North,App,72,30.51,10.43,1,2,30.51,0
107743,Family,South,Web,19,17.24,12.53,3,1,17.46,1
107744,Family,South,Web,36,29.77,20.52,0,2,33.35,0
107745,Postpaid,West,Web,42,19.38,3.45,1,3,19.38,0
107746,Postpaid,West,App,12,31.6,10.18,2,1,31.6,0
107747,Postpaid,South,Web,24,32.01,14.02,2,2,32.86,0
107748,Prepaid,South,Store,44,15.42,7.11,0,1,15.42,0
107749,Family,West,App,16,31.33,23.28,3,1,36.07,1
107750,Family,North,Partner,58,43.48,16.78,1,4,45.48,0
107751,Prepaid,West,App,47,29.14,3.39,0,3,29.14,0
107752,Family,South,App,72,35.9,8.3,0,2,35.9,0
107753,Family,Central,Store,41,39.01,14.73,3,3,40.15,0
107754,Postpaid,East,App,58,36.34,3.72,1,2,36.34,0
107755,Family,West,Web,24,38.43,12.85,3,4,38.78,1
107756,Prepaid,North,App,50,22.11,11.8,2,6,22.11,0
107757,Prepaid,South,App,68,21.73,7.64,0,4,21.73,0
107758,Postpaid,West,Web,60,22.38,3.65,1,3,22.38,0
107759,Postpaid,East,Partner,56,39.15,16.71,2,0,41.13,0
107760,Postpaid,West,Web,33,34.75,6.29,2,2,34.75,1
107761,Business,East,App,43,56.48,28.37,0,2,63.35,0
107762,Prepaid,East,App,43,17.75,7.15,3,0,17.75,1
107763,Prepaid,Central,Web,16,13.12,12.13,1,5,13.17,1
107764,Postpaid,East,Partner,19,26.19,8.99,1,4,26.19,0
107765,Prepaid,Central,Store,47,18.04,15.04,1,4,19.31,1
107766,Family,South,Store,46,24.17,16.29,2,2,25.97,0
107767,Postpaid,South,App,50,35.42,0.2,0,0,35.42,0
107768,Business,West,Store,44,49.79,30.06,1,1,57.37,0
107769,Postpaid,North,App,42,28.55,17.74,2,1,30.96,0
107770,Prepaid,North,App,38,13.59,10.6,2,3,13.59,1
107771,Prepaid,North,App,46,18.72,8.13,0,6,18.72,1
107772,Prepaid,East,Store,27,23.69,14.34,1,0,24.68,1
107773,Business,West,Store,12,53.97,16.93,1,1,56.04,1
107774,Postpaid,North,App,49,27.83,14.79,0,1,29.0,0
107775,Postpaid,North,Partner,25,34.49,27.26,4,1,40.9,0
107776,Prepaid,South,App,55,19.17,8.83,2,1,19.17,0
107777,Family,South,Web,65,37.18,30.29,1,3,44.86,0
107778,Prepaid,North,Web,29,30.28,16.54,0,2,32.18,0
107779,Postpaid,North,Web,10,20.15,14.04,1,5,21.0,0
107780,Family,Central,Web,1,43.03,18.83,2,2,45.9,0
107781,Prepaid,West,Web,43,18.86,9.89,1,1,18.86,0
107782,Postpaid,South,Store,64,26.84,11.14,2,4,26.84,0
107783,Prepaid,South,Store,65,13.62,4.91,0,3,13.62,1
107784,Postpaid,North,Web,65,33.25,9.27,2,4,33.25,0
107785,Business,South,App,2,62.34,0.2,2,2,62.34,0
107786,Postpaid,South,Web,4,25.99,20.1,0,0,29.39,0
107787,Family,Central,App,70,54.19,10.79,2,4,54.19,0
107788,Postpaid,West,Store,49,36.6,6.61,0,2,36.6,0
107789,Prepaid,East,App,64,28.1,4.49,1,4,28.1,0
107790,Postpaid,North,Web,71,30.0,16.43,0,2,31.87,0
107791,Postpaid,West,App,52,29.09,27.25,3,3,35.49,1
107792,Prepaid,Central,App,29,19.6,8.51,0,1,19.6,0
107793,Postpaid,North,App,52,34.57,11.42,0,3,34.57,0
107794,Postpaid,Central,Web,46,36.84,8.53,1,4,36.84,1
107795,Family,North,Partner,63,45.29,3.36,0,3,45.29,0
107796,Prepaid,West,App,63,14.8,6.01,1,3,14.8,0
107797,Family,North,App,13,38.92,7.85,1,2,38.92,0
107798,Postpaid,West,Web,64,24.58,15.48,1,2,26.04,1
107799,Prepaid,South,Store,51,19.98,7.13,0,1,19.98,0
107800,Prepaid,East,App,53,9.47,10.97,2,4,9.47,1
107801,Family,West,Web,25,36.16,11.22,2,2,36.16,1
107802,Postpaid,West,Web,35,27.43,12.93,0,0,27.82,0
107803,Postpaid,West,App,64,28.85,18.81,0,3,31.71,0
107804,Prepaid,North,Store,10,30.05,14.29,0,3,31.01,0
107805,Postpaid,West,App,39,25.4,16.12,2,2,27.14,0
107806,Family,North,Partner,70,39.48,21.55,1,0,43.49,1
107807,Prepaid,West,Web,56,24.58,11.34,0,3,24.58,0
107808,Business,North,Store,11,62.58,7.87,1,2,62.58,0
107809,Prepaid,East,Partner,13,17.02,11.47,1,3,17.02,0
107810,Prepaid,South,App,37,17.53,3.04,1,2,17.53,0
107811,Postpaid,Central,Web,18,32.02,5.93,0,1,32.02,1
107812,Postpaid,West,Web,64,32.29,20.89,1,3,36.02,0
107813,Prepaid,North,Web,61,16.33,14.09,4,3,17.2,0
107814,Postpaid,West,Web,69,28.46,13.13,4,1,28.94,0
107815,Prepaid,North,App,29,27.86,12.66,4,4,28.14,1
107816,Postpaid,South,App,21,26.5,21.42,3,1,30.46,1
107817,Postpaid,South,App,39,37.22,0.2,1,4,37.22,1
107818,Business,West,Web,9,47.8,35.27,1,2,57.58,0
107819,Postpaid,Central,App,53,26.42,10.24,2,3,26.42,1
107820,Postpaid,Central,Store,63,29.1,28.76,1,1,36.14,0
107821,Postpaid,North,App,13,38.3,20.41,0,3,41.83,0
107822,Prepaid,North,Store,15,16.17,11.41,2,1,16.17,0
107823,Prepaid,West,App,22,20.52,11.46,1,1,20.52,1
107824,Business,South,Store,58,40.08,35.47,0,6,49.93,0
107825,Prepaid,East,App,24,16.35,13.49,0,1,16.98,1
107826,Family,Central,App,53,34.64,10.28,0,3,34.64,0
107827,Prepaid,North,App,67,11.91,9.44,0,5,11.91,0
107828,Family,South,Partner,32,33.63,11.49,1,4,33.63,0
107829,Prepaid,Central,Store,10,18.76,5.9,0,1,18.76,1
107830,Business,West,Web,66,54.41,30.02,2,5,61.98,0
107831,Postpaid,Central,Partner,27,26.92,14.09,0,2,27.79,1
107832,Prepaid,West,Store,44,15.52,7.25,0,0,15.52,1
107833,Postpaid,South,Store,70,33.03,4.21,0,1,33.03,0
107834,Postpaid,West,Store,65,36.05,11.67,4,4,36.05,1
107835,Prepaid,West,App,61,23.65,8.47,1,1,23.65,0
107836,Prepaid,Central,App,26,17.11,7.94,2,2,17.11,1
107837,Postpaid,East,Partner,49,30.94,15.21,3,1,32.29,0
107838,Family,East,Store,25,35.47,16.07,1,2,37.18,0
107839,Prepaid,South,App,40,12.65,4.88,2,3,12.65,1
107840,Family,South,Web,25,27.92,24.1,1,1,33.01,0
107841,Prepaid,Central,App,61,17.68,5.28,1,3,17.68,0
107842,Prepaid,Central,Store,55,32.79,12.36,0,0,32.94,1
107843,Postpaid,East,Web,69,34.1,16.92,5,2,36.17,1
107844,Prepaid,Central,App,20,10.32,10.25,1,3,10.32,1
107845,Prepaid,South,App,67,17.01,12.78,0,2,17.33,0
107846,Postpaid,Central,Store,18,29.44,31.23,0,4,37.51,0
107847,Prepaid,West,Web,47,19.82,17.39,2,0,22.08,1
107848,Prepaid,West,Partner,13,17.65,8.03,6,1,17.65,1
107849,Postpaid,West,Web,53,24.81,18.27,3,0,27.45,0
107850,Postpaid,West,App,56,40.92,23.93,0,1,45.93,0
107851,Family,Central,App,56,42.31,12.31,2,2,42.44,0
107852,Postpaid,South,Store,20,28.73,17.63,0,4,31.1,1
107853,Postpaid,Central,Web,59,26.14,18.14,1,2,28.72,0
107854,Prepaid,North,App,12,18.76,14.21,0,2,19.68,0
107855,Family,North,App,53,34.29,13.25,2,1,34.81,0
107856,Prepaid,West,App,34,16.47,7.51,0,2,16.47,1
107857,Prepaid,West,App,13,10.76,16.17,1,3,12.51,0
107858,Family,Central,Web,71,26.76,21.43,1,4,30.72,0
107859,Family,South,Partner,55,35.51,39.63,0,1,47.12,0
107860,Postpaid,North,App,11,26.79,17.93,2,5,29.28,1
107861,Prepaid,East,Store,29,17.16,3.42,1,3,17.16,0
107862,Prepaid,Central,App,54,17.75,4.83,0,1,17.75,0
107863,Postpaid,Central,App,15,32.14,20.66,4,4,35.78,1
107864,Family,Central,App,35,41.59,15.36,2,1,43.0,0
107865,Postpaid,East,App,8,39.02,14.54,3,0,40.09,1
107866,Prepaid,Central,App,2,19.57,9.79,1,3,19.57,0
107867,Prepaid,South,Web,18,9.52,2.92,1,5,9.52,0
107868,Postpaid,Central,Web,52,27.18,14.81,0,1,28.37,1
107869,Postpaid,East,Store,37,35.05,15.66,0,1,36.59,0
107870,Prepaid,South,Store,23,28.35,3.71,2,4,28.35,0
107871,Prepaid,East,App,18,13.04,3.63,4,0,13.04,1
107872,Prepaid,West,App,58,13.85,12.46,0,0,14.04,0
107873,Prepaid,South,App,48,9.58,9.48,2,6,9.58,1
107874,Postpaid,North,App,63,23.03,11.49,1,0,23.03,1
107875,Prepaid,West,App,70,29.46,16.72,1,1,31.44,0
107876,Postpaid,Central,Partner,46,25.77,6.59,1,5,25.77,0
107877,Family,West,Partner,4,43.53,28.72,0,4,50.55,1
107878,Business,North,Web,68,53.27,23.33,0,5,58.03,0
107879,Business,West,Store,10,55.52,28.51,0,2,62.45,0
107880,Prepaid,North,Web,52,18.25,9.53,1,3,18.25,1
107881,Prepaid,South,Store,18,18.64,8.62,2,2,18.64,1
107882,Prepaid,North,Web,56,21.93,9.81,0,2,21.93,0
107883,Postpaid,East,App,58,26.8,9.19,0,2,26.8,1
107884,Prepaid,South,Partner,58,12.89,12.46,1,4,13.09,0
107885,Postpaid,North,Web,20,35.08,18.37,1,3,37.75,1
107886,Prepaid,South,App,47,12.97,8.35,2,1,12.97,0
107887,Prepaid,West,Store,14,14.15,9.22,0,4,14.15,0
107888,Postpaid,South,Web,64,29.62,25.96,2,1,35.49,0
107889,Postpaid,North,Partner,12,22.35,15.19,0,0,23.69,0
107890,Postpaid,East,App,61,25.04,15.0,0,2,26.3,0
107891,Family,West,Store,11,29.72,19.12,0,2,32.71,0
107892,Prepaid,West,App,21,17.54,10.91,1,2,17.54,0
107893,Prepaid,East,App,52,13.83,13.56,0,1,14.48,0
107894,Postpaid,West,App,70,30.51,26.53,2,3,36.61,0
107895,Postpaid,West,App,51,28.47,24.04,0,5,33.53,1
107896,Postpaid,West,App,25,30.22,18.38,2,3,32.9,1
107897,Prepaid,East,Store,23,20.04,12.9,2,0,20.42,0
107898,Business,North,Web,46,49.7,23.38,0,3,54.48,0
107899,Prepaid,South,Store,33,24.97,11.65,2,1,24.97,0
107900,Postpaid,South,App,15,25.34,9.76,0,1,25.34,0
107901,Postpaid,South,Store,46,33.78,2.94,1,3,33.78,0
107902,Business,Central,Web,32,57.39,33.92,1,2,66.6,0
107903,Postpaid,South,Store,71,26.68,11.53,0,7,26.68,1
107904,Business,East,Store,3,62.39,20.79,1,2,66.08,1
107905,Prepaid,Central,App,54,16.59,9.1,0,3,16.59,1
107906,Postpaid,West,App,58,27.27,12.88,0,0,27.64,0
107907,Family,South,Partner,58,47.35,9.0,0,1,47.35,0
107908,Postpaid,Central,App,51,30.93,22.96,1,1,35.53,0
107909,Postpaid,South,App,71,32.03,9.11,1,1,32.03,0
107910,Business,North,App,23,49.55,29.78,3,2,57.02,1
107911,Prepaid,East,Store,28,16.82,2.57,3,3,16.82,1
107912,Postpaid,South,Web,68,27.12,16.47,1,5,29.0,0
107913,Family,West,Web,5,41.76,12.53,1,4,41.98,0
107914,Family,South,Web,60,35.0,31.33,2,6,43.12,0
107915,Business,West,App,54,54.85,31.2,1,3,62.92,0
107916,Family,North,App,43,27.29,19.99,5,0,30.65,0
107917,Prepaid,Central,Partner,9,9.67,6.72,2,2,9.67,0
107918,Business,North,Store,45,52.83,14.44,0,2,53.85,0
107919,Postpaid,Central,Web,32,25.77,15.17,1,1,27.1,0
107920,Postpaid,North,Store,7,35.18,10.92,0,2,35.18,0
107921,Postpaid,Central,App,54,33.42,6.41,3,4,33.42,0
107922,Family,West,Partner,59,38.89,34.79,3,3,48.46,0
107923,Postpaid,West,App,41,23.93,11.69,0,3,23.93,0
107924,Family,North,Web,12,44.69,16.34,3,2,46.51,0
107925,Prepaid,West,App,27,11.87,12.56,0,3,12.11,1
107926,Prepaid,West,Store,39,13.04,15.53,2,5,14.52,0
107927,Postpaid,East,Store,38,36.96,6.34,2,1,36.96,0
107928,Prepaid,West,App,43,22.9,9.28,0,1,22.9,1
107929,Postpaid,Central,Partner,18,25.21,23.84,2,0,30.18,0
107930,Prepaid,Central,App,58,16.15,5.89,1,4,16.15,1
107931,Postpaid,East,Store,6,33.13,13.22,4,2,33.65,0
107932,Prepaid,North,App,72,23.81,4.09,1,5,23.81,1
107933,Prepaid,North,Web,30,13.54,7.88,1,6,13.54,1
107934,Postpaid,West,Store,60,32.38,1.02,3,2,32.38,0
107935,Prepaid,Central,Store,5,14.68,8.11,2,5,14.68,1
107936,Prepaid,East,Web,49,11.66,1.36,1,1,11.66,0
107937,Prepaid,North,Web,71,17.26,7.9,4,4,17.26,0
107938,Prepaid,South,Partner,70,16.41,7.04,0,5,16.41,0
107939,Postpaid,South,Web,33,28.08,11.82,4,1,28.08,1
107940,Prepaid,Central,App,27,27.67,12.44,3,3,27.86,1
107941,Postpaid,West,Web,64,31.13,5.65,0,5,31.13,0
107942,Postpaid,North,App,46,27.62,6.65,5,4,27.62,0
107943,Postpaid,South,App,69,32.67,19.36,4,3,35.76,0
107944,Postpaid,North,Store,17,32.0,9.15,3,3,32.0,0
107945,Prepaid,West,Store,33,21.73,8.31,0,2,21.73,0
107946,Business,West,Store,23,57.58,24.71,0,4,62.92,0
107947,Postpaid,North,Store,31,34.54,20.41,0,3,38.07,0
107948,Prepaid,South,Web,63,16.65,10.06,3,3,16.65,0
107949,Family,Central,Partner,65,41.4,15.1,2,3,42.7,0
107950,Postpaid,West,App,43,35.11,14.13,4,1,36.01,0
107951,Postpaid,East,App,3,19.27,20.29,0,4,22.76,1
107952,Family,East,App,32,42.73,19.1,0,6,45.72,0
107953,Prepaid,Central,App,36,15.6,11.44,0,3,15.6,0
107954,Family,West,Partner,52,25.98,31.12,0,1,34.02,1
107955,Postpaid,Central,App,20,28.96,27.81,3,4,35.6,1
107956,Postpaid,North,App,42,23.35,8.75,0,2,23.35,0
107957,Prepaid,South,App,55,13.15,9.75,3,1,13.15,0
107958,Prepaid,North,App,42,25.62,9.91,3,2,25.62,0
107959,Business,Central,Store,61,42.76,32.91,0,2,51.54,0
107960,Prepaid,West,Partner,19,14.22,2.16,3,2,14.22,1
107961,Prepaid,North,Web,45,12.0,7.54,0,1,12.0,0
107962,Postpaid,Central,App,33,30.82,13.35,3,2,31.39,0
107963,Postpaid,Central,Web,30,32.18,8.84,2,3,32.18,0
107964,Prepaid,South,Web,31,19.23,11.22,2,1,19.23,0
107965,Family,West,App,40,30.19,16.17,2,3,31.94,1
107966,Postpaid,West,Web,37,23.49,20.75,3,1,27.16,0
107967,Family,North,Store,42,38.81,13.94,1,3,39.62,1
107968,Prepaid,West,Web,70,13.6,5.44,0,2,13.6,0
107969,Prepaid,South,App,46,8.0,7.93,1,0,8.0,0
107970,Postpaid,Central,Web,40,17.67,12.44,3,2,17.85,1
107971,Prepaid,West,Web,67,16.47,8.37,1,1,16.47,1
107972,Postpaid,Central,Web,18,35.72,0.2,3,3,35.72,0
107973,Prepaid,West,App,18,19.44,0.2,2,3,19.44,0
107974,Family,North,App,9,51.61,6.63,0,1,51.61,0
107975,Family,South,Web,15,48.39,25.51,1,3,54.06,1
107976,Family,West,Web,6,32.87,12.86,0,4,33.23,0
107977,Business,South,Partner,14,57.61,6.14,1,2,57.61,1
107978,Family,West,Store,48,33.14,18.62,0,0,35.92,0
107979,Postpaid,South,App,51,35.54,19.62,2,3,38.74,0
107980,Postpaid,North,Web,47,29.25,15.28,1,1,30.63,1
107981,Family,East,Web,66,37.28,24.47,2,2,42.52,1
107982,Business,West,Store,62,53.29,31.5,1,1,61.48,0
107983,Business,East,Web,24,57.85,23.5,0,2,62.69,0
107984,Family,West,App,14,24.44,27.11,3,0,30.79,1
107985,Prepaid,East,App,31,17.2,11.14,1,1,17.2,1
107986,Business,West,App,67,56.82,26.52,1,3,62.92,0
107987,Business,West,App,70,45.16,20.37,2,0,48.68,0
107988,Postpaid,East,Web,15,30.5,18.0,3,3,33.02,0
107989,Family,East,App,11,29.38,6.26,2,0,29.38,0
107990,Postpaid,East,Partner,54,27.5,32.96,0,3,36.3,0
107991,Business,North,App,64,55.13,32.02,1,3,63.54,0
107992,Prepaid,West,Web,69,19.19,8.95,1,3,19.19,0
107993,Family,South,Store,70,32.87,14.41,2,2,33.88,0
107994,Prepaid,Central,App,21,12.3,6.71,2,0,12.3,0
107995,Prepaid,West,Store,58,17.95,5.42,0,3,17.95,0
107996,Prepaid,East,Partner,49,18.72,9.46,1,3,18.72,1
107997,Postpaid,Central,Partner,25,29.43,18.69,0,4,32.23,0
107998,Prepaid,West,App,2,19.32,8.95,1,3,19.32,0
107999,Business,North,Store,48,43.09,16.79,1,2,45.1,0
108000,Postpaid,West,App,27,26.62,9.53,0,4,26.62,0
108001,Family,Central,Store,21,42.5,21.23,1,2,46.38,0
108002,Prepaid,North,App,1,20.27,5.12,0,1,20.27,0
108003,Prepaid,South,Partner,9,21.79,7.8,0,0,21.79,0
108004,Family,West,Store,14,45.13,18.82,2,4,47.99,1
108005,Postpaid,East,App,8,16.91,14.58,2,3,17.99,0
108006,Postpaid,West,Partner,69,33.21,15.57,0,4,34.71,0
108007,Family,East,Web,1,40.78,5.39,0,1,40.78,1
108008,Family,West,App,28,39.27,23.92,0,4,44.27,0
108009,Postpaid,North,Web,71,32.8,17.83,1,4,35.24,0
108010,Business,East,Store,9,49.64,28.94,0,0,56.75,0
108011,Postpaid,Central,App,48,13.16,9.53,0,2,13.16,0
108012,Postpaid,South,App,19,23.63,20.63,0,1,27.25,1
108013,Postpaid,East,App,24,44.6,0.45,2,1,44.6,1
108014,Prepaid,North,App,32,21.04,4.86,3,6,21.04,1
108015,Prepaid,South,Web,42,17.35,15.3,0,1,18.74,0
108016,Family,East,App,55,48.78,2.59,2,3,48.78,1
108017,Postpaid,South,Store,45,36.45,22.12,1,2,40.7,1
108018,Prepaid,West,Partner,2,13.37,15.08,3,0,14.66,1
108019,Postpaid,West,Partner,14,25.85,0.2,0,1,25.85,1
108020,Prepaid,Central,Web,46,18.06,7.08,0,5,18.06,0
108021,Prepaid,Central,Web,21,19.2,8.5,2,3,19.2,0
108022,Business,South,Partner,5,41.14,25.21,3,3,46.69,1
108023,Postpaid,North,Web,40,24.14,15.73,1,4,25.7,0
108024,Prepaid,Central,Store,23,14.23,9.18,2,5,14.23,1
108025,Postpaid,South,App,61,30.12,6.09,0,3,30.12,0
108026,Postpaid,South,App,65,34.5,9.82,1,7,34.5,0
108027,Family,North,Store,10,33.66,12.99,3,1,34.07,1
108028,Business,West,App,56,47.9,30.02,0,2,55.47,0
108029,Postpaid,South,App,62,39.13,15.21,2,2,40.47,0
108030,Postpaid,North,App,47,20.27,18.71,0,3,23.09,1
108031,Postpaid,East,Store,44,40.82,12.39,3,7,40.98,0
108032,Postpaid,West,App,34,21.87,21.67,0,5,25.93,1
108033,Prepaid,South,App,36,16.61,5.86,1,6,16.61,0
108034,Prepaid,West,Store,6,9.35,7.78,2,3,9.35,1
108035,Family,East,App,11,19.28,16.51,1,1,21.18,1
108036,Postpaid,South,Store,50,20.39,11.23,0,1,20.39,0
108037,Postpaid,South,App,40,30.98,14.47,2,1,32.02,0
108038,Prepaid,North,Web,13,18.67,4.89,3,5,18.67,0
108039,Family,South,Web,26,42.01,23.42,2,0,46.8,0
108040,Prepaid,Central,App,47,25.24,9.51,3,3,25.24,1
108041,Postpaid,North,Web,14,18.36,15.69,1,0,19.91,1
108042,Family,Central,Web,16,35.36,17.36,2,5,37.61,1
108043,Postpaid,North,Partner,64,29.8,20.76,0,4,33.48,0
108044,Business,South,Web,33,57.68,25.92,2,1,63.53,0
108045,Prepaid,West,Store,34,9.14,11.6,1,4,9.14,0
108046,Postpaid,West,App,6,24.72,5.45,3,1,24.72,1
108047,Business,North,App,6,67.24,29.51,4,1,74.59,0
108048,Postpaid,North,App,47,30.58,7.97,2,1,30.58,0
108049,Postpaid,West,Store,22,34.27,16.16,4,3,36.02,0
108050,Postpaid,South,Partner,21,25.45,27.6,0,2,32.0,0
108051,Family,West,App,14,43.52,10.46,2,3,43.52,0
108052,Family,West,Store,55,38.59,14.56,3,2,39.66,0
108053,Postpaid,North,Partner,68,34.38,15.57,1,1,35.88,0
108054,Business,Central,App,19,59.03,10.54,0,3,59.03,1
108055,Postpaid,North,App,18,33.47,13.63,1,2,34.16,0
108056,Postpaid,Central,App,57,24.93,25.71,3,2,30.69,0
108057,Prepaid,Central,App,37,19.72,12.48,1,5,19.93,1
108058,Postpaid,West,Store,58,20.07,30.06,1,1,27.66,0
108059,Family,Central,App,54,43.92,15.64,2,3,45.45,1
108060,Postpaid,West,Store,58,34.05,14.56,2,1,35.13,0
108061,Prepaid,North,App,12,20.85,14.93,2,5,22.08,1
108062,Postpaid,North,Web,39,32.41,16.02,2,5,34.1,0
108063,Family,North,App,32,46.96,15.75,1,2,48.54,0
108064,Business,East,Store,63,56.36,18.9,2,1,59.26,1
108065,Prepaid,West,App,48,23.5,9.28,1,3,23.5,0
108066,Prepaid,East,Web,54,20.5,4.81,2,1,20.5,0
108067,Postpaid,West,Store,64,25.61,13.57,1,2,26.27,0
108068,Prepaid,East,App,50,21.13,0.2,2,2,21.13,1
108069,Business,North,Store,48,57.06,24.16,3,6,62.17,1
108070,Postpaid,South,App,39,31.03,10.87,0,4,31.03,0
108071,Postpaid,Central,Web,6,35.67,26.68,2,3,41.84,0
108072,Prepaid,South,Partner,52,21.73,6.68,0,1,21.73,0
108073,Postpaid,South,App,24,26.57,20.34,2,0,30.07,1
108074,Business,North,Store,9,50.7,37.36,1,3,61.35,0
108075,Postpaid,Central,App,26,28.81,20.7,1,2,32.47,0
108076,Prepaid,South,Web,25,26.05,7.54,1,1,26.05,0
108077,Prepaid,West,App,28,21.61,6.32,0,1,21.61,1
108078,Business,North,Store,21,42.27,23.21,2,3,46.98,0
108079,Business,North,Web,68,52.68,30.69,0,3,60.54,0
108080,Prepaid,West,App,64,18.37,3.74,1,1,18.37,0
108081,Postpaid,West,Web,3,25.35,12.15,1,3,25.42,0
108082,Prepaid,West,App,36,20.1,6.18,1,4,20.1,0
108083,Postpaid,South,Partner,22,40.95,31.89,2,3,49.3,1
108084,Prepaid,Central,Web,62,20.73,6.64,0,1,20.73,0
108085,Family,East,App,36,55.6,21.5,3,2,59.59,0
108086,Business,Central,App,46,54.28,17.31,2,2,56.51,1
108087,Prepaid,North,Store,7,15.48,6.28,1,2,15.48,1
108088,Postpaid,South,Web,52,27.77,15.15,3,4,29.09,0
108089,Prepaid,South,App,35,20.1,0.2,4,1,20.1,0
108090,Prepaid,West,Partner,64,15.53,0.2,0,1,15.53,0
108091,Prepaid,West,Web,8,12.96,13.86,2,4,13.74,1
108092,Prepaid,East,Partner,22,19.27,9.1,0,2,19.27,1
108093,Business,North,App,61,59.5,27.25,0,4,65.9,0
108094,Prepaid,North,App,17,18.58,10.34,1,7,18.58,1
108095,Family,North,App,20,40.83,26.28,0,3,46.82,0
108096,Prepaid,Central,App,22,21.97,9.04,1,0,21.97,0
108097,Postpaid,South,App,38,30.3,9.54,1,2,30.3,0
108098,Postpaid,North,App,4,27.8,20.28,1,4,31.28,1
108099,Business,South,Web,45,52.56,40.38,4,3,64.48,0
108100,Prepaid,North,App,59,17.42,10.42,0,4,17.42,0
108101,Prepaid,Central,App,23,14.82,3.69,3,0,14.82,0
108102,Family,South,Store,13,47.28,23.22,3,2,52.0,1
108103,Family,Central,Web,26,47.59,18.78,1,4,50.43,0
108104,Postpaid,West,Web,47,38.69,17.83,1,4,41.14,0
108105,Prepaid,East,Store,37,22.01,9.52,1,3,22.01,1
108106,Prepaid,East,App,44,18.02,12.24,1,6,18.12,0
108107,Family,West,Store,58,26.1,14.63,0,3,27.21,0
108108,Postpaid,West,Store,69,37.01,8.63,1,4,37.01,0
108109,Postpaid,North,App,33,37.23,4.97,1,4,37.23,0
108110,Prepaid,Central,App,55,19.69,7.95,0,3,19.69,1
108111,Prepaid,South,Partner,36,21.67,12.67,1,4,21.96,1
108112,Business,South,App,10,37.8,29.3,1,3,45.07,0
108113,Family,South,App,43,46.18,12.7,1,2,46.48,1
108114,Prepaid,West,App,69,14.08,14.54,1,2,15.15,1
108115,Business,South,Partner,31,52.0,25.22,0,1,57.55,0
108116,Postpaid,South,Store,39,34.06,13.12,1,4,34.53,0
108117,Prepaid,North,Partner,53,16.61,2.85,1,1,16.61,0
108118,Postpaid,East,Web,60,21.77,12.2,0,2,21.85,0
108119,Family,North,Web,1,31.11,27.95,2,3,37.81,1
108120,Postpaid,Central,App,5,36.53,17.31,1,2,38.76,1
108121,Postpaid,South,App,35,39.5,19.56,1,3,42.67,0
108122,Postpaid,Central,Web,9,29.08,19.8,1,7,32.35,0
108123,Prepaid,West,Partner,67,8.26,5.22,0,3,8.26,0
108124,Business,West,Web,51,55.09,4.05,2,1,55.09,1
108125,Postpaid,Central,Partner,45,41.63,10.59,1,2,41.63,0
108126,Postpaid,South,Web,43,24.97,32.55,0,2,33.6,1
108127,Postpaid,East,Store,36,28.96,21.15,1,4,32.8,0
108128,Postpaid,North,Store,4,37.31,17.58,1,2,39.65,0
108129,Postpaid,North,Store,56,30.48,13.12,2,5,30.95,0
108130,Postpaid,South,App,35,27.67,22.7,1,5,32.17,0
108131,Family,West,App,29,37.11,28.9,1,1,44.21,0
108132,Family,West,App,32,33.81,22.18,0,2,38.09,1
108133,Family,South,App,34,41.16,12.42,1,2,41.33,0
108134,Prepaid,West,App,68,22.97,6.11,0,6,22.97,0
108135,Postpaid,South,Web,15,19.49,9.2,3,0,19.49,0
108136,Postpaid,North,Store,13,28.6,9.81,1,2,28.6,0
108137,Prepaid,North,Store,9,22.66,9.79,0,3,22.66,0
108138,Family,East,Web,45,51.45,18.6,2,4,54.22,1
108139,Prepaid,East,App,2,17.14,17.55,4,6,19.47,1
108140,Prepaid,South,Store,58,11.04,10.22,1,3,11.04,0
108141,Prepaid,North,Store,53,17.44,4.24,3,2,17.44,1
108142,Prepaid,East,App,52,16.2,11.03,1,3,16.2,0
108143,Prepaid,West,Store,34,18.08,6.58,1,3,18.08,0
108144,Postpaid,North,Web,30,31.59,15.6,1,2,33.11,0
108145,Postpaid,West,App,68,32.06,13.21,1,2,32.56,1
108146,Prepaid,West,Web,60,20.67,8.81,0,5,20.67,0
108147,Prepaid,East,App,13,16.25,9.85,1,0,16.25,0
108148,Family,North,Store,19,34.07,10.09,1,3,34.07,0
108149,Prepaid,Central,Web,18,25.19,5.13,0,3,25.19,1
108150,Postpaid,East,Web,35,17.34,10.98,0,2,17.34,0
108151,Postpaid,South,Store,46,27.44,10.34,1,5,27.44,0
108152,Postpaid,Central,Store,16,39.14,12.51,0,1,39.35,1
108153,Family,Central,App,4,43.48,5.45,1,1,43.48,1
108154,Postpaid,West,Web,28,15.27,4.06,2,3,15.27,0
108155,Business,West,Store,37,54.72,33.11,0,3,63.59,0
108156,Family,North,App,49,34.85,16.55,3,4,36.76,0
108157,Prepaid,West,App,9,21.2,5.44,2,3,21.2,0
108158,Prepaid,South,Partner,50,24.16,11.44,0,1,24.16,1
108159,Postpaid,Central,App,12,36.57,5.85,4,4,36.57,1
108160,Postpaid,South,Partner,22,32.37,16.53,1,0,34.27,0
108161,Postpaid,North,App,37,27.53,10.79,1,3,27.53,0
108162,Prepaid,East,App,8,10.64,3.89,2,3,10.64,0
108163,Prepaid,West,Store,41,18.36,9.73,1,3,18.36,0
108164,Postpaid,East,Store,3,28.28,21.11,1,4,32.1,1
108165,Postpaid,West,Store,16,25.68,0.2,2,5,25.68,0
108166,Postpaid,North,App,41,20.3,9.96,0,2,20.3,1
108167,Business,North,Store,20,58.75,27.07,3,5,65.08,0
108168,Prepaid,East,Web,32,22.17,7.34,2,3,22.17,1
108169,Postpaid,South,App,21,33.13,22.69,1,1,37.62,0
108170,Business,West,Store,37,52.81,27.39,2,2,59.27,1
108171,Postpaid,Central,App,11,32.11,15.82,1,4,33.72,1
108172,Postpaid,West,App,12,29.01,7.85,2,1,29.01,1
108173,Postpaid,East,App,70,22.35,12.24,0,3,22.45,0
108174,Prepaid,East,App,24,21.71,2.45,0,2,21.71,0
108175,Family,Central,Web,50,41.6,18.76,1,5,44.44,1
108176,Postpaid,West,Partner,1,43.95,19.07,3,5,46.92,0
108177,Postpaid,West,App,8,26.44,12.46,3,4,26.63,0
108178,Postpaid,South,App,57,23.72,9.35,0,4,23.72,0
108179,Postpaid,West,Partner,26,23.0,18.88,1,2,25.89,1
108180,Prepaid,North,App,22,19.0,4.29,4,1,19.0,0
108181,Family,West,App,13,32.75,16.71,1,2,34.73,0
108182,Postpaid,Central,Web,20,35.35,16.2,4,4,37.11,1
108183,Prepaid,Central,App,17,13.72,5.43,2,4,13.72,0
108184,Postpaid,North,Store,58,32.31,18.27,0,1,34.95,0
108185,Business,West,Partner,68,67.79,28.05,0,1,74.53,1
108186,Postpaid,North,Store,3,31.44,6.11,0,3,31.44,1
108187,Postpaid,East,Web,10,17.41,15.75,1,3,18.98,1
108188,Postpaid,West,App,46,27.92,21.1,3,1,31.75,0
108189,Family,East,App,64,34.43,7.9,2,1,34.43,1
108190,Postpaid,South,Partner,23,32.76,29.9,0,3,40.28,1
108191,Family,West,Partner,61,42.75,5.62,2,5,42.75,0
108192,Prepaid,West,Web,1,12.93,7.37,1,5,12.93,1
108193,Business,East,App,54,50.53,40.37,1,0,62.44,0
108194,Family,East,Web,68,41.88,23.84,3,3,46.86,0
108195,Postpaid,West,App,36,32.86,6.08,1,2,32.86,0
108196,Postpaid,South,Store,43,34.41,23.59,3,1,39.28,0
108197,Prepaid,North,Web,19,10.33,16.35,2,4,12.16,0
108198,Postpaid,East,App,57,29.71,2.06,3,2,29.71,0
108199,Prepaid,West,Store,60,8.0,8.51,0,3,8.0,1
108200,Prepaid,South,Web,60,18.4,9.16,0,4,18.4,0
108201,Business,North,Partner,61,58.43,14.85,2,2,59.62,0
108202,Prepaid,Central,App,6,12.4,5.71,1,1,12.4,0
108203,Postpaid,Central,App,38,37.67,14.88,1,4,38.88,1
108204,Prepaid,West,Store,37,16.58,2.67,4,3,16.58,0
108205,Postpaid,West,App,4,33.4,23.94,3,4,38.42,1
108206,Postpaid,Central,App,58,36.03,4.59,1,7,36.03,0
108207,Prepaid,East,App,14,18.95,0.2,2,4,18.95,0
108208,Postpaid,South,App,31,31.04,0.2,1,3,31.04,0
108209,Business,West,Store,5,48.58,36.36,3,4,58.81,1
108210,Postpaid,Central,Partner,57,43.59,6.49,0,4,43.59,0
108211,Business,West,Web,13,43.08,6.46,1,0,43.08,0
108212,Postpaid,North,Store,38,28.73,9.59,0,4,28.73,0
108213,Postpaid,Central,App,37,38.76,16.89,1,0,40.82,1
108214,Prepaid,West,Web,7,18.4,11.25,3,3,18.4,0
108215,Prepaid,South,Store,62,13.59,5.48,0,1,13.59,1
108216,Family,Central,Web,1,30.6,20.24,1,4,34.06,0
108217,Postpaid,West,Store,48,36.22,11.68,2,2,36.22,0
108218,Postpaid,West,Web,13,28.53,18.7,0,3,31.34,0
108219,Family,Central,App,44,34.93,13.05,2,1,35.37,1
108220,Prepaid,North,Web,17,22.99,6.1,1,4,22.99,0
108221,Family,West,Web,54,37.95,21.71,0,1,42.03,0
108222,Prepaid,South,App,41,10.28,13.01,2,1,10.7,1
108223,Business,Central,Partner,47,46.79,18.79,1,0,49.64,0
108224,Prepaid,Central,App,72,12.71,1.47,3,4,12.71,0
108225,Prepaid,West,App,32,28.56,0.2,1,2,28.56,1
108226,Postpaid,West,Web,55,20.37,13.53,2,5,21.02,0
108227,Prepaid,West,Store,59,11.67,12.17,4,1,11.74,0
108228,Business,South,App,24,54.7,21.26,2,1,58.59,0
108229,Postpaid,South,App,23,29.38,21.43,2,5,33.34,0
108230,Prepaid,North,App,51,24.47,3.36,2,5,24.47,1
108231,Prepaid,West,App,67,11.38,7.73,0,2,11.38,0
108232,Business,West,Store,2,42.83,23.11,2,4,47.5,0
108233,Postpaid,West,App,9,31.17,13.61,0,2,31.84,1
108234,Family,South,Store,13,39.95,2.88,1,8,39.95,0
108235,Prepaid,West,Store,46,11.23,9.5,0,5,11.23,0
108236,Business,East,Web,31,48.7,27.05,0,1,55.02,0
108237,Postpaid,Central,Partner,37,32.8,18.5,1,5,35.53,1
108238,Postpaid,Central,App,23,37.24,7.86,0,3,37.24,0
108239,Postpaid,East,App,31,27.67,12.63,1,5,27.94,0
108240,Prepaid,West,App,56,23.79,4.21,1,0,23.79,0
108241,Business,North,App,31,51.23,21.32,1,3,55.14,0
108242,Business,North,Store,29,46.75,29.09,2,1,53.93,0
108243,Postpaid,West,App,4,26.1,4.2,1,3,26.1,0
108244,Business,West,Web,28,52.34,27.05,0,3,58.67,0
108245,Prepaid,North,Partner,55,20.16,12.48,2,4,20.37,1
108246,Prepaid,South,App,10,11.87,10.86,0,4,11.87,0
108247,Prepaid,East,App,26,15.45,7.75,0,5,15.45,1
108248,Postpaid,North,Web,21,24.9,13.14,1,5,25.38,0
108249,Prepaid,East,Web,35,11.66,7.94,1,3,11.66,0
108250,Postpaid,East,App,60,33.81,20.34,1,1,37.31,0
108251,Prepaid,Central,Store,62,18.66,11.03,1,4,18.66,0
108252,Family,South,App,28,38.11,17.34,2,3,40.35,0
108253,Family,North,Store,42,28.91,14.89,1,3,30.13,1
108254,Postpaid,North,Web,59,32.83,12.62,2,5,33.09,0
108255,Prepaid,North,App,62,16.25,0.2,2,4,16.25,0
108256,Family,West,App,44,49.35,38.83,0,3,60.62,0
108257,Prepaid,East,Store,10,21.92,0.76,2,1,21.92,1
108258,Family,North,Store,28,40.56,10.69,1,1,40.56,1
108259,Postpaid,Central,Partner,21,20.49,2.25,2,8,20.49,1
108260,Postpaid,West,Store,49,24.83,3.37,2,0,24.83,0
108261,Prepaid,North,Web,17,17.73,17.2,0,2,19.91,1
108262,Family,South,Web,3,31.92,10.79,2,3,31.92,0
108263,Business,Central,Web,64,58.23,29.86,1,1,65.73,0
108264,Postpaid,West,App,8,35.63,5.69,2,2,35.63,0
108265,Business,Central,App,57,55.83,34.56,0,1,65.31,0
108266,Business,North,Store,69,57.9,22.54,1,8,62.33,0
108267,Prepaid,West,App,61,20.39,10.41,1,1,20.39,0
108268,Family,North,App,36,38.3,24.77,1,2,43.67,0
108269,Postpaid,South,App,41,33.27,18.17,1,6,35.86,0
108270,Postpaid,West,Partner,52,26.63,18.31,0,5,29.28,1
108271,Prepaid,West,Web,16,9.7,8.85,0,5,9.7,1
108272,Business,North,Web,31,60.68,43.14,3,0,73.75,1
108273,Family,South,Partner,28,39.07,20.95,1,3,42.84,1
108274,Prepaid,West,Web,20,20.18,16.04,2,1,21.87,1
108275,Postpaid,North,Store,40,27.74,20.14,1,5,31.16,0
108276,Postpaid,South,Store,31,28.2,15.5,2,2,29.67,1
108277,Family,North,Web,2,37.66,15.11,0,4,38.97,0
108278,Business,North,Web,7,42.43,38.15,2,3,53.41,0
108279,Prepaid,West,Web,47,14.82,7.44,3,2,14.82,1
108280,Postpaid,North,Store,40,27.84,19.71,0,3,31.08,0
108281,Postpaid,East,Web,62,37.67,14.32,3,2,38.65,0
108282,Postpaid,West,Store,6,27.0,16.38,1,2,28.85,0
108283,Postpaid,North,App,24,23.61,22.22,1,3,27.9,0
108284,Prepaid,West,App,28,14.83,11.14,1,0,14.83,0
108285,Prepaid,South,App,49,13.92,0.2,2,6,13.92,1
108286,Postpaid,West,App,32,16.91,9.96,0,3,16.91,0
108287,Family,West,Web,35,50.41,24.13,2,2,55.51,1
108288,Postpaid,West,App,67,32.86,0.2,0,2,32.86,0
108289,Prepaid,South,Partner,1,18.29,12.74,6,2,18.6,1
108290,Family,West,App,65,40.72,13.11,2,4,41.18,0
108291,Business,West,App,21,53.99,31.63,1,0,62.24,1
108292,Postpaid,South,Store,3,36.9,9.74,1,0,36.9,0
108293,Prepaid,North,App,39,14.65,12.33,0,1,14.79,0
108294,Postpaid,North,App,16,29.67,14.48,1,5,30.71,1
108295,Postpaid,South,App,53,36.77,19.92,2,6,40.1,0
108296,Postpaid,South,Store,55,17.84,22.14,0,2,22.1,0
108297,Prepaid,Central,App,29,28.21,6.25,0,2,28.21,0
108298,Prepaid,Central,Store,57,25.42,7.82,4,4,25.42,1
108299,Postpaid,North,App,14,22.27,20.85,1,1,25.98,1
108300,Postpaid,Central,App,25,31.3,11.63,1,2,31.3,0
108301,Postpaid,West,App,5,33.9,21.43,0,3,37.85,1
108302,Prepaid,East,App,47,8.0,12.73,2,3,8.31,0
108303,Postpaid,Central,Web,52,21.0,18.99,0,1,23.94,0
108304,Family,West,Store,55,38.79,14.52,2,3,39.85,1
108305,Prepaid,West,Store,27,20.99,3.96,0,6,20.99,1
108306,Postpaid,South,Web,61,29.79,9.72,0,2,29.79,0
108307,Postpaid,South,App,47,22.92,23.21,0,2,27.63,0
108308,Postpaid,Central,Web,42,27.07,10.79,0,2,27.07,0
108309,Business,South,Web,16,66.5,25.2,2,2,72.04,0
108310,Family,North,Web,61,35.75,34.87,4,1,45.36,1
108311,Prepaid,South,Web,55,16.3,9.72,0,5,16.3,0
108312,Prepaid,East,App,64,16.12,7.39,1,1,16.12,0
108313,Prepaid,South,Store,25,19.36,12.68,0,0,19.65,1
108314,Prepaid,Central,Store,40,25.22,12.11,4,2,25.27,0
108315,Postpaid,East,Web,4,30.79,11.65,0,5,30.79,0
108316,Family,Central,App,44,38.4,22.64,1,0,42.86,0
108317,Family,West,App,37,34.03,18.57,0,1,36.78,0
108318,Prepaid,East,Partner,59,8.69,11.74,1,5,8.69,0
108319,Postpaid,North,Store,53,44.82,7.72,0,1,44.82,0
108320,Prepaid,South,App,72,26.4,6.55,4,4,26.4,1
108321,Postpaid,Central,App,68,24.73,12.02,2,3,24.74,0
108322,Prepaid,West,Store,13,27.44,9.39,0,5,27.44,0
108323,Business,East,App,70,56.92,22.49,2,2,61.32,0
108324,Family,Central,App,3,45.88,21.85,1,5,50.02,0
108325,Prepaid,West,Partner,33,10.84,0.2,0,3,10.84,0
108326,Postpaid,North,App,68,25.63,20.96,0,2,29.39,0
108327,Postpaid,West,App,45,28.49,13.29,1,4,29.03,1
108328,Family,West,Web,72,41.26,24.66,1,2,46.58,0
108329,Postpaid,West,App,41,34.12,6.34,0,3,34.12,0
108330,Prepaid,North,App,50,29.33,7.88,1,3,29.33,0
108331,Postpaid,South,Store,39,25.85,1.81,1,3,25.85,1
108332,Prepaid,East,Web,67,16.45,9.59,2,7,16.45,1
108333,Postpaid,South,App,9,28.07,12.53,1,3,28.29,0
108334,Prepaid,North,Web,29,15.41,10.49,1,2,15.41,0
108335,Postpaid,West,Web,49,32.32,9.58,0,3,32.32,0
108336,Family,East,Store,36,43.83,1.96,0,3,43.83,0
108337,Prepaid,North,Store,70,21.84,11.56,2,2,21.84,0
108338,Postpaid,East,Web,42,29.86,19.25,2,6,32.91,0
108339,Family,North,App,10,36.11,25.58,3,4,41.82,0
108340,Prepaid,South,Store,45,23.11,3.03,4,0,23.11,1
108341,Postpaid,West,App,23,22.19,18.22,0,0,24.81,0
108342,Postpaid,Central,App,34,35.85,10.3,2,2,35.85,0
108343,Postpaid,South,Partner,6,31.41,11.18,0,5,31.41,0
108344,Family,Central,App,63,34.36,24.06,3,1,39.43,1
108345,Postpaid,Central,App,30,17.95,14.77,0,0,19.11,0
108346,Postpaid,West,App,59,30.0,9.53,0,1,30.0,0
108347,Prepaid,Central,Store,35,17.49,6.18,1,5,17.49,0
108348,Prepaid,South,Web,69,17.81,5.72,1,0,17.81,0
108349,Prepaid,North,App,26,17.3,15.85,2,2,18.92,0
108350,Family,Central,Web,8,30.74,14.95,1,5,31.98,0
108351,Family,East,Store,35,42.95,20.63,2,2,46.58,0
108352,Family,South,Partner,3,30.09,10.78,3,1,30.09,0
108353,Prepaid,North,Web,58,16.85,10.59,0,0,16.85,0
108354,Postpaid,North,App,67,31.29,15.89,0,2,32.92,0
108355,Family,North,Partner,16,34.79,18.51,1,3,37.53,0
108356,Postpaid,North,App,4,40.03,27.14,1,0,46.39,0
108357,Prepaid,Central,Store,55,16.59,3.41,2,0,16.59,1
108358,Family,South,App,50,32.3,15.6,0,3,33.82,0
108359,Prepaid,West,App,58,12.49,12.1,0,2,12.53,0
108360,Prepaid,North,Partner,41,14.28,8.33,0,1,14.28,0
108361,Family,South,Web,42,44.69,23.87,1,1,49.67,0
108362,Postpaid,Central,Store,20,29.84,22.85,2,2,34.4,0
108363,Postpaid,North,Partner,23,30.07,24.16,1,2,35.17,1
108364,Postpaid,South,App,46,27.73,0.55,0,4,27.73,0
108365,Business,West,App,68,46.94,12.2,2,1,47.03,0
108366,Prepaid,North,Web,23,18.92,0.53,1,2,18.92,1
108367,Family,North,App,27,46.51,15.02,0,5,47.78,0
108368,Prepaid,Central,Web,43,22.86,11.95,2,4,22.86,1
108369,Prepaid,South,App,4,20.82,0.2,0,3,20.82,0
108370,Postpaid,West,App,48,22.35,24.59,0,2,27.63,0
108371,Postpaid,North,App,10,30.93,2.88,1,3,30.93,0
108372,Prepaid,South,App,50,22.51,5.68,1,6,22.51,1
108373,Postpaid,East,App,65,34.7,13.33,2,2,35.26,1
108374,Postpaid,West,App,66,35.38,11.27,1,2,35.38,0
108375,Postpaid,South,App,11,37.23,11.79,2,4,37.23,0
108376,Family,Central,Web,44,34.97,9.74,2,3,34.97,0
108377,Family,West,Store,33,42.25,10.93,1,6,42.25,0
108378,Postpaid,East,App,36,27.85,16.25,2,5,29.64,0
108379,Postpaid,East,App,50,38.66,18.36,2,2,41.33,0
108380,Postpaid,West,App,72,24.72,13.03,1,2,25.16,0
108381,Postpaid,West,App,42,33.11,23.69,2,4,38.02,1
108382,Prepaid,North,Store,40,12.75,7.57,0,3,12.75,0
108383,Prepaid,Central,App,48,24.69,12.4,1,4,24.86,0
108384,Prepaid,East,Partner,37,18.57,2.94,3,4,18.57,0
108385,Postpaid,Central,App,26,29.81,21.34,0,2,33.73,0
108386,Business,Central,Store,60,59.14,41.05,1,3,71.34,1
108387,Postpaid,North,Web,48,40.9,7.28,2,4,40.9,0
108388,Postpaid,South,App,41,41.83,1.26,3,2,41.83,1
108389,Postpaid,East,App,1,38.68,18.57,2,3,41.44,0
108390,Postpaid,East,App,20,33.3,6.41,2,2,33.3,1
108391,Postpaid,West,Store,19,26.54,8.19,0,3,26.54,0
108392,Postpaid,North,Web,47,30.82,8.41,1,5,30.82,0
108393,Postpaid,West,App,9,29.22,7.17,0,3,29.22,1
108394,Prepaid,Central,Partner,28,30.11,0.89,0,2,30.11,0
108395,Postpaid,Central,Store,33,32.34,14.57,2,2,33.42,0
108396,Postpaid,North,Web,54,33.5,8.87,2,3,33.5,0
108397,Family,Central,App,11,48.29,13.66,2,3,48.99,1
108398,Business,North,Partner,44,55.82,37.41,0,1,66.49,0
108399,Family,East,App,40,25.57,6.95,3,4,25.57,0
108400,Postpaid,South,App,54,29.61,15.89,1,1,31.25,0
108401,Prepaid,West,Store,14,13.92,6.34,3,3,13.92,0
108402,Postpaid,North,Partner,44,27.97,5.38,1,4,27.97,0
108403,Family,South,App,30,44.9,34.92,0,2,54.53,0
108404,Business,South,App,19,30.7,15.82,1,5,32.31,0
108405,Family,Central,Partner,6,34.6,18.34,3,1,37.26,0
108406,Prepaid,East,Web,28,23.21,1.59,0,6,23.21,0
108407,Postpaid,West,Web,32,20.95,25.77,1,2,26.73,0
108408,Family,West,App,4,32.29,27.59,0,1,38.84,0
108409,Postpaid,South,App,59,34.96,14.32,2,3,35.94,0
108410,Postpaid,North,Partner,50,32.52,14.5,2,7,33.57,0
108411,Postpaid,North,App,23,43.9,18.19,1,3,46.51,1
108412,Postpaid,East,Web,4,24.65,22.26,0,2,28.96,0
108413,Prepaid,Central,Store,51,17.97,5.48,0,3,17.97,0
108414,Prepaid,South,Partner,2,17.71,5.16,0,2,17.71,0
108415,Family,West,Store,31,28.09,28.29,0,1,34.93,0
108416,Business,West,App,15,50.13,39.94,1,3,61.86,0
108417,Family,Central,Web,17,47.0,5.6,0,3,47.0,0
108418,Prepaid,South,Partner,55,19.69,6.47,5,1,19.69,1
108419,Prepaid,Central,Partner,22,22.85,4.96,3,2,22.85,1
108420,Prepaid,West,App,18,8.0,6.94,1,4,8.0,1
108421,Family,East,App,22,34.46,16.84,0,3,36.49,0
108422,Postpaid,West,Web,11,35.99,13.81,0,2,36.75,0
108423,Business,South,Store,54,51.98,15.83,2,1,53.58,0
108424,Postpaid,West,App,36,31.43,17.81,2,1,33.87,0
108425,Postpaid,West,App,15,39.73,22.2,0,1,44.02,0
108426,Family,West,App,23,36.5,20.21,2,2,39.95,0
108427,Prepaid,Central,App,71,14.21,9.03,0,0,14.21,0
108428,Business,West,App,42,56.56,27.19,3,2,62.94,0
108429,Postpaid,North,Partner,50,25.78,6.65,0,1,25.78,0
108430,Prepaid,South,Web,62,17.5,4.15,0,2,17.5,0
108431,Prepaid,Central,App,29,17.77,10.57,1,6,17.77,0
108432,Family,West,Store,26,37.26,30.03,1,6,44.83,1
108433,Postpaid,Central,App,72,29.42,19.56,0,5,32.6,0
108434,Family,South,Web,41,30.15,15.35,1,1,31.55,0
108435,Family,East,Partner,16,30.85,14.86,2,4,32.05,0
108436,Postpaid,Central,App,62,25.41,21.98,4,1,29.61,0
108437,Family,West,Partner,55,41.59,32.46,1,1,50.18,1
108438,Business,South,App,29,64.23,19.97,1,4,67.58,1
108439,Prepaid,North,Web,20,21.47,15.59,0,2,22.97,0
108440,Family,Central,Partner,48,43.88,18.16,1,1,46.47,0
108441,Prepaid,West,Web,40,21.57,16.35,1,3,23.39,0
108442,Prepaid,East,App,18,15.38,12.49,2,1,15.58,0
108443,Postpaid,East,App,4,40.86,13.72,2,3,41.58,0
108444,Family,South,App,59,37.67,28.51,1,0,44.6,0
108445,Prepaid,East,App,61,9.02,14.95,1,3,10.26,0
108446,Postpaid,North,App,66,24.52,17.13,1,1,26.68,0
108447,Postpaid,South,App,27,31.87,17.03,0,4,33.98,0
108448,Prepaid,Central,Store,51,14.67,2.1,1,3,14.67,0
108449,Family,South,App,43,49.9,19.66,3,4,53.12,1
108450,Business,West,App,20,58.72,33.02,1,3,67.55,0
108451,Prepaid,East,Web,67,8.0,7.7,1,3,8.0,0
108452,Prepaid,North,App,25,17.37,15.15,2,3,18.69,0
108453,Business,South,Store,3,50.62,11.91,1,4,50.62,0
108454,Prepaid,North,Web,12,12.52,8.32,0,3,12.52,0
108455,Prepaid,West,Store,70,20.74,7.96,3,6,20.74,0
108456,Business,Central,Store,5,47.66,16.84,0,3,49.69,0
108457,Family,West,Web,38,51.62,5.01,0,3,51.62,0
108458,Postpaid,West,Store,35,28.87,25.62,3,1,34.59,0
108459,Postpaid,Central,Store,57,22.45,13.99,2,2,23.29,0
108460,Family,West,Web,60,36.09,13.26,2,4,36.62,0
108461,Postpaid,East,Web,35,23.57,11.78,1,5,23.57,0
108462,Postpaid,West,App,46,23.48,11.66,0,4,23.48,0
108463,Family,East,App,59,22.61,20.25,1,6,26.08,0
108464,Postpaid,North,Web,59,29.54,10.03,0,2,29.54,0
108465,Postpaid,West,Store,64,22.83,10.02,3,2,22.83,1
108466,Postpaid,West,Web,51,29.01,12.8,2,2,29.35,0
108467,Postpaid,South,App,28,28.57,3.14,0,4,28.57,1
108468,Postpaid,Central,App,41,26.4,11.09,0,0,26.4,0
108469,Postpaid,North,Store,53,28.46,20.82,2,2,32.16,0
108470,Postpaid,West,Web,22,33.87,16.13,1,2,35.6,0
108471,Family,Central,App,72,51.77,24.36,2,2,56.96,0
108472,Postpaid,South,Partner,32,33.49,9.86,1,3,33.49,0
108473,Prepaid,Central,Web,55,21.01,10.52,0,3,21.01,0
108474,Prepaid,West,Web,37,19.33,7.26,2,0,19.33,1
108475,Prepaid,West,Web,69,18.2,5.03,2,4,18.2,0
108476,Family,Central,App,49,40.18,22.51,2,0,44.59,0
108477,Postpaid,West,App,54,25.92,8.73,0,3,25.92,0
108478,Prepaid,East,App,56,27.56,6.21,2,2,27.56,0
108479,Family,West,App,24,36.03,10.51,3,6,36.03,0
108480,Prepaid,East,App,26,18.08,8.98,1,1,18.08,1
108481,Prepaid,South,Web,60,18.5,5.2,0,4,18.5,0
108482,Family,North,Web,34,51.26,13.42,0,3,51.86,0
108483,Postpaid,South,App,48,17.58,9.62,0,5,17.58,1
108484,Family,West,Store,38,34.8,10.58,0,4,34.8,0
108485,Family,Central,Web,3,19.14,16.83,2,0,21.17,0
108486,Business,Central,Web,34,51.81,15.7,2,2,53.36,0
108487,Prepaid,South,Partner,13,16.48,7.1,2,3,16.48,1
108488,Family,East,App,7,27.05,13.68,2,2,27.75,0
108489,Postpaid,East,App,19,27.27,16.44,0,2,29.13,1
108490,Prepaid,North,Web,22,25.02,6.61,1,1,25.02,1
108491,Business,East,App,54,34.76,47.73,0,2,49.77,0
108492,Postpaid,South,Web,19,34.06,15.35,1,4,35.47,0
108493,Family,Central,App,58,51.7,28.89,0,3,58.8,1
108494,Postpaid,South,Store,16,20.0,0.2,2,2,20.0,1
108495,Postpaid,West,Store,60,33.5,14.78,2,7,34.67,0
108496,Prepaid,Central,Web,38,16.08,13.27,2,1,16.61,0
108497,Family,West,App,5,37.98,10.64,4,1,37.98,0
108498,Postpaid,South,Web,8,20.9,25.74,0,2,26.67,0
108499,Prepaid,South,Web,6,14.13,8.14,3,4,14.13,0
108500,Prepaid,Central,Web,30,15.28,11.48,2,4,15.28,0
108501,Family,North,Partner,22,47.94,23.49,2,2,52.77,1
108502,Prepaid,North,Web,4,13.1,4.19,1,2,13.1,1
108503,Postpaid,Central,Web,50,32.34,20.14,1,3,35.76,0
108504,Postpaid,West,Store,62,32.32,10.86,2,1,32.32,0
108505,Prepaid,West,Web,61,18.74,8.41,1,2,18.74,0
108506,Postpaid,North,Partner,11,22.68,19.62,0,3,25.88,1
108507,Prepaid,East,Store,63,15.38,0.2,2,5,15.38,0
108508,Business,Central,App,31,60.87,23.51,0,1,65.7,0
108509,Family,South,App,15,31.3,20.27,0,4,34.77,0
108510,Prepaid,North,Web,10,21.62,4.66,0,4,21.62,0
108511,Postpaid,North,Partner,56,36.04,17.63,1,4,38.4,0
108512,Postpaid,West,App,19,19.08,18.7,1,2,21.89,0
108513,Business,South,Partner,47,62.45,22.51,1,2,66.86,0
108514,Postpaid,Central,App,40,25.63,12.58,1,2,25.87,1
108515,Postpaid,South,App,67,32.88,14.94,0,3,34.12,0
108516,Business,North,Partner,52,51.97,34.37,0,5,61.36,1
108517,Prepaid,Central,Partner,56,27.3,7.33,1,3,27.3,1
108518,Postpaid,Central,Store,36,19.76,2.66,3,4,19.76,0
108519,Prepaid,West,Partner,39,8.69,5.35,0,2,8.69,0
108520,Postpaid,Central,Web,11,29.97,10.03,2,1,29.97,0
108521,Postpaid,North,Web,57,34.31,21.96,0,3,38.49,0
108522,Business,East,Web,55,62.43,39.26,3,2,73.88,0
108523,Postpaid,South,App,23,31.7,29.12,0,3,38.89,1
108524,Prepaid,East,App,11,17.07,5.31,4,2,17.07,1
108525,Family,West,App,57,32.23,17.39,1,3,34.5,0
108526,Family,Central,App,56,33.97,29.06,2,5,41.13,1
108527,Postpaid,North,App,57,35.28,7.24,2,3,35.28,1
108528,Family,South,App,3,42.24,22.94,1,6,46.83,0
108529,Prepaid,Central,App,62,18.88,5.36,0,3,18.88,1
108530,Postpaid,East,Store,26,31.7,14.19,1,3,32.62,0
108531,Prepaid,South,App,18,20.99,7.22,2,2,20.99,0
108532,Prepaid,South,App,38,25.23,11.0,2,5,25.23,0
108533,Business,South,App,62,39.63,32.94,3,0,48.42,0
108534,Family,East,App,59,42.68,23.67,2,6,47.58,0
108535,Prepaid,East,Web,13,15.84,11.73,0,2,15.84,0
108536,Prepaid,East,Partner,71,16.0,6.7,1,1,16.0,0
108537,Business,East,Web,56,49.47,26.6,4,5,55.61,0
108538,Prepaid,East,Web,68,13.31,2.82,2,3,13.31,0
108539,Prepaid,North,Partner,67,22.17,3.11,0,0,22.17,0
108540,Prepaid,North,Web,38,20.44,3.45,1,4,20.44,0
108541,Prepaid,South,App,3,11.92,2.77,3,3,11.92,1
108542,Prepaid,Central,App,6,22.85,13.19,0,4,23.35,0
108543,Business,West,Store,46,57.34,15.7,2,1,58.89,1
108544,Postpaid,North,Store,7,28.56,30.52,1,5,36.33,1
108545,Postpaid,East,Web,48,30.06,22.34,1,4,34.4,1
108546,Family,West,App,8,43.85,26.44,0,3,49.92,0
108547,Postpaid,East,Partner,59,30.12,11.6,0,3,30.12,0
108548,Family,West,Store,20,37.55,9.61,0,1,37.55,0
108549,Postpaid,Central,Partner,8,27.72,16.51,4,3,29.61,1
108550,Postpaid,North,Store,25,31.06,15.79,0,2,32.65,1
108551,Postpaid,East,App,66,33.96,11.78,2,1,33.96,0
108552,Family,East,App,40,37.36,12.91,2,9,37.74,1
108553,Postpaid,East,App,72,28.35,19.06,0,5,31.32,0
108554,Family,North,App,19,37.68,16.83,0,7,39.71,0
108555,Prepaid,West,Partner,49,16.45,4.1,2,2,16.45,1
108556,Postpaid,North,App,14,37.0,10.0,0,2,37.0,0
108557,Family,West,App,31,36.36,10.21,2,3,36.36,0
108558,Prepaid,West,App,28,17.77,9.32,1,1,17.77,1
108559,Family,South,Store,46,36.16,15.33,2,5,37.56,0
108560,Prepaid,Central,App,49,16.46,4.82,1,2,16.46,0
108561,Prepaid,West,App,4,23.74,4.24,4,3,23.74,0
108562,Family,East,Web,51,38.86,25.39,0,2,44.49,0
108563,Prepaid,Central,App,55,14.97,13.34,2,2,15.53,0
108564,Postpaid,West,Partner,28,30.67,16.07,1,3,32.38,1
108565,Postpaid,North,App,6,34.87,15.06,1,3,36.15,0
108566,Family,West,Web,31,37.78,11.08,3,1,37.78,0
108567,Postpaid,East,Web,24,26.82,13.73,3,3,27.55,0
108568,Postpaid,West,App,58,34.5,8.19,0,4,34.5,0
108569,Family,Central,Web,11,37.47,15.03,2,6,38.74,1
108570,Postpaid,East,App,22,32.42,8.81,2,4,32.42,1
108571,Business,North,App,53,53.03,34.85,2,5,62.63,0
108572,Family,East,Web,68,33.95,21.15,3,2,37.79,1
108573,Postpaid,West,Partner,43,34.65,4.15,0,1,34.65,1
108574,Business,South,App,1,48.09,30.69,3,2,55.94,1
108575,Postpaid,North,Web,51,37.1,17.54,3,1,39.43,1
108576,Prepaid,South,App,3,17.25,9.26,4,7,17.25,0
108577,Prepaid,West,App,5,15.29,7.96,1,4,15.29,1
108578,Postpaid,North,App,49,35.23,13.24,2,6,35.75,1
108579,Prepaid,South,Store,27,8.56,13.52,1,2,9.2,1
108580,Postpaid,North,Web,2,27.6,17.6,1,1,29.95,0
108581,Postpaid,East,Store,30,25.49,0.2,0,4,25.49,0
108582,Postpaid,North,Partner,28,26.24,12.0,1,0,26.24,1
108583,Prepaid,North,Web,44,20.36,6.52,1,3,20.36,1
108584,Family,West,App,68,40.43,13.69,2,2,41.13,0
108585,Postpaid,North,App,8,29.56,23.29,0,1,34.3,0
108586,Prepaid,North,Store,48,14.01,10.0,3,0,14.01,1
108587,Postpaid,West,App,47,24.47,11.95,1,0,24.47,0
108588,Postpaid,North,App,71,27.0,0.2,3,5,27.0,0
108589,Postpaid,North,App,29,28.94,7.17,3,4,28.94,1
108590,Postpaid,East,App,12,34.59,6.55,1,1,34.59,1
108591,Prepaid,South,Store,66,14.24,7.21,2,0,14.24,0
108592,Family,East,Web,4,23.98,35.1,1,2,33.68,1
108593,Postpaid,Central,Web,33,35.29,6.46,4,4,35.29,1
108594,Prepaid,East,Partner,48,21.66,5.9,6,2,21.66,1
108595,Family,East,Web,8,52.4,25.34,1,4,58.0,0
108596,Postpaid,Central,App,22,40.26,9.34,1,2,40.26,0
108597,Postpaid,East,Store,8,18.59,8.76,0,3,18.59,0
108598,Postpaid,West,App,61,35.39,20.47,1,0,38.95,0
108599,Postpaid,East,Partner,19,32.64,12.79,1,4,32.97,0
108600,Postpaid,West,Store,44,37.47,13.87,0,4,38.25,0
108601,Prepaid,Central,App,18,11.4,9.07,1,1,11.4,1
108602,Prepaid,North,Web,50,17.6,1.68,2,3,17.6,0
108603,Business,Central,Store,58,49.18,35.94,1,5,59.24,1
108604,Postpaid,East,Partner,3,23.62,11.4,0,6,23.62,0
108605,Postpaid,West,App,53,29.0,17.28,0,2,31.21,0
108606,Prepaid,East,App,48,24.25,5.77,2,3,24.25,1
108607,Family,South,Partner,6,39.01,13.31,1,1,39.56,1
108608,Prepaid,North,Store,20,14.33,7.91,1,5,14.33,0
108609,Prepaid,Central,App,62,16.71,1.08,2,1,16.71,0
108610,Prepaid,West,Store,32,9.2,7.91,3,1,9.2,0
108611,Family,Central,Web,7,38.69,21.87,0,2,42.83,0
108612,Postpaid,South,App,47,29.24,19.24,2,4,32.29,0
108613,Prepaid,South,App,57,21.49,12.63,0,2,21.75,0
108614,Prepaid,South,App,32,20.97,8.59,1,2,20.97,0
108615,Postpaid,South,App,9,34.65,25.78,2,1,40.44,0
108616,Postpaid,East,App,10,33.68,15.12,0,5,34.99,0
108617,Postpaid,Central,App,28,37.26,21.5,2,4,41.25,0
108618,Prepaid,Central,Web,35,17.58,4.16,2,1,17.58,0
108619,Family,East,Store,55,42.03,22.75,4,1,46.54,1
108620,Business,South,App,50,47.29,20.77,1,3,50.97,0
108621,Postpaid,West,App,19,30.68,10.44,0,1,30.68,1
108622,Prepaid,West,App,50,9.51,9.34,3,2,9.51,0
108623,Postpaid,West,App,9,26.24,10.45,1,0,26.24,0
108624,Postpaid,East,Partner,14,31.2,7.76,1,2,31.2,1
108625,Prepaid,North,App,57,22.97,9.82,0,2,22.97,0
108626,Prepaid,North,Web,65,15.49,7.69,1,2,15.49,1
108627,Family,Central,Store,50,42.52,19.9,0,2,45.83,0
108628,Postpaid,West,Web,33,39.01,7.66,1,2,39.01,1
108629,Family,Central,Partner,65,37.99,33.89,0,1,47.18,0
108630,Postpaid,South,Web,26,36.29,18.6,2,3,39.07,1
108631,Postpaid,East,Store,47,32.17,10.26,3,3,32.17,0
108632,Prepaid,South,App,50,15.92,7.61,3,4,15.92,0
108633,Postpaid,Central,Web,6,35.34,13.26,3,2,35.87,1
108634,Prepaid,South,App,70,17.31,12.38,2,3,17.46,1
108635,Postpaid,West,App,46,34.37,29.67,1,3,41.79,0
108636,Prepaid,North,Web,18,21.69,2.29,1,4,21.69,0
108637,Postpaid,North,Store,60,33.73,23.68,2,1,38.64,0
108638,Postpaid,North,App,28,21.0,7.08,2,2,21.0,0
108639,Prepaid,East,Partner,7,21.35,4.38,2,3,21.35,1
108640,Prepaid,Central,App,49,9.34,11.92,1,1,9.34,1
108641,Business,Central,Partner,10,49.65,26.21,1,4,55.61,0
108642,Prepaid,West,Web,43,27.56,6.41,0,2,27.56,0
108643,Prepaid,East,App,49,19.1,7.06,0,0,19.1,1
108644,Prepaid,West,App,12,12.31,3.35,1,3,12.31,1
108645,Postpaid,North,Partner,57,32.25,11.71,2,1,32.25,1
108646,Postpaid,West,App,33,34.16,9.56,3,4,34.16,0
108647,Prepaid,West,Partner,26,18.83,6.12,1,3,18.83,0
108648,Postpaid,East,App,8,30.47,18.07,1,1,33.02,1
108649,Postpaid,North,App,53,30.71,11.14,3,5,30.71,1
108650,Prepaid,South,Web,12,14.27,10.63,0,2,14.27,0
108651,Business,South,Store,13,49.43,37.16,0,4,59.99,1
108652,Business,Central,App,20,40.05,41.65,1,2,52.51,1
108653,Prepaid,West,Web,32,8.54,1.25,1,1,8.54,0
108654,Postpaid,East,App,64,35.18,18.33,3,2,37.84,0
108655,Prepaid,East,App,54,23.85,4.06,2,2,23.85,0
108656,Prepaid,West,Web,54,26.09,5.2,0,4,26.09,0
108657,Postpaid,South,Store,15,23.19,13.53,2,4,23.84,0
108658,Postpaid,North,Web,47,22.49,15.63,0,5,24.01,0
108659,Postpaid,West,Store,26,26.44,13.37,1,2,27.01,0
108660,Prepaid,South,Store,35,18.83,8.68,1,2,18.83,0
108661,Prepaid,South,App,46,11.19,14.84,1,2,12.38,0
108662,Business,East,Partner,12,46.28,17.7,1,3,48.67,1
108663,Business,South,Store,25,62.21,20.97,1,3,65.98,0
108664,Prepaid,Central,Partner,29,13.58,16.92,3,5,15.64,1
108665,Postpaid,Central,Web,63,29.28,23.56,0,3,34.14,0
108666,Postpaid,Central,Web,70,20.63,12.97,2,4,21.04,0
108667,Postpaid,Central,Store,69,31.1,3.73,0,5,31.1,0
108668,Postpaid,South,App,38,39.67,14.91,2,2,40.9,0
108669,Family,South,App,47,28.79,23.83,0,1,33.76,0
108670,Prepaid,West,Web,52,20.27,12.2,1,2,20.35,0
108671,Postpaid,North,App,57,25.77,15.92,2,1,27.42,0
108672,Business,Central,App,49,36.44,19.0,1,1,39.38,0
108673,Prepaid,North,Store,66,20.48,10.87,2,2,20.48,0
108674,Prepaid,East,App,28,20.43,10.12,2,1,20.43,1
108675,Family,West,App,51,27.9,22.89,4,1,32.47,1
108676,Family,Central,Store,44,43.24,20.18,2,3,46.67,0
108677,Postpaid,West,App,56,30.47,22.88,1,4,35.03,1
108678,Family,West,App,67,30.08,6.97,1,8,30.08,1
108679,Postpaid,South,App,6,30.43,19.98,2,3,33.78,1
108680,Prepaid,West,Store,62,19.61,3.13,1,5,19.61,1
108681,Postpaid,West,Partner,60,24.68,23.57,2,3,29.54,1
108682,Family,East,App,63,28.01,21.61,2,3,32.04,0
108683,Family,West,Web,20,40.64,14.68,1,3,41.76,0
108684,Prepaid,North,App,42,18.01,13.33,0,1,18.57,0
108685,Prepaid,South,Store,6,18.12,5.8,0,2,18.12,0
108686,Family,Central,App,5,48.05,13.35,2,2,48.62,1
108687,Prepaid,South,Web,43,25.31,8.99,1,2,25.31,1
108688,Prepaid,West,Web,70,22.79,8.63,0,8,22.79,0
108689,Family,East,Web,17,33.39,11.93,0,3,33.39,1
108690,Postpaid,Central,App,57,28.91,29.81,1,3,36.39,0
108691,Prepaid,North,Web,6,20.96,12.08,1,3,20.99,1
108692,Prepaid,South,App,5,13.5,4.45,2,4,13.5,0
108693,Prepaid,Central,Store,44,21.7,10.21,0,5,21.7,0
108694,Family,West,Web,21,36.84,32.76,2,3,45.56,0
108695,Postpaid,East,Store,8,26.17,20.36,3,0,29.68,0
108696,Prepaid,South,Web,66,21.73,14.0,2,2,22.57,0
108697,Postpaid,East,Web,64,23.46,16.17,1,1,25.21,0
108698,Prepaid,Central,Web,2,22.82,15.19,0,2,24.16,0
108699,Prepaid,West,App,70,9.6,14.63,1,4,10.7,1
108700,Prepaid,Central,App,2,20.4,4.14,2,3,20.4,1
108701,Postpaid,Central,Store,54,28.13,18.43,0,3,30.83,0
108702,Prepaid,East,Store,57,11.33,8.18,4,3,11.33,0
108703,Postpaid,West,Web,21,25.64,22.39,0,2,30.0,0
108704,Postpaid,West,Store,10,14.67,18.08,0,1,17.23,1
108705,Postpaid,West,Web,41,37.18,10.79,1,1,37.18,0
108706,Prepaid,West,App,64,22.62,10.64,0,6,22.62,0
108707,Prepaid,North,App,3,12.84,7.96,3,1,12.84,1
108708,Prepaid,Central,Partner,62,16.87,5.04,0,3,16.87,1
108709,Postpaid,West,App,45,21.34,0.2,2,3,21.34,0
108710,Postpaid,Central,App,72,25.88,24.07,1,2,30.95,0
108711,Prepaid,East,Web,19,19.67,15.98,1,0,21.34,0
108712,Family,East,App,47,53.75,16.96,1,1,55.84,1
108713,Postpaid,West,Store,33,23.19,6.69,0,4,23.19,0
108714,Prepaid,West,Web,46,17.06,7.51,0,0,17.06,0
108715,Prepaid,North,Store,13,18.58,8.27,1,2,18.58,1
108716,Prepaid,South,Partner,36,22.74,5.26,0,2,22.74,0
108717,Prepaid,West,Web,72,13.21,9.76,1,1,13.21,1
108718,Postpaid,Central,Store,61,33.2,2.83,2,4,33.2,0
108719,Prepaid,North,Partner,15,24.55,8.95,2,4,24.55,1
108720,Family,South,App,5,48.7,19.51,0,4,51.86,1
108721,Postpaid,East,App,31,28.98,20.44,0,2,32.53,0
108722,Family,South,Web,17,48.7,21.43,2,2,52.66,1
108723,Family,North,Store,19,33.43,21.06,2,1,37.23,0
108724,Postpaid,East,App,14,21.69,5.32,0,4,21.69,0
108725,Business,West,App,39,67.79,32.75,2,5,76.51,1
108726,Business,East,App,7,59.13,13.73,2,3,59.86,0
108727,Postpaid,South,App,66,29.41,5.94,3,1,29.41,0
108728,Prepaid,Central,App,3,18.22,10.01,2,1,18.22,1
108729,Postpaid,East,Partner,12,31.45,2.8,3,1,31.45,0
108730,Prepaid,West,Web,41,15.48,8.42,2,4,15.48,1
108731,Postpaid,South,Store,11,28.19,8.81,0,4,28.19,0
108732,Postpaid,West,Store,37,34.9,18.14,3,5,37.48,1
108733,Postpaid,West,App,6,37.2,2.36,1,2,37.2,0
108734,Family,South,Store,63,42.27,21.71,1,2,46.34,0
108735,Prepaid,West,Store,43,14.29,12.71,3,3,14.59,0
108736,Postpaid,West,Web,22,28.45,20.0,1,8,31.81,0
108737,Prepaid,East,App,44,22.74,9.36,1,3,22.74,1
108738,Family,West,Partner,39,51.03,16.65,1,3,52.98,0
108739,Postpaid,South,Web,60,37.06,9.95,2,1,37.06,1
108740,Prepaid,East,App,53,30.03,9.87,1,1,30.03,1
108741,Postpaid,Central,Partner,61,32.41,2.55,2,5,32.41,1
108742,Prepaid,North,App,63,14.23,6.97,1,4,14.23,0
108743,Family,North,Partner,8,26.67,9.57,1,0,26.67,0
108744,Postpaid,North,Store,56,35.34,15.04,2,6,36.62,1
108745,Postpaid,Central,App,66,32.09,15.28,0,5,33.47,0
108746,Postpaid,North,App,15,27.41,18.13,1,1,29.99,0
108747,Family,North,Store,60,25.83,28.26,0,1,32.65,0
108748,Family,West,Web,44,32.97,15.93,3,5,34.62,0
108749,Postpaid,West,Web,47,40.32,13.29,1,1,40.86,0
108750,Family,East,App,52,49.37,26.03,1,2,55.27,0
108751,Postpaid,Central,Web,25,21.49,14.48,4,4,22.53,0
108752,Family,North,Store,65,44.6,21.06,0,4,48.41,1
108753,Family,West,App,54,29.73,11.97,2,4,29.73,0
108754,Prepaid,West,App,32,14.13,8.38,0,3,14.13,1
108755,Prepaid,South,Web,45,20.62,6.45,0,1,20.62,0
108756,Prepaid,Central,Store,69,12.36,9.65,0,1,12.36,0
108757,Prepaid,East,App,26,19.34,7.55,0,1,19.34,0
108758,Postpaid,South,Web,65,37.83,18.81,0,1,40.69,1
108759,Prepaid,North,Web,1,20.39,9.61,3,4,20.39,1
108760,Postpaid,North,App,58,19.25,11.01,1,3,19.25,1
108761,Prepaid,Central,App,43,15.53,3.55,1,2,15.53,1
108762,Prepaid,South,App,52,14.8,6.84,2,1,14.8,0
108763,Postpaid,Central,App,42,31.81,10.12,2,1,31.81,0
108764,Postpaid,North,App,35,21.62,21.81,3,4,25.74,1
108765,Postpaid,Central,Web,12,26.1,20.51,1,4,29.68,1
108766,Family,West,App,18,32.47,18.41,0,2,35.16,0
108767,Business,North,Web,66,63.93,22.66,0,2,68.41,0
108768,Postpaid,North,Partner,30,29.41,19.15,2,2,32.41,0
108769,Prepaid,West,App,12,14.11,5.04,2,4,14.11,1
108770,Prepaid,North,App,10,8.0,7.63,0,3,8.0,1
108771,Business,South,App,21,51.2,26.5,0,0,57.3,0
108772,Postpaid,West,Web,53,33.21,16.48,5,1,35.09,1
108773,Family,Central,Store,27,40.55,12.61,0,2,40.8,0
108774,Postpaid,West,Store,31,26.97,3.14,4,3,26.97,1
108775,Prepaid,Central,Web,50,13.53,16.67,0,1,15.49,1
108776,Postpaid,East,Web,44,28.51,4.83,1,1,28.51,0
108777,Family,West,Store,6,41.27,35.37,1,2,51.08,0
108778,Family,South,Partner,29,45.08,25.56,1,2,50.78,1
108779,Prepaid,West,Partner,51,8.0,3.62,1,3,8.0,0
108780,Postpaid,West,Store,52,36.64,20.1,3,4,40.05,0
108781,Prepaid,East,App,30,16.48,2.5,1,0,16.48,1
108782,Business,Central,Web,16,66.35,17.1,1,4,68.5,1
108783,Prepaid,East,Partner,14,20.86,9.1,0,2,20.86,0
108784,Family,West,Store,7,46.06,14.08,2,4,46.93,0
108785,Prepaid,East,Web,9,13.53,3.65,0,3,13.53,0
108786,Postpaid,South,App,70,27.97,14.23,1,3,28.91,0
108787,Postpaid,South,Store,30,37.6,17.96,0,4,40.1,0
108788,Prepaid,Central,Web,24,13.57,0.2,1,3,13.57,1
108789,Family,South,Web,33,35.68,14.88,1,1,36.89,1
108790,Family,West,App,38,42.06,16.14,0,1,43.8,0
108791,Family,East,App,10,50.94,24.6,0,1,56.23,0
108792,Prepaid,Central,App,66,22.17,6.37,2,3,22.17,0
108793,Family,West,App,35,37.09,15.61,2,2,38.61,0
108794,Postpaid,North,Web,41,30.55,8.83,2,1,30.55,1
108795,Postpaid,South,App,37,29.46,13.7,0,0,30.18,0
108796,Postpaid,West,Web,68,29.71,12.34,1,3,29.85,0
108797,Postpaid,North,Store,71,26.76,8.96,0,2,26.76,0
108798,Prepaid,East,Web,10,18.82,8.14,0,2,18.82,0
108799,Postpaid,South,Store,52,28.24,9.24,2,4,28.24,0
108800,Prepaid,North,Web,12,20.72,6.85,0,1,20.72,0
108801,Prepaid,Central,App,1,13.73,11.56,1,5,13.73,1
108802,Prepaid,Central,App,40,23.06,14.92,1,3,24.28,0
108803,Prepaid,West,Store,35,16.72,4.25,1,3,16.72,0
108804,Family,South,Store,36,52.63,20.62,2,3,56.25,0
108805,Postpaid,Central,App,2,24.68,12.37,2,2,24.84,0
108806,Prepaid,West,Partner,47,14.17,9.3,1,0,14.17,1
108807,Family,Central,Web,37,32.87,18.84,0,5,35.74,0
108808,Family,North,App,5,37.01,35.94,0,3,47.07,0
108809,Family,North,Web,25,37.24,15.79,1,0,38.83,1
108810,Family,West,App,10,42.38,27.47,2,1,48.88,1
108811,Business,Central,App,66,54.91,41.51,0,3,67.31,0
108812,Postpaid,North,App,54,32.05,6.58,0,4,32.05,0
108813,Business,South,App,36,53.65,30.68,2,3,61.49,0
108814,Business,East,App,7,48.76,30.05,1,3,56.34,1
108815,Prepaid,Central,Store,62,12.2,14.21,2,1,13.13,0
108816,Family,West,App,26,48.02,14.68,3,0,49.14,0
108817,Family,Central,App,43,34.96,0.2,0,3,34.96,0
108818,Family,West,App,52,37.12,15.31,1,2,38.51,0
108819,Family,Central,App,29,32.65,12.96,2,4,33.06,1
108820,Postpaid,East,Store,70,22.89,20.54,1,1,26.48,0
108821,Postpaid,North,App,17,34.05,2.61,0,3,34.05,0
108822,Postpaid,West,Store,25,27.6,5.16,1,2,27.6,0
108823,Family,West,Store,14,43.0,21.22,1,1,46.87,1
108824,Family,East,App,25,36.95,15.6,1,6,38.46,0
108825,Family,South,Web,58,44.18,23.91,1,3,49.18,0
108826,Family,West,Web,34,36.65,19.14,2,4,39.65,1
108827,Business,West,Web,64,45.42,15.46,2,3,46.88,1
108828,Prepaid,South,App,65,20.01,12.29,0,5,20.13,0
108829,Business,Central,App,24,57.51,19.68,1,6,60.74,0
108830,Prepaid,South,Store,58,16.22,10.51,1,3,16.22,0
108831,Postpaid,North,Partner,36,29.23,14.23,0,3,30.17,1
108832,Prepaid,North,App,31,20.19,5.6,0,1,20.19,0
108833,Postpaid,East,Web,21,29.52,14.47,2,4,30.55,0
108834,Postpaid,North,Store,5,37.61,12.18,5,3,37.68,1
108835,Prepaid,West,Partner,33,28.95,8.72,1,4,28.95,0
108836,Postpaid,West,App,49,19.16,10.63,1,1,19.16,0
108837,Family,East,Store,63,40.67,20.94,0,1,44.42,0
108838,Prepaid,Central,Store,30,9.88,10.89,1,1,9.88,0
108839,Postpaid,Central,Web,10,30.8,9.39,1,5,30.8,1
108840,Prepaid,East,Web,34,13.93,7.52,0,1,13.93,0
108841,Prepaid,North,Web,21,17.38,11.65,0,5,17.38,0
108842,Prepaid,South,Web,67,13.6,12.91,0,5,13.98,0
108843,Postpaid,West,Store,51,16.88,19.78,2,4,20.14,0
108844,Family,South,App,66,40.36,12.41,3,2,40.53,0
108845,Postpaid,West,Web,23,34.19,10.86,4,4,34.19,0
108846,Family,West,App,33,33.57,15.4,1,3,35.0,0
108847,Postpaid,West,App,6,21.96,7.44,1,4,21.96,0
108848,Family,North,App,10,38.28,21.95,2,5,42.46,0
108849,Business,South,Store,27,32.9,32.29,2,2,41.42,0
108850,Postpaid,South,App,29,28.78,13.53,2,5,29.42,1
108851,Prepaid,West,Web,49,19.9,5.97,2,3,19.9,1
108852,Prepaid,West,Store,16,18.32,3.17,1,4,18.32,0
108853,Postpaid,West,App,71,29.71,7.81,0,4,29.71,0
108854,Postpaid,West,App,57,28.45,4.2,0,0,28.45,0
108855,Prepaid,East,Partner,65,15.85,6.59,1,6,15.85,0
108856,Family,North,Web,23,44.82,24.46,5,2,50.05,0
108857,Business,South,Web,41,51.17,38.5,2,3,62.3,0
108858,Prepaid,North,App,38,27.77,8.13,0,2,27.77,0
108859,Prepaid,North,Partner,56,19.66,4.73,1,2,19.66,0
108860,Prepaid,South,Web,62,17.49,7.72,2,1,17.49,0
108861,Postpaid,West,Store,42,33.89,20.04,1,5,37.26,0
108862,Family,North,Web,71,34.37,27.86,1,1,41.03,0
108863,Postpaid,North,App,36,34.64,14.05,3,2,35.5,0
108864,Prepaid,North,Web,20,24.67,18.37,2,4,27.34,1
108865,Postpaid,South,Web,13,29.0,3.18,0,5,29.0,1
108866,Prepaid,South,Store,28,19.6,7.19,0,3,19.6,0
108867,Postpaid,North,App,22,27.17,5.83,1,3,27.17,0
108868,Postpaid,South,App,15,26.62,2.37,1,1,26.62,0
108869,Postpaid,Central,Web,33,35.96,8.81,2,5,35.96,1
108870,Postpaid,South,Web,19,25.21,6.1,0,1,25.21,0
108871,Family,South,Store,71,33.99,2.01,1,3,33.99,0
108872,Prepaid,East,Partner,22,18.88,9.16,0,6,18.88,0
108873,Family,South,App,44,30.53,13.61,0,2,31.21,0
108874,Prepaid,East,App,55,12.44,8.57,2,1,12.44,0
108875,Prepaid,South,App,69,18.13,4.32,1,4,18.13,1
108876,Family,Central,Web,50,27.2,15.81,3,2,28.8,0
108877,Postpaid,Central,Web,19,32.99,8.76,1,4,32.99,0
108878,Prepaid,West,Web,41,18.21,10.43,2,1,18.21,0
108879,Postpaid,South,Web,5,32.16,11.04,3,3,32.16,1
108880,Family,East,Store,20,52.25,16.1,1,6,53.97,1
108881,Business,South,App,71,41.86,20.94,1,1,45.62,0
108882,Postpaid,West,Store,1,29.04,13.27,2,2,29.57,0
108883,Prepaid,North,App,24,15.7,6.83,0,2,15.7,0
108884,Postpaid,West,Store,4,24.2,17.1,3,2,26.34,1
108885,Prepaid,South,App,39,14.36,5.88,1,2,14.36,1
108886,Prepaid,East,App,55,24.25,8.06,2,0,24.25,0
108887,Postpaid,South,Store,6,25.33,18.35,0,0,28.0,1
108888,Family,South,App,10,24.99,23.19,3,0,29.69,0
108889,Prepaid,West,Partner,62,11.14,0.65,0,2,11.14,1
108890,Family,West,App,21,34.16,21.21,0,3,38.03,1
108891,Postpaid,South,Partner,1,32.95,9.04,0,4,32.95,1
108892,Family,North,App,8,38.61,20.15,0,2,42.04,0
108893,Prepaid,Central,Web,66,18.42,4.99,1,1,18.42,0
108894,Postpaid,East,Store,67,17.97,0.2,1,3,17.97,0
108895,Prepaid,West,App,12,8.0,3.02,4,3,8.0,1
108896,Prepaid,East,App,21,22.76,7.55,0,0,22.76,1
108897,Prepaid,West,App,14,26.24,9.14,0,3,26.24,1
108898,Prepaid,West,Web,36,23.46,9.46,3,3,23.46,0
108899,Prepaid,North,App,60,18.84,3.5,2,3,18.84,0
108900,Prepaid,East,App,55,14.18,8.2,2,3,14.18,1
108901,Family,East,Web,28,30.09,6.66,0,2,30.09,0
108902,Family,North,Store,51,48.12,19.02,0,5,51.06,1
108903,Postpaid,West,App,19,32.75,30.4,0,3,40.48,0
108904,Business,South,App,66,52.56,24.32,2,1,57.73,0
108905,Prepaid,North,Store,43,22.43,6.82,1,2,22.43,1
108906,Postpaid,West,App,67,26.64,28.93,2,2,33.75,0
108907,Family,Central,Store,19,35.69,16.17,3,3,37.45,0
108908,Postpaid,South,App,69,33.09,12.56,1,6,33.33,0
108909,Prepaid,West,Partner,21,8.0,10.2,0,3,8.0,1
108910,Postpaid,North,Store,50,22.53,13.7,1,4,23.24,0
108911,Postpaid,West,Store,4,28.52,12.47,0,2,28.71,0
108912,Postpaid,East,Web,17,29.07,20.27,2,2,32.55,0
108913,Postpaid,West,Partner,39,20.31,5.08,3,4,20.31,0
108914,Postpaid,South,Web,37,34.32,5.8,0,1,34.32,0
108915,Prepaid,South,Store,10,18.63,7.83,2,3,18.63,1
108916,Postpaid,Central,Web,1,28.82,0.63,2,4,28.82,1
108917,Prepaid,North,App,61,16.02,1.26,2,2,16.02,0
108918,Family,North,Web,18,55.11,17.51,0,5,57.42,0
108919,Family,East,Web,55,43.35,10.08,0,7,43.35,0
108920,Postpaid,West,Store,13,33.93,10.28,1,3,33.93,0
108921,Family,North,Web,21,41.12,18.0,2,3,43.64,0
108922,Prepaid,East,Web,2,22.72,3.26,0,4,22.72,0
108923,Postpaid,South,Web,39,23.27,16.8,2,8,25.28,1
108924,Postpaid,West,Partner,38,32.34,10.32,2,3,32.34,0
108925,Postpaid,Central,Web,42,28.76,7.89,4,2,28.76,0
108926,Family,East,App,54,36.1,20.71,0,5,39.75,0
108927,Business,East,App,48,54.41,25.93,0,4,60.26,0
108928,Postpaid,East,Store,15,32.73,4.35,2,2,32.73,1
108929,Postpaid,North,App,31,38.28,18.01,2,3,40.81,1
108930,Postpaid,West,Web,6,26.05,14.03,0,2,26.9,0
108931,Prepaid,Central,Web,47,16.67,4.42,3,2,16.67,1
108932,Prepaid,West,App,29,24.41,7.01,0,3,24.41,1
108933,Business,Central,Partner,13,35.69,24.22,0,5,40.82,1
108934,Family,East,Web,64,35.87,24.87,2,2,41.28,1
108935,Business,West,Partner,34,60.27,20.23,0,1,63.73,0
108936,Prepaid,North,App,4,24.17,7.38,3,5,24.17,0
108937,Prepaid,Central,Store,7,8.0,4.68,4,2,8.0,1
108938,Postpaid,East,Web,21,24.83,7.71,1,4,24.83,1
108939,Business,South,Web,68,63.4,42.22,1,3,76.09,0
108940,Prepaid,West,Partner,8,21.12,4.36,1,2,21.12,0
108941,Prepaid,East,Partner,29,19.1,0.2,1,2,19.1,1
108942,Prepaid,Central,App,29,8.58,5.57,0,2,8.58,1
108943,Family,West,App,45,45.22,6.84,0,3,45.22,0
108944,Family,Central,Web,44,27.22,30.61,2,1,35.04,1
108945,Postpaid,East,App,36,32.98,18.64,5,3,35.77,0
108946,Prepaid,East,Partner,59,20.51,8.14,2,7,20.51,1
108947,Family,West,Web,2,27.85,25.26,3,3,33.42,0
108948,Postpaid,North,Web,29,30.48,20.23,4,2,33.94,1
108949,Prepaid,North,Partner,5,24.75,10.65,1,2,24.75,0
108950,Prepaid,Central,App,22,25.84,5.1,1,2,25.84,0
108951,Postpaid,Central,App,20,31.56,24.45,2,3,36.78,0
108952,Prepaid,Central,Web,64,18.56,15.23,0,5,19.91,0
108953,Business,North,Web,49,56.22,25.98,0,4,62.09,0
108954,Postpaid,South,Web,18,31.62,10.65,2,5,31.62,1
108955,Postpaid,Central,App,47,28.98,7.23,5,0,28.98,0
108956,Postpaid,North,Web,60,34.21,12.57,3,7,34.45,0
108957,Postpaid,East,App,14,31.61,16.72,0,5,33.59,1
108958,Prepaid,South,App,41,14.08,6.27,0,3,14.08,0
108959,Postpaid,Central,Partner,36,36.14,1.95,1,2,36.14,1
108960,Prepaid,East,App,66,14.32,4.55,2,2,14.32,0
108961,Postpaid,South,App,27,19.68,5.8,2,2,19.68,0
108962,Postpaid,East,App,49,25.93,7.73,1,3,25.93,0
108963,Postpaid,North,Web,41,17.75,7.46,2,2,17.75,1
108964,Postpaid,West,App,24,33.99,26.13,0,4,39.92,0
108965,Prepaid,West,App,25,22.35,7.67,2,1,22.35,1
108966,Postpaid,West,App,63,25.39,10.53,1,1,25.39,0
108967,Prepaid,East,Store,65,14.5,0.63,1,3,14.5,0
108968,Family,South,App,19,34.54,13.53,1,1,35.18,0
108969,Postpaid,North,Web,35,32.36,20.87,3,3,36.09,0
108970,Family,Central,Web,11,36.01,29.33,0,3,43.29,0
108971,Postpaid,East,Store,31,30.46,16.62,1,5,32.4,1
108972,Family,East,App,63,31.99,26.14,2,4,37.93,0
108973,Prepaid,South,Store,51,19.17,4.53,1,1,19.17,0
108974,Prepaid,Central,App,35,14.96,8.57,0,0,14.96,1
108975,Prepaid,West,Store,57,19.96,3.21,3,2,19.96,0
108976,Prepaid,North,Web,40,14.8,11.05,2,4,14.8,1
108977,Family,West,App,32,28.91,23.1,0,2,33.57,1
108978,Postpaid,East,App,2,20.31,13.51,1,1,20.94,0
108979,Postpaid,West,App,8,35.51,19.34,0,4,38.59,0
108980,Postpaid,Central,App,39,30.09,14.83,3,0,31.28,0
108981,Postpaid,West,App,7,37.56,8.06,2,1,37.56,0
108982,Postpaid,Central,App,1,36.23,27.99,1,3,42.94,0
108983,Family,East,Web,24,37.44,22.55,1,3,41.87,0
108984,Postpaid,South,App,41,40.47,14.31,1,1,41.45,0
108985,Family,West,App,53,35.94,18.34,1,1,38.6,0
108986,Prepaid,West,Partner,70,8.0,11.44,0,6,8.0,0
108987,Business,South,Store,48,56.17,24.4,3,2,61.38,0
108988,Prepaid,East,Web,71,21.39,3.42,0,2,21.39,0
108989,Postpaid,North,Store,21,32.69,20.1,0,3,36.09,0
108990,Family,South,App,48,33.34,11.17,0,0,33.34,1
108991,Prepaid,Central,App,1,23.31,11.28,0,5,23.31,1
108992,Prepaid,North,Web,10,16.89,1.32,1,1,16.89,1
108993,Postpaid,West,Web,47,25.92,14.14,4,2,26.81,1
108994,Postpaid,South,Store,23,31.23,16.37,0,3,33.06,1
108995,Business,West,Store,41,52.7,44.52,2,3,66.36,0
108996,Family,Central,Store,68,41.58,9.42,2,5,41.58,1
108997,Postpaid,West,App,56,37.28,15.53,2,3,38.76,1
108998,Business,West,App,26,40.81,26.44,1,1,46.88,0
108999,Postpaid,South,Partner,50,25.34,15.94,0,2,26.99,0
109000,Family,South,App,67,51.31,20.8,1,3,55.0,0
109001,Prepaid,West,App,18,17.46,6.61,0,2,17.46,0
109002,Postpaid,West,Web,40,31.88,22.1,3,2,36.12,0
109003,Prepaid,West,App,53,19.94,15.37,3,2,21.36,1
109004,Prepaid,West,Partner,48,19.36,8.91,0,0,19.36,0
109005,Postpaid,South,App,36,33.06,21.6,1,1,37.09,0
109006,Prepaid,South,Web,32,23.91,4.49,1,3,23.91,1
109007,Postpaid,Central,App,42,27.76,13.04,0,3,28.2,0
109008,Postpaid,East,App,36,24.55,9.21,1,4,24.55,1
109009,Prepaid,West,Store,26,24.8,5.19,4,3,24.8,1
109010,Postpaid,West,Web,63,35.45,22.61,1,2,39.91,0
109011,Postpaid,Central,App,57,32.08,6.92,0,6,32.08,0
109012,Family,Central,App,47,43.6,36.38,1,0,53.84,0
109013,Prepaid,South,App,15,17.14,16.83,1,6,19.17,0
109014,Business,Central,App,38,32.79,32.52,2,2,41.41,0
109015,Family,South,Web,15,50.18,16.98,2,5,52.27,0
109016,Postpaid,East,Partner,12,27.43,21.27,0,1,31.32,0
109017,Postpaid,Central,Web,18,20.98,9.43,3,2,20.98,1
109018,Postpaid,South,Store,12,25.26,14.36,1,4,26.25,0
109019,Family,South,Store,57,45.43,15.33,0,2,46.84,1
109020,Prepaid,West,Store,38,14.21,1.36,2,1,14.21,0
109021,Business,Central,App,53,53.65,15.52,2,4,55.13,0
109022,Family,North,App,71,32.2,20.71,0,3,35.86,0
109023,Postpaid,West,Web,20,29.82,7.61,0,2,29.82,0
109024,Family,East,Web,15,25.34,17.58,2,0,27.68,0
109025,Postpaid,East,App,11,25.78,5.24,2,3,25.78,1
109026,Family,West,Web,2,48.06,21.16,4,1,51.9,1
109027,Family,East,Web,3,14.8,22.15,0,5,19.06,1
109028,Prepaid,West,Partner,43,20.97,6.68,1,2,20.97,0
109029,Prepaid,West,Partner,50,28.12,15.18,2,2,29.46,1
109030,Prepaid,Central,App,22,25.76,10.5,2,2,25.76,1
109031,Family,West,App,39,23.07,6.28,1,4,23.07,1
109032,Postpaid,North,Web,15,41.39,27.29,2,2,47.81,0
109033,Family,West,Web,51,33.88,25.19,1,2,39.42,1
109034,Postpaid,West,App,52,32.66,24.93,2,3,38.09,1
109035,Prepaid,North,Store,51,18.22,5.92,0,10,18.22,1
109036,Family,West,Partner,37,26.41,14.04,0,2,27.26,0
109037,Postpaid,West,App,61,28.73,20.78,0,2,32.42,1
109038,Postpaid,North,App,7,27.9,27.27,2,2,34.32,0
109039,Prepaid,East,App,30,21.91,6.78,1,1,21.91,0
109040,Prepaid,East,App,5,13.05,6.5,1,2,13.05,0
109041,Prepaid,East,Store,60,23.18,2.7,6,3,23.18,0
109042,Postpaid,Central,App,6,26.55,16.33,0,2,28.37,0
109043,Postpaid,North,Web,32,27.14,23.69,1,2,32.05,0
109044,Prepaid,West,App,14,20.69,7.81,1,6,20.69,1
109045,Prepaid,West,Web,51,8.0,0.2,1,1,8.0,0
109046,Prepaid,East,App,29,19.59,10.82,0,2,19.59,1
109047,Postpaid,East,Web,40,31.69,15.96,2,2,33.36,1
109048,Business,North,App,70,55.38,20.97,1,1,59.15,1
109049,Postpaid,North,Web,67,29.17,19.51,2,1,32.32,0
109050,Prepaid,East,App,31,8.0,6.98,2,5,8.0,1
109051,Postpaid,South,Store,27,29.69,17.74,2,2,32.1,0
109052,Family,West,App,22,35.35,13.52,1,2,35.99,0
109053,Family,West,App,50,31.68,17.97,1,2,34.19,0
109054,Family,North,Web,72,25.13,25.29,1,3,30.71,0
109055,Business,South,App,44,40.81,13.75,0,2,41.54,0
109056,Postpaid,Central,Partner,41,30.13,7.97,1,6,30.13,0
109057,Business,South,Store,72,54.16,32.13,0,2,62.62,0
109058,Prepaid,West,App,14,15.11,0.2,1,1,15.11,1
109059,Family,North,Partner,6,27.64,29.56,2,2,35.01,0
109060,Family,Central,App,7,36.52,37.36,0,2,47.17,0
109061,Family,East,Web,44,27.13,24.91,1,1,32.55,0
109062,Postpaid,East,App,65,33.78,8.87,1,2,33.78,0
109063,Family,East,Store,17,45.6,16.47,0,1,47.47,0
109064,Prepaid,South,Web,53,18.24,14.69,1,4,19.37,1
109065,Postpaid,West,App,64,32.49,18.54,2,3,35.23,1
109066,Postpaid,North,Web,66,29.06,19.78,1,2,32.32,0
109067,Postpaid,North,App,58,24.65,21.8,1,3,28.77,0
109068,Postpaid,North,Web,27,34.31,15.53,0,3,35.79,0
109069,Postpaid,West,App,48,31.7,2.23,0,1,31.7,0
109070,Prepaid,Central,App,40,15.71,7.87,1,2,15.71,0
109071,Prepaid,North,App,35,17.98,15.27,3,1,19.35,0
109072,Postpaid,Central,Store,51,25.08,1.4,0,1,25.08,0
109073,Postpaid,West,Partner,50,27.09,17.91,2,0,29.57,1
109074,Family,North,Partner,59,44.75,23.03,0,2,49.38,1
109075,Prepaid,North,Web,40,18.44,11.58,1,1,18.44,1
109076,Family,South,Web,48,31.61,23.11,1,3,36.28,1
109077,Postpaid,North,Web,21,27.51,13.42,2,4,28.1,0
109078,Prepaid,West,Store,35,16.85,4.71,0,2,16.85,0
109079,Prepaid,East,App,59,22.95,5.6,2,1,22.95,1
109080,Postpaid,East,Web,56,23.16,13.13,3,2,23.63,1
109081,Postpaid,West,App,37,36.47,12.88,3,2,36.84,0
109082,Prepaid,South,Web,41,20.28,11.53,1,2,20.28,1
109083,Prepaid,Central,App,19,21.73,0.2,0,2,21.73,0
109084,Prepaid,West,App,28,16.42,11.81,1,3,16.42,1
109085,Prepaid,South,Web,48,20.77,1.1,1,2,20.77,1
109086,Prepaid,East,App,9,23.1,4.51,0,5,23.1,0
109087,Family,South,Partner,2,31.72,18.22,1,3,34.34,0
109088,Postpaid,Central,Partner,44,28.85,2.54,2,4,28.85,1
109089,Postpaid,East,Store,52,35.75,16.25,0,5,37.53,0
109090,Postpaid,Central,Web,71,39.1,13.92,2,7,39.91,1
109091,Postpaid,Central,App,34,37.55,22.81,2,1,42.09,1
109092,Prepaid,East,App,9,15.63,7.26,1,2,15.63,1
109093,Prepaid,West,Partner,46,17.77,6.53,0,4,17.77,0
109094,Prepaid,East,App,23,16.2,7.54,0,3,16.2,1
109095,Postpaid,North,App,12,23.16,13.43,1,4,23.76,0
109096,Postpaid,Central,App,45,28.67,11.63,0,4,28.67,0
109097,Postpaid,East,Web,52,34.91,4.52,0,3,34.91,0
109098,Postpaid,Central,Web,4,28.37,15.83,1,0,29.98,0
109099,Business,West,App,53,50.25,16.56,0,1,52.16,0
109100,Prepaid,North,App,42,16.58,12.05,0,2,16.6,0
109101,Postpaid,East,Web,54,23.58,14.91,3,0,24.8,0
109102,Postpaid,North,App,46,28.36,11.72,0,1,28.36,0
109103,Postpaid,North,App,34,26.16,8.65,1,6,26.16,1
109104,Family,West,App,25,36.9,24.52,1,2,42.16,0
109105,Family,North,Web,47,44.38,28.87,2,2,51.46,0
109106,Prepaid,Central,App,15,8.95,6.47,3,1,8.95,1
109107,Postpaid,East,App,40,34.47,17.35,1,4,36.72,0
109108,Family,East,Store,55,46.03,24.68,2,3,51.35,0
109109,Postpaid,South,App,17,23.19,20.9,0,2,26.92,0
109110,Business,North,Partner,7,45.08,16.23,1,5,46.86,0
109111,Postpaid,East,Web,2,19.03,19.11,3,1,22.02,1
109112,Postpaid,South,Web,40,23.63,11.85,1,2,23.63,0
109113,Postpaid,West,App,30,33.39,8.57,3,2,33.39,0
109114,Postpaid,East,App,48,34.38,22.94,2,4,38.98,1
109115,Family,South,Store,59,26.52,33.67,1,3,35.62,0
109116,Prepaid,East,App,71,10.87,7.47,2,3,10.87,0
109117,Postpaid,South,Store,24,27.57,11.0,1,3,27.57,1
109118,Postpaid,South,App,9,33.0,0.2,2,4,33.0,1
109119,Family,West,Web,54,48.78,24.85,1,1,54.17,0
109120,Postpaid,North,App,2,31.46,7.65,2,0,31.46,0
109121,Business,South,Store,47,58.48,29.63,2,1,65.89,0
109122,Family,East,App,20,41.06,8.53,2,1,41.06,1
109123,Postpaid,East,App,26,32.37,1.11,5,1,32.37,1
109124,Family,Central,Store,9,42.38,35.78,1,3,52.37,0
109125,Business,Central,Store,1,55.51,17.79,1,1,57.95,0
109126,Prepaid,West,Partner,14,21.29,6.38,2,1,21.29,1
109127,Postpaid,East,App,32,35.21,17.1,0,5,37.35,1
109128,Prepaid,East,App,22,21.96,4.82,2,2,21.96,0
109129,Postpaid,North,Store,29,26.31,6.32,2,4,26.31,1
109130,Prepaid,West,App,9,17.2,7.21,3,0,17.2,0
109131,Family,East,Web,10,32.64,19.97,1,1,35.99,0
109132,Postpaid,South,App,54,29.38,12.02,0,4,29.39,0
109133,Postpaid,West,Web,59,21.31,14.98,0,1,22.57,0
109134,Prepaid,West,Web,54,24.0,11.11,4,3,24.0,1
109135,Postpaid,East,App,69,36.76,2.25,1,1,36.76,0
109136,Postpaid,North,App,53,29.22,17.31,2,1,31.45,0
109137,Postpaid,Central,Store,9,26.06,21.37,0,2,30.0,1
109138,Prepaid,North,Store,54,8.0,7.32,1,2,8.0,1
109139,Prepaid,Central,App,17,21.91,5.54,0,4,21.91,0
109140,Postpaid,East,Store,56,33.75,11.9,0,2,33.75,0
109141,Business,Central,Web,46,53.91,39.47,1,2,65.45,0
109142,Prepaid,Central,Store,61,22.48,12.26,3,5,22.59,0
109143,Postpaid,South,Store,69,24.56,14.13,0,5,25.46,0
109144,Prepaid,West,Web,50,18.13,10.18,0,3,18.13,0
109145,Postpaid,North,Store,68,19.79,15.9,1,2,21.42,0
109146,Prepaid,North,App,39,19.93,12.86,0,5,20.29,0
109147,Postpaid,South,App,68,19.94,11.74,1,4,19.94,0
109148,Postpaid,West,App,7,30.05,14.32,1,2,31.02,0
109149,Prepaid,North,App,32,21.55,9.98,1,3,21.55,1
109150,Postpaid,East,App,55,40.23,18.58,1,3,42.99,0
109151,Postpaid,Central,Web,71,29.21,33.84,1,3,38.38,0
109152,Postpaid,Central,App,63,27.87,20.68,0,4,31.51,0
109153,Business,South,Web,27,60.57,27.42,3,2,67.05,1
109154,Postpaid,East,App,46,33.92,15.97,0,2,35.59,0
109155,Family,North,App,7,45.34,15.47,0,3,46.8,0
109156,Postpaid,South,App,9,28.17,23.77,0,2,33.12,0
109157,Prepaid,Central,Store,51,13.18,6.99,0,5,13.18,0
109158,Prepaid,Central,App,23,22.14,5.57,4,1,22.14,1
109159,Postpaid,South,App,41,21.14,19.9,0,4,24.46,1
109160,Prepaid,South,Store,15,19.21,7.39,2,3,19.21,1
109161,Family,South,App,58,29.78,31.16,1,1,37.82,0
109162,Postpaid,East,App,7,37.23,24.18,2,0,42.35,0
109163,Postpaid,North,App,45,30.93,20.25,1,1,34.4,1
109164,Postpaid,North,App,49,35.49,16.3,1,3,37.3,0
109165,Postpaid,East,App,60,14.64,10.89,1,3,14.64,0
109166,Postpaid,South,App,19,27.99,7.95,2,3,27.99,0
109167,Prepaid,Central,Store,25,14.17,8.61,1,1,14.17,0
109168,Prepaid,West,Store,41,20.12,15.64,1,1,21.65,0
109169,Prepaid,East,Partner,21,22.72,8.35,3,2,22.72,1
109170,Prepaid,East,Web,54,14.85,7.29,1,1,14.85,0
109171,Postpaid,West,App,55,26.97,18.52,2,3,29.71,0
109172,Prepaid,North,App,55,18.0,2.04,0,3,18.0,1
109173,Prepaid,Central,Partner,36,18.09,4.59,2,4,18.09,1
109174,Family,North,App,46,32.06,17.05,1,3,34.18,0
109175,Business,Central,Store,13,67.34,25.07,0,6,72.83,0
109176,Postpaid,North,Web,15,23.45,19.05,0,6,26.41,1
109177,Postpaid,West,Store,28,25.12,27.07,1,1,31.45,0
109178,Family,North,App,15,40.85,23.69,2,3,45.76,1
109179,Prepaid,West,App,58,10.73,1.73,3,4,10.73,1
109180,Postpaid,East,App,19,30.76,11.47,1,1,30.76,0
109181,Prepaid,North,App,67,14.13,10.95,0,4,14.13,0
109182,Postpaid,West,App,30,30.55,24.42,1,3,35.77,1
109183,Business,North,Store,55,55.2,21.23,1,1,59.07,0
109184,Family,East,App,6,40.47,24.02,2,0,45.51,1
109185,Business,South,App,52,58.6,28.04,3,1,65.34,0
109186,Family,West,App,33,34.68,10.83,0,1,34.68,0
109187,Postpaid,Central,Partner,59,27.46,2.98,0,6,27.46,0
109188,Family,East,App,14,48.62,15.43,4,0,50.06,1
109189,Postpaid,West,App,15,25.34,28.35,2,0,32.21,0
109190,Postpaid,Central,Store,63,37.88,32.05,1,1,46.3,0
109191,Prepaid,West,App,42,25.3,11.0,0,3,25.3,0
109192,Postpaid,South,App,41,27.46,8.43,1,2,27.46,0
109193,Prepaid,East,App,43,9.18,7.74,0,4,9.18,0
109194,Postpaid,South,Partner,26,24.9,29.5,2,3,32.25,0
109195,Prepaid,East,Store,69,22.63,0.2,2,2,22.63,1
109196,Postpaid,South,Store,40,32.05,14.09,2,2,32.93,0
109197,Prepaid,West,Partner,2,17.25,8.2,0,3,17.25,0
109198,Prepaid,West,Store,21,11.94,12.75,0,5,12.25,1
109199,Postpaid,West,App,70,30.71,24.6,0,2,36.0,0
109200,Prepaid,North,Store,36,13.78,11.23,1,5,13.78,1
109201,Business,North,Store,53,59.73,30.6,0,2,67.54,0
109202,Postpaid,West,App,2,25.15,10.53,3,4,25.15,0
109203,Postpaid,East,Web,2,24.39,13.08,0,0,24.84,1
109204,Prepaid,Central,App,15,20.09,3.45,2,2,20.09,1
109205,Family,East,App,38,41.63,25.21,3,1,47.18,0
109206,Postpaid,South,App,44,28.29,12.76,0,1,28.61,0
109207,Postpaid,West,App,6,34.2,16.84,2,2,36.23,0
109208,Prepaid,West,Partner,67,16.06,3.58,1,2,16.06,0
109209,Family,North,Store,44,31.02,20.83,0,2,34.73,0
109210,Business,West,App,26,52.21,21.53,0,1,56.21,0
109211,Postpaid,South,Store,33,25.76,15.31,2,0,27.15,0
109212,Prepaid,South,Web,37,27.6,10.09,0,4,27.6,1
109213,Prepaid,North,App,56,22.93,7.46,2,3,22.93,0
109214,Prepaid,West,Store,7,25.57,7.57,1,2,25.57,1
109215,Family,West,Web,42,39.29,25.48,3,2,44.95,1
109216,Business,South,App,38,39.88,39.06,1,0,51.25,1
109217,Business,West,Store,57,50.75,27.26,0,1,57.16,0
109218,Family,West,Store,26,30.89,24.7,2,3,36.22,1
109219,Prepaid,South,Web,27,13.55,8.96,1,0,13.55,0
109220,Business,North,Partner,59,59.62,17.88,1,3,62.09,0
109221,Prepaid,South,Partner,62,8.0,1.87,0,2,8.0,1
109222,Prepaid,North,App,60,20.29,7.59,1,3,20.29,0
109223,Postpaid,Central,Web,63,29.53,22.52,2,1,33.95,1
109224,Prepaid,West,Web,8,23.35,6.16,2,2,23.35,0
109225,Family,North,App,48,38.47,15.06,1,3,39.75,0
109226,Business,East,Partner,50,50.24,13.31,2,2,50.79,0
109227,Family,South,Web,19,34.56,32.58,0,0,43.2,0
109228,Family,North,Web,33,27.9,12.84,2,3,28.25,0
109229,Postpaid,South,App,72,36.1,17.96,1,3,38.61,1
109230,Prepaid,North,App,11,16.47,1.63,0,1,16.47,0
109231,Family,South,Partner,59,38.56,35.41,2,1,48.39,0
109232,Postpaid,South,Partner,23,22.21,13.0,0,3,22.62,0
109233,Family,South,App,62,28.35,35.82,2,4,38.36,0
109234,Prepaid,East,App,39,20.66,14.95,1,2,21.9,0
109235,Prepaid,East,Store,1,22.56,9.78,0,4,22.56,0
109236,Postpaid,South,App,8,39.23,3.37,1,2,39.23,0
109237,Postpaid,East,Store,60,33.69,24.21,5,2,38.82,0
109238,Family,East,Partner,57,38.18,15.59,0,8,39.69,0
109239,Business,Central,App,16,54.7,28.12,0,3,61.47,0
109240,Prepaid,North,Web,47,14.45,13.63,1,8,15.14,1
109241,Postpaid,East,Store,37,43.44,19.74,1,0,46.69,1
109242,Prepaid,North,App,4,21.45,10.77,2,4,21.45,0
109243,Prepaid,South,App,51,24.72,9.19,0,1,24.72,0
109244,Postpaid,East,Store,12,16.57,6.66,1,3,16.57,0
109245,Postpaid,West,Web,30,29.47,17.46,2,1,31.76,0
109246,Postpaid,Central,Store,1,28.97,19.98,2,5,32.32,1
109247,Postpaid,East,Partner,18,28.4,16.1,2,3,30.12,0
109248,Postpaid,South,App,68,21.59,18.74,1,2,24.42,0
109249,Family,West,Partner,37,46.19,25.64,2,3,51.92,0
109250,Prepaid,South,Store,53,21.05,7.97,1,3,21.05,0
109251,Postpaid,East,App,22,42.6,1.19,1,3,42.6,0
109252,Postpaid,Central,App,4,39.89,13.73,1,3,40.62,0
109253,Family,South,App,45,39.48,19.04,1,2,42.44,0
109254,Family,East,App,18,39.35,9.01,1,4,39.35,0
109255,Prepaid,North,Partner,8,16.61,15.12,1,2,17.92,1
109256,Postpaid,North,Web,36,24.46,16.05,0,4,26.16,0
109257,Family,Central,App,30,30.78,16.12,0,2,32.51,1
109258,Postpaid,North,App,9,22.34,16.44,1,6,24.21,0
109259,Postpaid,South,Store,43,33.23,7.72,0,4,33.23,1
109260,Business,East,Web,33,51.75,15.95,1,2,53.41,1
109261,Prepaid,South,Web,72,18.2,13.25,1,1,18.73,0
109262,Postpaid,North,App,7,28.36,2.76,1,1,28.36,1
109263,Family,North,App,36,35.76,13.86,1,4,36.54,0
109264,Prepaid,East,App,58,12.39,7.52,2,6,12.39,0
109265,Postpaid,East,Store,31,35.14,15.11,2,2,36.44,0
109266,Postpaid,West,App,16,25.96,4.07,0,4,25.96,0
109267,Family,South,App,72,39.25,22.65,0,1,43.72,0
109268,Family,Central,Web,24,36.75,10.57,1,3,36.75,0
109269,Family,South,App,67,54.88,8.44,1,5,54.88,0
109270,Prepaid,South,Partner,61,28.01,9.26,1,0,28.01,1
109271,Family,Central,Web,49,29.59,20.16,2,1,33.02,1
109272,Business,Central,App,56,59.19,24.9,1,2,64.61,0
109273,Postpaid,South,App,40,29.47,5.3,1,5,29.47,0
109274,Postpaid,South,Store,49,31.51,17.19,0,2,33.69,0
109275,Prepaid,Central,Web,20,25.2,6.31,0,1,25.2,1
109276,Family,North,Store,5,34.89,14.66,2,0,36.01,1
109277,Prepaid,South,Partner,45,8.0,9.56,0,4,8.0,1
109278,Prepaid,East,Web,58,15.23,5.05,1,6,15.23,1
109279,Business,West,Store,61,56.89,11.5,0,2,56.89,0
109280,Business,East,App,55,50.01,21.8,1,2,54.13,1
109281,Business,East,App,71,57.54,53.95,1,1,75.16,1
109282,Postpaid,Central,Store,43,30.5,26.16,0,3,36.45,0
109283,Prepaid,North,App,13,9.63,7.59,1,1,9.63,1
109284,Postpaid,West,Web,15,33.8,11.04,0,3,33.8,1
109285,Prepaid,North,App,20,17.85,4.8,0,8,17.85,1
109286,Family,West,App,71,41.84,20.19,2,1,45.28,0
109287,Postpaid,East,Web,64,34.71,10.63,3,3,34.71,0
109288,Postpaid,South,Store,53,27.69,12.6,2,2,27.94,0
109289,Prepaid,East,App,62,21.41,10.09,2,3,21.41,1
109290,Postpaid,Central,Store,25,29.09,0.2,1,5,29.09,1
109291,Family,East,Web,52,41.26,24.24,3,2,46.41,0
109292,Postpaid,North,Store,13,27.61,21.79,1,2,31.72,0
109293,Prepaid,North,App,8,21.66,8.49,0,2,21.66,1
109294,Prepaid,West,Web,47,23.89,5.56,3,8,23.89,0
109295,Postpaid,West,Web,51,22.47,19.86,1,4,25.77,1
109296,Prepaid,South,App,43,19.1,7.43,2,3,19.1,0
109297,Business,South,App,34,51.68,29.05,1,4,58.84,1
109298,Postpaid,West,Web,44,35.43,19.69,3,0,38.67,0
109299,Prepaid,South,App,27,17.82,2.55,0,2,17.82,0
109300,Family,North,Partner,22,25.93,39.79,1,0,37.6,0
109301,Postpaid,South,App,19,30.09,7.39,1,4,30.09,0
109302,Prepaid,East,Web,27,18.28,4.58,1,4,18.28,0
109303,Postpaid,Central,Partner,23,39.51,10.18,2,2,39.51,1
109304,Prepaid,West,App,12,17.94,4.84,2,4,17.94,1
109305,Postpaid,South,Store,39,19.26,6.22,0,2,19.26,1
109306,Family,West,App,30,44.12,23.98,2,4,49.15,0
109307,Business,South,Store,12,50.9,30.66,1,1,58.74,0
109308,Postpaid,Central,Partner,66,33.2,6.19,0,3,33.2,0
109309,Postpaid,South,Partner,37,29.44,15.33,2,2,30.84,0
109310,Prepaid,Central,App,11,17.84,10.68,0,2,17.84,1
109311,Postpaid,Central,Web,4,32.05,18.18,0,2,34.64,1
109312,Prepaid,Central,Web,7,22.77,6.17,0,4,22.77,1
109313,Postpaid,North,App,30,31.3,17.06,3,2,33.43,1
109314,Prepaid,Central,Web,18,22.59,6.86,1,4,22.59,0
109315,Business,West,App,70,61.46,36.09,0,0,71.58,1
109316,Family,South,Partner,34,21.42,3.15,0,4,21.42,1
109317,Prepaid,East,Web,54,22.18,10.82,2,4,22.18,1
109318,Family,West,Store,18,43.37,21.22,2,2,47.24,0
109319,Prepaid,Central,App,5,18.68,7.47,1,4,18.68,1
109320,Family,West,Partner,25,37.1,18.91,0,4,40.0,0
109321,Prepaid,East,App,50,15.9,3.94,0,1,15.9,0
109322,Prepaid,West,Store,56,16.78,0.2,1,2,16.78,1
109323,Postpaid,North,Store,15,22.78,14.89,1,3,23.99,0
109324,Postpaid,East,App,22,25.88,22.96,1,2,30.48,1
109325,Postpaid,West,App,35,34.48,19.36,5,3,37.57,1
109326,Postpaid,West,App,25,20.51,9.52,1,0,20.51,0
109327,Prepaid,West,Partner,22,20.35,7.97,0,0,20.35,0
109328,Prepaid,East,Web,71,20.95,6.25,1,3,20.95,1
109329,Postpaid,South,Web,68,25.13,19.78,1,2,28.4,0
109330,Postpaid,West,Store,26,19.57,22.47,0,3,23.96,0
109331,Prepaid,North,Web,4,28.93,4.93,1,4,28.93,1
109332,Postpaid,Central,Store,26,19.72,27.23,3,5,26.11,0
109333,Postpaid,Central,Web,64,28.32,7.64,1,5,28.32,0
109334,Postpaid,Central,Web,65,32.05,15.61,2,0,33.57,0
109335,Family,Central,App,51,30.68,24.4,1,5,35.89,0
109336,Postpaid,East,Partner,49,34.16,13.53,0,3,34.81,1
109337,Postpaid,East,Partner,27,18.14,11.72,0,4,18.14,1
109338,Postpaid,West,App,32,40.9,26.02,0,2,46.79,0
109339,Prepaid,South,Partner,64,19.72,14.22,0,2,20.65,1
109340,Prepaid,Central,Partner,16,18.21,5.32,0,3,18.21,1
109341,Prepaid,South,App,30,13.36,1.65,2,2,13.36,0
109342,Family,Central,App,64,33.61,20.15,2,1,37.03,1
109343,Prepaid,East,Web,51,19.09,4.45,0,0,19.09,0
109344,Postpaid,Central,Web,8,36.83,12.66,0,4,37.11,0
109345,Postpaid,East,App,57,27.92,16.43,0,4,29.78,0
109346,Postpaid,West,Store,5,30.45,15.95,1,0,32.12,1
109347,Family,Central,Store,21,20.89,27.56,3,1,27.43,0
109348,Postpaid,East,Store,67,25.02,9.22,1,1,25.02,1
109349,Prepaid,South,App,6,16.2,8.56,0,2,16.2,0
109350,Family,North,App,14,50.05,12.83,1,3,50.4,1
109351,Postpaid,East,Web,63,33.07,4.78,1,1,33.07,1
109352,Postpaid,West,App,49,29.74,0.2,0,2,29.74,0
109353,Family,West,Store,17,32.05,27.79,0,0,38.68,0
109354,Postpaid,North,Store,25,29.55,24.05,0,3,34.61,0
109355,Prepaid,North,Partner,68,9.27,6.65,1,3,9.27,0
109356,Business,Central,Partner,44,56.23,31.85,0,4,64.57,0
109357,Postpaid,West,Partner,23,36.5,5.93,2,4,36.5,1
109358,Postpaid,North,Store,11,32.46,3.63,1,0,32.46,0
109359,Prepaid,North,App,30,13.25,9.99,2,4,13.25,0
109360,Prepaid,North,App,23,27.23,8.57,2,7,27.23,1
109361,Postpaid,West,Store,31,27.16,1.32,1,0,27.16,0
109362,Postpaid,West,App,4,34.32,24.86,2,5,39.72,1
109363,Postpaid,West,App,34,39.69,1.94,0,1,39.69,0
109364,Family,West,App,18,25.94,13.82,3,3,26.7,1
109365,Prepaid,Central,App,70,14.64,15.26,1,4,16.01,0
109366,Postpaid,South,Store,20,34.21,9.75,1,2,34.21,1
109367,Family,South,Partner,18,30.81,3.41,1,1,30.81,0
109368,Family,East,App,22,34.06,10.04,0,4,34.06,0
109369,Family,Central,App,44,43.09,20.89,1,2,46.83,0
109370,Family,East,Store,53,28.33,23.36,2,1,33.1,1
109371,Prepaid,East,App,22,13.11,4.75,0,2,13.11,1
109372,Postpaid,West,Partner,50,31.85,14.23,2,2,32.79,0
109373,Business,North,App,10,47.27,18.4,1,2,49.96,1
109374,Postpaid,South,App,14,25.13,18.64,1,1,27.92,0
109375,Prepaid,West,Web,21,14.2,3.56,0,6,14.2,1
109376,Business,Central,Store,51,53.76,27.94,1,2,60.46,0
109377,Prepaid,North,Store,40,23.92,2.81,0,4,23.92,0
109378,Prepaid,East,App,34,17.14,6.48,2,4,17.14,0
109379,Prepaid,Central,App,44,10.49,5.26,1,2,10.49,0
109380,Postpaid,West,App,15,29.03,13.32,2,4,29.59,0
109381,Postpaid,West,Web,19,23.87,18.62,0,2,26.65,0
109382,Postpaid,South,App,51,21.11,25.14,1,5,26.63,0
109383,Business,North,App,72,52.77,38.03,1,1,63.71,1
109384,Postpaid,South,Store,1,39.67,13.9,0,2,40.47,0
109385,Postpaid,South,Store,27,34.48,15.37,1,2,35.9,0
109386,Family,West,App,64,41.63,37.33,3,6,52.27,0
109387,Family,West,Partner,60,35.43,11.88,1,2,35.43,1
109388,Prepaid,West,Store,19,10.87,4.4,0,3,10.87,0
109389,Prepaid,North,Partner,3,28.37,13.45,2,8,28.98,0
109390,Postpaid,South,App,41,24.84,11.76,0,3,24.84,0
109391,Family,West,Store,51,29.38,11.34,0,2,29.38,0
109392,Postpaid,North,App,19,31.66,11.7,0,5,31.66,1
109393,Prepaid,North,App,22,23.63,14.15,2,5,24.53,0
109394,Family,South,App,49,32.66,19.72,2,3,35.9,1
109395,Postpaid,North,App,39,23.24,15.87,3,4,24.87,1
109396,Postpaid,North,Web,21,33.15,9.04,2,3,33.15,0
109397,Family,South,Web,61,29.58,32.13,1,1,38.04,0
109398,Family,Central,App,66,30.9,15.71,1,3,32.46,0
109399,Postpaid,North,App,53,36.27,20.09,2,2,39.67,0
109400,Postpaid,East,App,69,37.25,24.85,2,5,42.65,0
109401,Postpaid,East,Store,26,23.02,10.4,3,2,23.02,0
109402,Postpaid,East,App,8,17.6,15.84,1,2,19.21,1
109403,Postpaid,East,Web,53,30.38,17.53,2,4,32.7,1
109404,Postpaid,North,App,41,28.96,12.98,4,4,29.37,1
109405,Postpaid,North,Web,30,28.68,8.04,0,4,28.68,0
109406,Postpaid,East,Partner,19,36.76,14.61,0,0,37.86,0
109407,Prepaid,Central,App,5,9.36,7.33,0,1,9.36,1
109408,Postpaid,South,Web,13,44.52,3.41,1,2,44.52,0
109409,Postpaid,East,Partner,48,20.79,12.0,3,3,20.79,1
109410,Postpaid,Central,Store,17,24.8,21.06,1,0,28.6,1
109411,Postpaid,West,App,68,24.76,20.56,3,2,28.36,0
109412,Prepaid,West,Store,35,13.87,6.66,0,3,13.87,0
109413,Business,East,App,7,54.21,22.79,1,5,58.74,0
109414,Family,Central,Partner,48,43.14,17.69,0,2,45.53,1
109415,Postpaid,East,Store,50,24.58,0.76,2,4,24.58,0
109416,Postpaid,West,Web,13,26.19,8.65,2,5,26.19,1
109417,Family,West,Store,61,45.41,6.92,4,3,45.41,0
109418,Postpaid,South,App,54,30.97,22.99,2,3,35.58,0
109419,Business,Central,Store,43,68.44,0.96,1,1,68.44,1
109420,Prepaid,Central,Web,9,15.0,7.23,1,1,15.0,1
109421,Prepaid,East,App,35,12.85,14.38,2,1,13.85,1
109422,Postpaid,South,App,70,38.6,11.33,2,2,38.6,0
109423,Prepaid,West,Partner,18,16.69,11.26,2,5,16.69,0
109424,Postpaid,South,App,68,27.26,25.73,1,3,33.03,0
109425,Family,East,Web,14,41.22,19.9,0,2,44.54,0
109426,Prepaid,North,App,44,21.56,7.46,1,3,21.56,0
109427,Postpaid,West,Web,29,35.31,14.95,1,1,36.55,0
109428,Postpaid,Central,Store,5,39.21,17.81,0,1,41.65,1
109429,Family,North,App,47,21.38,20.99,0,2,25.16,0
109430,Postpaid,West,App,35,22.96,18.95,3,3,25.88,1
109431,Prepaid,Central,App,23,22.15,6.08,1,3,22.15,0
109432,Postpaid,North,Web,17,33.62,8.13,2,4,33.62,1
109433,Postpaid,South,App,36,21.32,24.88,2,5,26.73,1
109434,Family,South,App,8,51.12,26.13,1,3,57.06,0
109435,Postpaid,West,Store,44,26.42,19.74,2,4,29.67,0
109436,Prepaid,East,Partner,7,24.47,9.36,3,1,24.47,0
109437,Family,North,App,16,22.25,22.45,0,4,26.63,0
109438,Postpaid,South,Web,37,23.86,11.34,0,5,23.86,1
109439,Prepaid,East,Partner,54,15.72,7.52,0,2,15.72,1
109440,Postpaid,North,Store,29,31.1,14.71,1,1,32.24,0
109441,Business,West,Partner,46,57.42,20.94,3,0,61.17,1
109442,Postpaid,North,Store,68,38.5,19.68,1,0,41.72,1
109443,Prepaid,West,Web,43,15.87,11.73,1,2,15.87,0
109444,Postpaid,West,Web,55,35.71,21.4,0,2,39.66,0
109445,Prepaid,Central,App,35,12.83,4.24,3,4,12.83,1
109446,Postpaid,North,Store,19,25.63,11.34,2,1,25.63,0
109447,Postpaid,West,Store,27,36.95,17.88,0,6,39.43,0
109448,Prepaid,West,App,26,20.15,5.03,0,3,20.15,0
109449,Postpaid,East,Store,40,17.45,15.19,0,4,18.79,0
109450,Business,North,Web,11,54.55,23.72,2,2,59.47,1
109451,Prepaid,North,App,56,20.99,16.2,0,1,22.75,0
109452,Family,West,App,11,35.97,26.74,0,3,42.16,0
109453,Postpaid,East,App,51,24.21,9.82,1,2,24.21,1
109454,Postpaid,Central,App,34,26.48,8.37,1,3,26.48,0
109455,Prepaid,West,Store,54,27.3,6.06,3,2,27.3,0
109456,Prepaid,West,App,13,24.79,6.81,0,5,24.79,0
109457,Prepaid,Central,App,16,14.74,12.22,3,4,14.83,0
109458,Postpaid,West,App,19,21.46,11.28,1,3,21.46,1
109459,Business,North,Partner,57,48.71,6.15,0,3,48.71,0
109460,Family,North,Partner,20,30.05,33.21,1,4,38.96,0
109461,Prepaid,West,App,25,18.7,6.68,0,3,18.7,0
109462,Prepaid,South,App,11,13.15,10.45,1,1,13.15,1
109463,Prepaid,Central,App,17,13.67,14.89,0,3,14.88,0
109464,Business,North,App,62,43.13,14.83,2,1,44.31,0
109465,Prepaid,North,Web,9,26.51,2.39,2,2,26.51,0
109466,Prepaid,West,Store,66,23.99,11.77,1,3,23.99,0
109467,Postpaid,Central,Store,60,30.58,21.53,0,1,34.59,0
109468,Postpaid,Central,Web,69,26.48,16.53,3,3,28.38,0
109469,Prepaid,North,Web,45,8.0,11.91,1,4,8.0,0
109470,Postpaid,South,App,50,42.36,8.34,1,8,42.36,1
109471,Prepaid,West,Store,61,19.68,11.63,0,1,19.68,1
109472,Prepaid,Central,Store,52,10.82,7.04,1,3,10.82,1
109473,Prepaid,South,Store,41,29.33,1.4,2,3,29.33,0
109474,Postpaid,West,App,31,32.45,12.86,1,6,32.81,1
109475,Business,North,App,62,44.72,12.22,1,1,44.81,1
109476,Postpaid,West,App,23,31.97,6.57,1,1,31.97,0
109477,Family,North,App,41,39.64,18.71,0,0,42.46,1
109478,Prepaid,Central,App,5,18.96,6.69,0,0,18.96,0
109479,Postpaid,North,Web,47,34.9,15.86,1,3,36.52,0
109480,Business,West,App,10,54.93,22.23,1,7,59.22,1
109481,Postpaid,West,Partner,5,34.77,16.87,0,3,36.82,1
109482,Business,South,App,22,56.48,27.98,2,2,63.19,1
109483,Postpaid,South,Partner,49,33.05,16.01,2,5,34.73,1
109484,Family,West,App,60,29.61,20.46,5,2,33.17,0
109485,Prepaid,West,App,44,16.5,9.11,2,3,16.5,1
109486,Postpaid,West,App,48,25.58,12.07,0,3,25.61,0
109487,Postpaid,East,App,18,34.37,14.64,0,3,35.48,0
109488,Business,North,App,8,48.84,13.47,0,3,49.46,0
109489,Family,Central,Store,9,31.47,28.81,3,3,38.53,1
109490,Postpaid,North,App,6,31.76,12.51,2,3,31.97,0
109491,Business,East,App,25,53.42,24.86,0,1,58.83,0
109492,Family,Central,App,54,45.37,23.48,1,1,50.2,0
109493,Postpaid,Central,Web,5,29.04,4.83,1,4,29.04,0
109494,Prepaid,North,App,25,17.84,8.68,1,1,17.84,0
109495,Prepaid,South,App,44,15.86,7.24,1,6,15.86,0
109496,Prepaid,West,App,5,11.77,7.3,1,3,11.77,1
109497,Prepaid,South,Web,40,11.64,10.06,0,7,11.64,0
109498,Business,West,Web,29,73.28,36.59,0,2,83.61,0
109499,Prepaid,East,Store,67,14.67,8.94,0,3,14.67,0
109500,Postpaid,South,Store,36,26.89,27.76,3,1,33.51,0
109501,Postpaid,East,App,38,37.01,17.81,1,1,39.45,0
109502,Postpaid,West,Store,62,31.33,12.82,1,3,31.67,1
109503,Prepaid,West,Web,53,20.1,10.37,2,1,20.1,1
109504,Postpaid,South,Web,40,30.62,8.56,2,2,30.62,1
109505,Postpaid,North,App,48,32.4,23.06,2,3,37.05,1
109506,Postpaid,South,Web,30,31.35,24.99,1,4,36.81,1
109507,Prepaid,West,Store,51,13.11,9.82,2,2,13.11,0
109508,Family,West,Web,23,27.68,11.54,1,3,27.68,0
109509,Prepaid,Central,Web,23,27.28,4.2,2,2,27.28,1
109510,Postpaid,Central,Web,60,20.14,17.96,4,3,22.64,0
109511,Postpaid,East,App,30,33.5,11.82,2,3,33.5,1
109512,Prepaid,Central,App,39,12.81,6.78,1,2,12.81,0
109513,Family,South,App,9,37.14,14.62,1,0,38.24,1
109514,Prepaid,East,Store,25,19.6,10.17,0,1,19.6,1
109515,Business,East,Store,47,66.51,26.62,2,5,72.65,1
109516,Family,West,Web,39,40.82,33.91,2,2,50.02,1
109517,Postpaid,West,Store,22,35.2,18.33,3,1,37.86,0
109518,Prepaid,South,Store,3,26.39,13.83,1,5,27.15,1
109519,Prepaid,Central,Store,40,18.58,7.48,1,1,18.58,1
109520,Family,Central,App,26,28.73,27.45,1,5,35.21,1
109521,Postpaid,Central,App,67,34.46,19.51,1,0,37.62,1
109522,Prepaid,East,App,4,14.98,4.59,2,4,14.98,1
109523,Postpaid,Central,Web,50,31.99,6.7,1,1,31.99,1
109524,Prepaid,West,App,28,19.63,12.17,0,1,19.7,0
109525,Postpaid,West,App,20,22.97,24.75,1,2,28.32,0
109526,Postpaid,East,App,52,36.33,2.43,2,2,36.33,1
109527,Prepaid,Central,Store,38,25.35,6.42,1,1,25.35,0
109528,Family,West,Partner,6,50.54,13.41,3,3,51.13,0
109529,Prepaid,East,Web,44,17.26,6.38,0,3,17.26,0
109530,Postpaid,Central,App,13,46.19,9.7,2,1,46.19,0
109531,Postpaid,South,Store,62,22.73,5.31,3,2,22.73,0
109532,Business,West,App,18,42.96,28.91,0,1,50.07,0
109533,Postpaid,South,Web,58,34.69,0.2,1,3,34.69,0
109534,Family,East,App,24,46.27,27.8,0,0,52.91,0
109535,Postpaid,South,App,23,25.68,20.28,1,6,29.16,1
109536,Family,South,Store,1,30.94,22.39,2,4,35.3,1
109537,Prepaid,South,App,67,19.69,7.9,1,2,19.69,0
109538,Postpaid,North,Partner,40,24.56,17.91,0,3,27.05,0
109539,Prepaid,North,App,11,16.72,6.71,2,6,16.72,1
109540,Business,West,Partner,3,44.56,32.39,0,3,53.12,1
109541,Business,South,App,20,66.6,34.56,0,1,76.08,0
109542,Postpaid,North,App,36,42.27,13.78,1,4,43.02,0
109543,Postpaid,North,Web,3,29.22,6.37,4,4,29.22,0
109544,Postpaid,North,Store,26,34.3,6.41,2,5,34.3,0
109545,Prepaid,North,Partner,23,25.33,8.74,2,3,25.33,1
109546,Postpaid,Central,Store,63,25.08,25.65,1,6,30.81,0
109547,Postpaid,East,Store,30,19.17,15.35,0,4,20.58,0
109548,Postpaid,South,App,8,19.43,0.2,1,2,19.43,1
109549,Prepaid,East,Partner,18,18.39,4.93,3,3,18.39,1
109550,Family,North,Web,60,49.81,16.79,0,4,51.82,1
109551,Prepaid,West,Store,1,15.28,10.55,2,5,15.28,1
109552,Postpaid,Central,Web,10,32.21,5.87,0,3,32.21,0
109553,Prepaid,North,App,1,19.28,8.16,0,4,19.28,0
109554,Prepaid,North,Web,4,16.36,5.76,0,6,16.36,0
109555,Prepaid,West,Store,67,16.45,7.41,2,3,16.45,0
109556,Postpaid,North,Web,72,27.74,9.42,2,1,27.74,0
109557,Postpaid,North,Web,53,26.17,4.34,0,3,26.17,0
109558,Postpaid,West,Store,7,32.84,31.09,3,6,40.85,1
109559,Postpaid,West,Web,51,24.21,8.17,0,1,24.21,0
109560,Postpaid,South,Web,56,37.92,10.44,2,1,37.92,0
109561,Prepaid,West,App,57,8.95,14.12,2,6,9.84,1
109562,Prepaid,North,Web,54,16.76,9.03,0,6,16.76,1
109563,Postpaid,South,Store,50,28.82,0.34,1,5,28.82,0
109564,Postpaid,West,Web,32,37.28,13.45,1,6,37.89,0
109565,Postpaid,West,Web,5,32.43,14.95,0,6,33.68,0
109566,Prepaid,West,App,60,11.44,4.19,0,9,11.44,0
109567,Family,West,App,67,37.72,31.41,0,2,45.87,0
109568,Prepaid,West,App,37,14.94,4.63,1,4,14.94,1
109569,Postpaid,Central,Web,31,27.52,13.25,1,1,28.04,0
109570,Prepaid,East,Web,67,22.36,11.81,1,2,22.36,1
109571,Postpaid,South,Web,33,28.12,14.41,2,2,29.13,1
109572,Postpaid,West,Web,27,24.2,13.42,1,4,24.79,0
109573,Postpaid,South,Store,64,36.58,23.99,0,4,41.62,0
109574,Prepaid,West,Store,67,20.33,8.34,1,0,20.33,0
109575,Postpaid,South,Partner,15,24.01,9.36,1,1,24.01,1
109576,Prepaid,East,App,20,24.54,10.43,0,5,24.54,0
109577,Postpaid,West,App,23,34.26,16.81,2,3,36.28,0
109578,Prepaid,West,App,12,21.48,1.28,0,5,21.48,0
109579,Prepaid,North,App,62,13.93,11.66,1,1,13.93,1
109580,Postpaid,East,Store,71,28.26,16.92,2,7,30.32,0
109581,Prepaid,West,App,38,17.31,8.89,0,1,17.31,0
109582,Prepaid,Central,Store,52,17.58,11.4,1,3,17.58,0
109583,Family,East,App,31,34.23,16.63,1,1,36.17,1
109584,Family,North,App,72,37.66,22.31,0,3,41.99,1
109585,Family,South,App,69,38.5,0.2,0,5,38.5,1
109586,Prepaid,East,Partner,54,13.8,11.96,0,6,13.8,0
109587,Postpaid,North,Store,64,25.7,13.99,0,2,26.53,0
109588,Family,Central,Web,10,48.09,19.51,2,3,51.24,1
109589,Prepaid,East,Store,64,19.44,14.31,1,1,20.41,0
109590,Family,East,App,31,44.09,11.59,1,3,44.09,0
109591,Prepaid,South,Web,16,24.82,12.52,1,2,25.04,1
109592,Family,North,App,68,34.97,19.73,3,3,38.21,0
109593,Postpaid,East,App,61,34.45,5.74,1,2,34.45,0
109594,Postpaid,East,Store,10,33.87,15.61,1,4,35.39,0
109595,Postpaid,South,Web,48,38.73,7.05,1,1,38.73,0
109596,Prepaid,West,Partner,64,28.84,11.37,0,2,28.84,0
109597,Postpaid,East,App,50,31.59,19.27,3,2,34.64,0
109598,Family,East,Web,35,34.04,25.21,0,6,39.58,0
109599,Postpaid,Central,Store,4,35.3,0.2,2,2,35.3,0
109600,Postpaid,South,Web,36,37.64,18.55,0,3,40.39,0
109601,Prepaid,South,Partner,41,16.64,15.12,0,0,17.95,1
109602,Postpaid,Central,Store,61,27.79,14.08,0,4,28.66,0
109603,Postpaid,South,App,16,30.43,11.09,0,6,30.43,0
109604,Prepaid,East,Web,15,19.56,9.11,3,8,19.56,0
109605,Business,West,Store,67,59.55,34.42,0,1,68.97,0
109606,Postpaid,West,Partner,61,29.76,15.8,3,3,31.36,0
109607,Postpaid,Central,Store,41,36.57,17.97,0,3,39.07,0
109608,Business,East,Partner,33,54.79,28.3,2,1,61.64,0
109609,Postpaid,East,App,45,30.73,20.01,3,1,34.09,1
109610,Business,North,Web,11,61.16,26.28,1,2,67.16,0
109611,Postpaid,North,App,18,40.74,20.63,1,4,44.37,0
109612,Postpaid,East,Web,40,20.88,24.07,4,1,25.95,0
109613,Prepaid,North,Partner,31,15.2,10.06,2,2,15.2,1
109614,Prepaid,East,Web,13,13.6,14.28,0,2,14.56,0
109615,Postpaid,South,Web,39,29.58,25.13,2,7,35.1,0
109616,Prepaid,North,App,48,19.2,4.77,1,2,19.2,1
109617,Prepaid,East,App,59,14.49,4.51,2,3,14.49,0
109618,Postpaid,West,Store,46,24.73,17.72,1,3,27.13,0
109619,Family,South,App,45,31.86,8.67,0,1,31.86,0
109620,Prepaid,West,App,41,16.73,10.4,2,3,16.73,0
109621,Family,North,Web,9,38.84,16.96,0,1,40.92,0
109622,Business,North,Web,28,59.26,33.05,1,2,68.1,0
109623,Family,Central,App,33,24.64,23.02,0,2,29.26,0
109624,Family,Central,App,38,49.38,27.61,0,1,55.94,0
109625,Postpaid,South,App,22,25.94,7.26,1,2,25.94,0
109626,Prepaid,East,Store,54,9.08,9.72,1,4,9.08,1
109627,Postpaid,Central,Partner,39,29.39,10.77,0,2,29.39,0
109628,Business,East,App,23,61.95,25.29,1,5,67.53,1
109629,Postpaid,North,App,34,37.08,13.69,0,2,37.79,0
109630,Family,North,Web,52,39.31,7.33,0,2,39.31,0
109631,Business,North,App,2,53.6,34.25,1,1,62.94,0
109632,Prepaid,West,Store,25,8.0,11.35,0,2,8.0,0
109633,Prepaid,West,App,15,23.98,10.03,3,3,23.98,1
109634,Postpaid,South,Partner,24,23.75,3.97,2,1,23.75,1
109635,Prepaid,North,Web,48,8.85,10.97,1,3,8.85,0
109636,Postpaid,North,App,16,24.71,16.29,0,2,26.52,0
109637,Family,West,App,40,38.2,24.76,1,2,43.56,0
109638,Postpaid,Central,App,28,22.31,13.31,1,3,22.86,0
109639,Prepaid,East,App,4,16.43,7.38,1,1,16.43,0
109640,Family,West,App,64,36.61,24.5,3,3,41.86,0
109641,Prepaid,South,Store,44,15.52,11.27,2,2,15.52,1
109642,Family,East,Web,22,32.27,4.95,1,5,32.27,1
109643,Prepaid,East,App,37,17.26,8.53,2,2,17.26,0
109644,Family,North,Store,72,24.13,2.62,1,1,24.13,0
109645,Postpaid,East,Web,11,21.42,19.0,0,3,24.36,1
109646,Postpaid,Central,App,62,42.55,13.4,3,3,43.14,0
109647,Postpaid,North,Store,1,35.64,3.52,2,1,35.64,0
109648,Prepaid,East,Web,63,19.42,7.32,1,1,19.42,1
109649,Postpaid,Central,Web,25,35.93,8.39,0,3,35.93,0
109650,Family,West,Store,22,45.74,11.34,0,2,45.74,0
109651,Family,East,Partner,57,44.0,18.98,0,3,46.93,1
109652,Prepaid,North,App,12,13.89,12.7,1,3,14.18,0
109653,Postpaid,Central,App,10,30.25,8.65,1,5,30.25,0
109654,Family,North,App,34,45.43,24.32,1,1,50.6,1
109655,Family,South,App,68,26.48,24.09,2,2,31.56,0
109656,Postpaid,North,App,24,32.64,11.33,3,1,32.64,1
109657,Prepaid,East,App,40,8.0,1.29,1,3,8.0,0
109658,Business,West,Web,29,54.74,25.38,1,0,60.36,1
109659,Postpaid,West,App,55,37.55,11.34,1,5,37.55,0
109660,Postpaid,East,Web,65,30.55,11.58,2,1,30.55,0
109661,Family,Central,App,71,54.17,31.98,0,2,62.56,0
109662,Prepaid,West,Store,20,24.93,10.55,0,1,24.93,1
109663,Family,West,App,19,33.91,8.57,0,0,33.91,0
109664,Prepaid,North,App,67,15.79,4.6,2,2,15.79,1
109665,Family,North,Web,42,28.98,22.39,0,0,33.35,0
109666,Business,East,App,24,57.98,11.48,2,5,57.98,0
109667,Business,West,Web,25,55.92,10.28,1,1,55.92,1
109668,Business,South,Web,13,54.79,41.11,0,1,67.01,0
109669,Family,East,Web,7,28.15,23.0,1,2,32.77,0
109670,Prepaid,South,Store,25,27.03,11.67,4,3,27.03,1
109671,Business,East,Partner,58,65.07,31.52,1,6,73.26,0
109672,Business,South,App,48,47.34,25.55,1,2,53.04,0
109673,Postpaid,North,Partner,1,17.09,12.63,2,2,17.36,0
109674,Postpaid,South,App,4,45.2,8.7,1,5,45.2,1
109675,Prepaid,Central,Store,63,23.54,7.38,0,2,23.54,0
109676,Postpaid,West,Partner,58,32.77,11.67,0,0,32.77,0
109677,Postpaid,North,App,58,32.32,21.39,0,0,36.27,0
109678,Postpaid,North,Web,63,28.1,0.2,2,1,28.1,0
109679,Postpaid,East,Store,46,32.53,14.96,3,0,33.77,1
109680,Postpaid,South,Web,25,37.12,14.81,1,2,38.31,1
109681,Prepaid,West,App,43,14.51,3.33,1,3,14.51,1
109682,Business,East,Store,47,47.58,24.64,0,4,52.89,0
109683,Prepaid,Central,App,61,15.59,3.28,1,4,15.59,0
109684,Prepaid,North,App,39,16.42,4.52,2,2,16.42,0
109685,Prepaid,Central,Web,5,16.85,0.2,1,2,16.85,0
109686,Family,West,Web,45,32.12,21.41,3,4,36.07,0
109687,Family,West,Web,54,36.93,17.24,3,2,39.13,1
109688,Prepaid,Central,Web,69,9.93,4.47,0,6,9.93,0
109689,Prepaid,East,Web,13,24.14,5.23,1,3,24.14,1
109690,Postpaid,North,Store,62,21.89,12.22,2,4,21.98,1
109691,Prepaid,East,App,2,19.04,10.16,2,1,19.04,0
109692,Family,West,Web,53,42.51,16.78,0,1,44.52,0
109693,Prepaid,Central,Web,23,21.71,8.4,0,3,21.71,0
109694,Postpaid,East,App,9,22.18,12.06,2,1,22.21,0
109695,Postpaid,West,App,24,30.66,11.0,1,4,30.66,0
109696,Postpaid,South,App,40,21.87,13.24,0,2,22.39,1
109697,Postpaid,South,Web,14,19.91,7.49,2,1,19.91,0
109698,Prepaid,East,App,40,16.38,6.51,3,5,16.38,1
109699,Prepaid,East,Store,52,10.72,10.29,2,2,10.72,1
109700,Prepaid,North,Web,64,12.08,10.22,2,3,12.08,1
109701,Prepaid,West,Partner,41,24.26,3.92,2,3,24.26,0
109702,Business,East,App,44,63.84,23.56,1,2,68.69,1
109703,Prepaid,East,Web,67,15.53,6.36,2,3,15.53,1
109704,Prepaid,North,Web,3,13.18,0.47,2,2,13.18,1
109705,Prepaid,South,App,55,11.1,14.21,1,2,12.03,1
109706,Family,West,App,71,31.0,14.65,1,1,32.11,0
109707,Business,Central,App,60,52.38,27.56,1,8,58.91,0
109708,Family,North,App,67,42.09,7.83,0,0,42.09,1
109709,Postpaid,West,App,65,31.59,23.8,0,2,36.55,0
109710,Family,West,App,43,37.35,21.28,0,3,41.25,0
109711,Postpaid,West,Web,59,37.23,16.75,0,3,39.22,0
109712,Family,East,App,27,41.56,15.58,1,1,43.06,0
109713,Family,South,App,9,37.6,23.02,0,4,42.23,0
109714,Prepaid,West,Store,7,19.08,8.07,0,2,19.08,0
109715,Postpaid,East,Web,14,20.37,9.88,1,3,20.37,1
109716,Prepaid,South,Partner,53,25.26,8.05,2,1,25.26,0
109717,Prepaid,South,Partner,29,13.47,5.75,0,3,13.47,1
109718,Family,East,Partner,59,46.42,4.62,1,1,46.42,0
109719,Prepaid,East,App,24,12.6,10.3,2,1,12.6,0
109720,Family,Central,Store,57,33.11,14.43,2,3,34.13,0
109721,Business,East,App,64,51.77,15.19,2,1,53.11,0
109722,Postpaid,South,Partner,24,24.26,22.78,1,2,28.79,0
109723,Postpaid,Central,App,38,23.44,12.83,1,3,23.79,0
109724,Postpaid,South,Store,39,15.01,17.88,0,2,17.48,0
109725,Family,North,App,64,32.42,1.71,1,1,32.42,0
109726,Prepaid,Central,Web,27,26.17,14.83,1,4,27.36,0
109727,Prepaid,Central,App,28,15.69,0.65,2,5,15.69,0
109728,Postpaid,West,Web,56,31.35,18.91,3,0,34.26,0
109729,Business,South,Partner,66,67.88,39.71,1,2,79.52,0
109730,Prepaid,East,App,3,19.44,0.2,0,6,19.44,1
109731,Postpaid,West,Web,6,33.12,1.55,1,2,33.12,0
109732,Business,Central,App,68,41.99,10.76,0,1,41.99,0
109733,Prepaid,North,App,33,18.6,2.48,1,2,18.6,0
109734,Prepaid,Central,App,41,21.05,14.85,0,2,22.25,0
109735,Postpaid,West,Store,65,25.28,20.46,0,0,28.84,0
109736,Prepaid,North,App,29,16.17,8.66,2,3,16.17,0
109737,Prepaid,North,Web,33,24.11,13.06,0,4,24.56,1
109738,Postpaid,North,Web,61,21.1,6.92,3,3,21.1,1
109739,Postpaid,Central,App,53,14.18,21.23,3,1,18.06,0
109740,Postpaid,East,App,50,39.88,18.74,0,0,42.71,0
109741,Postpaid,West,App,26,36.79,4.39,0,2,36.79,0
109742,Postpaid,North,App,51,38.87,18.58,2,4,41.63,0
109743,Postpaid,West,Partner,60,35.41,9.57,0,3,35.41,0
109744,Family,East,App,66,44.71,14.86,1,1,45.91,0
109745,Family,Central,Web,46,44.7,30.09,0,0,52.3,0
109746,Postpaid,East,Partner,63,26.3,12.68,0,3,26.59,0
109747,Family,West,App,59,44.97,22.76,1,2,49.49,0
109748,Family,West,Store,53,41.45,32.71,3,1,50.15,0
109749,Prepaid,East,Web,39,16.36,0.2,1,3,16.36,0
109750,Business,Central,Store,32,48.45,26.97,0,1,54.74,0
109751,Family,East,App,46,24.74,13.27,1,4,25.27,0
109752,Prepaid,Central,Web,64,22.95,8.69,2,0,22.95,0
109753,Prepaid,North,Partner,39,18.04,11.94,3,2,18.04,1
109754,Postpaid,West,Web,51,32.74,13.73,2,4,33.47,0
109755,Postpaid,Central,Web,41,22.66,20.54,0,4,26.25,0
109756,Family,Central,Web,47,33.02,24.38,0,3,38.22,0
109757,Postpaid,East,Store,50,31.66,2.1,1,5,31.66,0
109758,Prepaid,East,App,4,20.77,1.23,3,3,20.77,1
109759,Prepaid,West,Partner,9,24.69,12.48,0,3,24.89,1
109760,Family,South,App,3,38.1,11.24,0,0,38.1,0
109761,Prepaid,Central,Web,56,20.38,10.87,1,4,20.38,1
109762,Family,South,App,65,36.44,13.23,0,2,36.96,0
109763,Prepaid,North,Web,26,17.38,9.91,2,3,17.38,1
109764,Postpaid,West,Web,6,26.49,16.52,2,3,28.39,0
109765,Postpaid,South,Web,1,24.36,10.56,2,3,24.36,0
109766,Prepaid,South,App,33,12.66,11.04,1,5,12.66,0
109767,Postpaid,South,Store,47,27.35,11.99,1,5,27.35,0
109768,Postpaid,Central,App,24,30.57,22.63,0,2,35.04,0
109769,Prepaid,East,App,45,23.69,5.1,1,1,23.69,1
109770,Postpaid,Central,Store,12,30.81,24.4,1,7,36.02,1
109771,Family,South,Partner,53,41.89,15.85,0,3,43.51,0
109772,Family,East,Partner,24,45.8,21.19,2,1,49.66,1
109773,Postpaid,South,Store,72,31.79,23.04,0,1,36.42,0
109774,Family,East,Web,56,45.13,29.38,3,1,52.43,1
109775,Prepaid,North,App,34,12.75,8.85,3,4,12.75,1
109776,Prepaid,North,App,69,19.86,1.13,1,4,19.86,1
109777,Postpaid,East,Web,71,30.72,20.36,1,1,34.23,0
109778,Postpaid,West,Web,15,38.99,22.13,2,3,43.24,0
109779,Family,East,Web,42,43.3,17.79,0,2,45.74,0
109780,Prepaid,East,App,48,13.08,14.95,1,1,14.32,0
109781,Postpaid,East,App,26,25.39,12.69,1,3,25.69,1
109782,Postpaid,East,App,72,15.11,22.35,1,3,19.45,0
109783,Prepaid,West,Web,49,36.17,0.2,4,2,36.17,1
109784,Postpaid,West,App,55,36.47,24.67,2,4,41.79,0
109785,Postpaid,West,App,15,32.61,1.74,1,2,32.61,0
109786,Prepaid,South,Store,65,23.14,4.07,1,2,23.14,0
109787,Postpaid,East,App,70,27.84,21.16,2,2,31.69,0
109788,Prepaid,West,App,66,19.67,3.63,0,8,19.67,0
109789,Family,Central,Web,32,36.19,15.07,1,2,37.48,0
109790,Prepaid,East,App,68,15.11,7.58,1,3,15.11,1
109791,Prepaid,East,Store,1,19.1,4.85,1,3,19.1,0
109792,Prepaid,West,Partner,15,23.72,2.03,2,2,23.72,1
109793,Prepaid,Central,App,48,23.42,8.95,1,4,23.42,0
109794,Prepaid,East,App,56,15.25,11.44,1,4,15.25,0
109795,Postpaid,North,Web,9,41.84,13.51,1,3,42.47,0
109796,Prepaid,West,Store,22,12.02,10.56,0,3,12.02,0
109797,Prepaid,West,Partner,7,23.37,7.73,1,4,23.37,1
109798,Prepaid,North,App,8,20.59,16.03,1,1,22.28,1
109799,Postpaid,South,Web,2,30.7,17.42,1,3,32.98,0
109800,Prepaid,East,Store,72,15.89,9.73,1,8,15.89,0
109801,Postpaid,West,App,64,29.22,8.62,0,3,29.22,0
109802,Postpaid,West,Store,44,25.92,12.48,0,3,26.13,1
109803,Family,North,App,3,48.76,18.97,0,3,51.68,0
109804,Prepaid,South,App,53,14.09,7.59,1,7,14.09,1
109805,Family,West,App,39,47.57,17.51,3,3,49.88,0
109806,Postpaid,North,App,56,29.96,21.02,0,1,33.75,0
109807,Prepaid,East,Store,36,23.92,3.29,1,2,23.92,0
109808,Postpaid,East,App,1,28.74,17.7,1,2,31.14,0
109809,Family,South,App,66,43.99,3.08,3,3,43.99,0
109810,Prepaid,West,App,64,15.42,6.28,1,3,15.42,0
109811,Postpaid,North,Web,66,33.48,13.33,2,2,34.04,0
109812,Postpaid,West,Partner,48,32.33,5.37,2,3,32.33,0
109813,Prepaid,West,App,67,16.69,1.91,0,1,16.69,0
109814,Business,East,Partner,6,43.7,27.01,1,3,50.01,1
109815,Prepaid,Central,Web,29,22.1,5.73,2,4,22.1,1
109816,Prepaid,South,Partner,24,20.86,10.27,1,4,20.86,0
109817,Prepaid,West,Store,35,20.75,15.69,1,3,22.3,0
109818,Postpaid,North,Store,3,37.32,24.91,1,1,42.74,1
109819,Family,Central,Web,60,43.72,26.63,2,1,49.87,0
109820,Family,North,Store,22,42.06,15.03,0,2,43.33,1
109821,Family,East,Partner,9,33.03,26.61,1,4,39.17,0
109822,Postpaid,North,Partner,15,37.64,10.19,2,2,37.64,1
109823,Postpaid,South,Store,9,35.03,22.34,2,2,39.38,1
109824,Postpaid,North,Store,50,35.61,12.05,1,0,35.64,0
109825,Prepaid,North,Store,67,18.75,3.0,2,2,18.75,1
109826,Family,North,Web,7,51.58,21.66,2,1,55.64,1
109827,Postpaid,North,Web,3,29.25,14.35,4,2,30.23,1
109828,Postpaid,West,Web,64,24.57,15.0,1,7,25.83,0
109829,Postpaid,East,App,28,39.12,16.49,1,0,41.01,0
109830,Family,North,Partner,9,26.2,29.41,0,1,33.51,0
109831,Prepaid,Central,App,15,24.95,3.32,1,4,24.95,1
109832,Postpaid,West,App,49,30.85,5.01,2,5,30.85,0
109833,Postpaid,South,App,7,20.66,25.26,2,5,26.23,0
109834,Family,East,App,29,49.47,29.78,1,6,56.93,0
109835,Prepaid,East,Store,71,28.43,10.23,1,0,28.43,0
109836,Prepaid,East,App,32,20.31,7.68,0,1,20.31,1
109837,Postpaid,Central,App,12,27.88,26.1,2,6,33.81,0
109838,Family,East,App,55,36.86,14.36,0,3,37.85,0
109839,Business,Central,App,32,56.06,33.01,0,5,64.88,1
109840,Postpaid,West,Partner,29,20.19,14.19,0,3,21.11,0
109841,Prepaid,Central,Store,19,12.39,6.64,1,1,12.39,0
109842,Prepaid,East,App,55,18.36,14.22,0,1,19.3,0
109843,Postpaid,West,Store,36,40.62,13.75,0,4,41.35,1
109844,Prepaid,West,Store,35,12.79,10.98,2,0,12.79,0
109845,Postpaid,West,Store,56,21.72,15.5,1,5,23.19,1
109846,Family,North,App,27,38.94,36.83,1,2,49.37,0
109847,Postpaid,North,Web,48,29.1,15.2,0,3,30.44,1
109848,Postpaid,South,App,13,20.34,11.42,2,4,20.34,0
109849,Prepaid,South,App,42,19.76,6.71,1,0,19.76,0
109850,Prepaid,Central,Partner,31,21.41,2.26,3,3,21.41,1
109851,Postpaid,West,App,37,32.73,0.2,1,2,32.73,0
109852,Postpaid,North,App,27,24.1,15.05,0,2,25.38,0
109853,Prepaid,East,App,10,22.48,12.12,1,3,22.53,1
109854,Prepaid,South,Web,67,22.21,1.2,1,3,22.21,1
109855,Prepaid,West,App,29,19.15,3.55,3,4,19.15,0
109856,Postpaid,Central,App,54,31.79,1.11,0,2,31.79,0
109857,Postpaid,North,App,66,24.74,9.62,1,2,24.74,0
109858,Postpaid,East,App,32,41.99,12.45,3,1,42.18,1
109859,Postpaid,Central,Store,60,22.88,8.71,1,3,22.88,0
109860,Prepaid,West,App,32,16.54,5.69,0,2,16.54,0
109861,Postpaid,Central,Store,5,31.17,13.78,2,6,31.91,0
109862,Prepaid,South,App,64,18.73,3.14,2,2,18.73,1
109863,Business,South,Partner,61,50.84,31.57,2,3,59.06,0
109864,Prepaid,West,Store,41,26.35,11.38,3,3,26.35,1
109865,Postpaid,North,App,60,30.42,18.34,0,3,33.08,0
109866,Prepaid,West,App,49,26.8,4.47,2,2,26.8,1
109867,Family,West,Web,58,44.58,31.49,0,1,52.77,1
109868,Prepaid,South,Web,5,14.52,15.05,1,1,15.79,0
109869,Business,East,App,59,57.48,27.92,0,2,64.17,0
109870,Prepaid,West,App,16,17.89,8.3,0,4,17.89,0
109871,Family,Central,Store,71,36.18,39.45,2,2,47.71,1
109872,Postpaid,South,App,70,37.63,12.78,1,3,37.96,0
109873,Prepaid,West,App,4,21.54,12.09,0,4,21.58,0
109874,Prepaid,North,App,47,10.23,10.05,0,2,10.23,1
109875,Postpaid,Central,Web,28,36.29,19.65,0,0,39.51,0
109876,Family,West,App,19,42.6,19.66,0,2,45.82,0
109877,Family,North,App,70,59.64,11.79,0,8,59.64,0
109878,Prepaid,West,App,29,10.2,6.65,0,4,10.2,0
109879,Postpaid,West,Store,40,27.28,11.76,0,3,27.28,1
109880,Prepaid,West,Store,23,22.8,12.57,2,1,23.04,0
109881,Prepaid,South,Web,50,22.5,2.25,2,3,22.5,0
109882,Postpaid,West,Store,19,21.79,21.57,2,4,25.81,0
109883,Postpaid,West,Store,27,34.33,3.8,0,3,34.33,1
109884,Prepaid,South,Store,51,14.36,9.62,0,3,14.36,1
109885,Family,South,Partner,16,51.22,20.27,0,4,54.69,0
109886,Family,Central,Web,57,28.21,19.86,2,5,31.51,0
109887,Family,West,App,71,35.45,28.17,2,4,42.24,0
109888,Prepaid,East,Web,51,16.79,8.87,1,2,16.79,0
109889,Family,Central,App,27,30.58,17.72,2,0,32.98,0
109890,Postpaid,North,App,14,30.74,24.83,0,2,36.12,1
109891,Postpaid,West,App,41,26.79,13.14,3,3,27.27,0
109892,Prepaid,East,Web,32,18.36,8.2,1,0,18.36,0
109893,Family,North,Partner,18,48.12,23.45,1,3,52.93,0
109894,Postpaid,Central,Web,27,36.39,28.14,1,3,43.17,0
109895,Family,West,Web,70,18.9,5.62,0,3,18.9,0
109896,Postpaid,South,App,13,30.43,11.11,3,4,30.43,0
109897,Family,Central,Partner,19,46.16,21.28,0,2,50.05,0
109898,Postpaid,Central,App,26,25.6,12.79,1,3,25.93,0
109899,Business,West,Partner,66,79.96,28.23,0,1,86.77,0
109900,Prepaid,North,App,26,24.15,16.93,0,4,26.22,1
109901,Prepaid,North,App,22,14.78,7.25,2,1,14.78,0
109902,Postpaid,West,Store,22,38.83,13.81,1,4,39.59,0
109903,Postpaid,Central,App,69,22.19,2.04,1,2,22.19,0
109904,Postpaid,South,App,26,18.35,1.78,2,1,18.35,0
109905,Postpaid,East,Web,27,32.67,11.67,1,1,32.67,0
109906,Postpaid,North,Web,27,28.75,17.08,1,3,30.88,0
109907,Family,East,App,63,35.83,10.13,0,2,35.83,0
109908,Prepaid,West,Store,52,14.17,7.85,1,4,14.17,0
109909,Family,North,Store,44,33.46,26.23,1,2,39.44,0
109910,Prepaid,West,App,16,18.28,5.4,0,0,18.28,0
109911,Postpaid,West,Store,9,23.38,10.94,0,2,23.38,1
109912,Family,East,Store,7,29.59,19.65,0,6,32.8,1
109913,Prepaid,Central,Partner,22,16.12,4.94,1,3,16.12,0
109914,Prepaid,North,App,57,19.27,12.01,0,1,19.27,0
109915,Prepaid,North,Web,55,23.01,9.12,0,3,23.01,0
109916,Postpaid,East,Store,57,27.04,25.61,4,4,32.76,0
109917,Postpaid,East,Web,49,33.12,9.46,1,2,33.12,0
109918,Prepaid,South,Web,38,16.25,7.88,1,3,16.25,0
109919,Family,Central,Store,26,36.62,27.12,0,1,42.97,0
109920,Prepaid,South,App,53,24.15,6.98,3,4,24.15,1
109921,Postpaid,South,Web,15,26.14,14.59,1,3,27.23,1
109922,Postpaid,West,Store,5,34.41,14.1,2,4,35.29,1
109923,Prepaid,Central,Store,60,22.89,1.65,2,3,22.89,0
109924,Prepaid,East,Store,35,21.61,6.26,1,2,21.61,0
109925,Business,North,App,45,51.11,29.11,0,5,58.29,0
109926,Postpaid,South,Store,69,27.69,14.15,1,4,28.6,0
109927,Prepaid,South,Store,50,24.89,11.45,0,2,24.89,0
109928,Family,East,App,56,26.95,27.34,2,6,33.39,0
109929,Postpaid,West,App,35,40.49,6.31,2,7,40.49,1
109930,Prepaid,South,Web,23,17.3,6.97,1,5,17.3,0
109931,Postpaid,East,Store,26,33.81,6.11,2,1,33.81,1
109932,Postpaid,West,Web,65,32.34,7.6,2,4,32.34,0
109933,Prepaid,South,App,28,23.76,10.03,1,5,23.76,0
109934,Family,North,Store,68,29.96,15.54,3,4,31.45,1
109935,Prepaid,West,App,3,19.85,4.51,0,1,19.85,1
109936,Prepaid,North,Web,22,17.0,6.69,1,0,17.0,0
109937,Prepaid,North,Store,68,20.89,6.48,1,1,20.89,0
109938,Family,North,Store,42,24.54,12.21,0,6,24.63,1
109939,Postpaid,East,Partner,27,32.84,0.2,2,2,32.84,1
109940,Family,West,App,13,36.85,19.3,1,2,39.92,0
109941,Prepaid,East,App,35,16.76,8.8,4,2,16.76,0
109942,Family,East,Web,69,41.44,20.03,1,3,44.81,0
109943,Postpaid,East,Store,26,15.57,5.82,3,4,15.57,0
109944,Prepaid,North,Web,35,15.93,7.44,0,2,15.93,0
109945,Prepaid,West,Partner,26,20.59,3.77,0,1,20.59,0
109946,Family,Central,Web,62,41.63,5.75,3,1,41.63,0
109947,Prepaid,East,App,50,22.35,13.95,0,2,23.17,1
109948,Postpaid,South,App,45,33.84,14.79,0,7,35.01,0
109949,Postpaid,West,Web,49,17.29,11.16,0,1,17.29,0
109950,Prepaid,North,App,30,21.1,14.08,2,5,21.97,0
109951,Business,South,Store,59,45.62,19.95,1,2,48.96,0
109952,Family,Central,Partner,45,37.54,15.82,1,0,39.14,0
109953,Postpaid,North,Web,6,22.02,13.87,4,2,22.81,1
109954,Postpaid,North,App,27,27.42,12.51,2,3,27.63,0
109955,Postpaid,East,Web,63,14.33,9.2,0,4,14.33,0
109956,Family,East,App,19,41.54,14.47,1,1,42.57,1
109957,Prepaid,West,Partner,69,16.9,11.34,2,2,16.9,0
109958,Postpaid,North,Store,59,36.68,15.32,1,1,38.08,1
109959,Prepaid,West,Store,72,21.94,26.34,1,4,27.96,1
109960,Postpaid,South,App,58,25.09,6.6,0,7,25.09,0
109961,Postpaid,Central,App,10,33.03,11.7,0,4,33.03,1
109962,Prepaid,South,App,14,16.71,6.1,2,3,16.71,1
109963,Business,North,Web,36,48.7,12.44,0,1,48.88,0
109964,Prepaid,East,Store,26,23.01,9.79,1,5,23.01,0
109965,Prepaid,South,Web,68,10.49,8.57,1,2,10.49,0
109966,Postpaid,West,App,62,41.2,23.77,1,3,46.15,0
109967,Postpaid,South,App,55,28.21,16.07,0,3,29.92,0
109968,Prepaid,East,Store,68,17.5,11.78,1,2,17.5,0
109969,Postpaid,North,Web,5,31.1,23.24,0,2,35.82,0
109970,Family,East,Store,51,62.2,16.46,1,3,64.07,0
109971,Prepaid,North,App,63,26.37,12.74,2,4,26.68,0
109972,Business,South,App,71,50.65,54.04,2,2,68.31,0
109973,Prepaid,North,Web,61,8.0,5.46,0,2,8.0,0
109974,Postpaid,West,Partner,59,33.12,15.58,2,0,34.62,0
109975,Prepaid,West,Web,57,19.93,7.09,1,2,19.93,0
109976,Postpaid,North,Web,10,31.57,19.09,1,2,34.54,0
109977,Family,North,Store,30,41.96,37.93,0,2,52.85,1
109978,Prepaid,North,Web,64,24.62,7.22,2,6,24.62,0
109979,Prepaid,South,Web,46,13.43,1.99,2,2,13.43,0
109980,Prepaid,East,App,19,17.86,10.62,1,2,17.86,1
109981,Prepaid,South,App,52,17.61,3.18,1,3,17.61,0
109982,Business,Central,Web,2,66.76,20.57,3,3,70.36,0
109983,Postpaid,West,Web,29,31.27,5.61,2,3,31.27,0
109984,Postpaid,North,Web,55,33.08,15.77,1,0,34.66,0
109985,Business,North,App,57,49.0,37.97,1,3,59.91,0
109986,Family,North,Web,37,33.78,25.88,0,5,39.61,0
109987,Family,North,App,20,30.43,14.54,1,2,31.5,0
109988,Prepaid,East,App,36,24.96,11.4,1,1,24.96,0
109989,Prepaid,North,Store,14,16.77,2.96,2,2,16.77,0
109990,Prepaid,North,Store,68,18.86,14.26,1,4,19.81,0
109991,Postpaid,North,App,62,29.21,8.36,1,1,29.21,0
109992,Postpaid,West,Store,52,34.48,11.46,0,5,34.48,0
109993,Prepaid,North,Web,25,22.02,13.54,1,3,22.66,0
109994,Postpaid,Central,App,11,23.46,22.2,2,0,27.74,0
109995,Postpaid,South,App,5,30.3,17.42,1,6,32.58,0
109996,Prepaid,South,Web,28,17.0,10.49,2,2,17.0,1
109997,Prepaid,East,Partner,60,22.28,11.09,0,3,22.28,0
109998,Postpaid,East,Partner,27,27.69,13.12,3,2,28.16,0
109999,Postpaid,East,App,58,32.45,8.87,0,1,32.45,0
110000,Family,East,Store,13,46.1,16.56,2,3,48.01,0
110001,Postpaid,South,Web,58,28.01,9.04,1,4,28.01,0
110002,Prepaid,South,App,6,8.0,11.12,2,3,8.0,1
110003,Prepaid,North,Web,25,14.12,15.42,0,2,15.56,1
110004,Prepaid,West,App,11,17.91,8.56,4,3,17.91,1
110005,Prepaid,West,Web,44,12.13,18.3,0,0,14.77,1
110006,Postpaid,West,App,14,37.54,25.03,0,0,43.01,0
110007,Business,Central,App,2,55.68,40.88,2,3,67.81,0
110008,Prepaid,East,App,24,25.91,6.25,2,2,25.91,1
110009,Prepaid,Central,App,1,21.62,3.22,0,1,21.62,0
110010,Family,East,App,28,32.92,14.54,0,4,33.99,0
110011,Postpaid,East,App,19,34.85,8.85,1,0,34.85,0
110012,Prepaid,West,Store,68,9.37,4.11,2,4,9.37,1
110013,Prepaid,South,App,38,14.39,12.15,2,1,14.45,0
110014,Business,South,App,32,54.99,20.96,0,1,58.75,0
110015,Prepaid,East,App,44,20.82,7.15,1,3,20.82,0
110016,Postpaid,North,Partner,10,40.55,6.24,2,1,40.55,1
110017,Family,South,App,10,37.65,29.99,2,0,45.21,0
110018,Prepaid,West,Store,12,20.52,6.77,2,2,20.52,0
110019,Family,East,App,63,37.17,19.88,2,4,40.48,0
110020,Prepaid,North,App,54,11.49,5.85,1,1,11.49,0
110021,Prepaid,North,Web,70,15.83,13.14,1,3,16.31,1
110022,Prepaid,Central,Web,59,20.29,10.69,1,3,20.29,0
110023,Business,Central,Store,9,57.52,28.61,1,3,64.49,0
110024,Prepaid,West,App,12,19.0,6.16,0,3,19.0,0
110025,Prepaid,North,App,60,11.99,4.18,0,3,11.99,0
110026,Business,South,App,40,38.85,27.25,2,1,45.26,0
110027,Prepaid,South,App,45,11.62,5.3,3,1,11.62,1
110028,Family,West,Partner,17,31.62,24.16,1,2,36.73,0
110029,Postpaid,East,App,37,30.4,15.21,1,2,31.75,0
110030,Postpaid,West,App,65,32.85,10.87,3,2,32.85,1
110031,Family,South,App,36,33.8,10.11,1,2,33.8,0
110032,Family,Central,App,50,16.12,22.92,1,1,20.71,0
110033,Prepaid,East,App,54,8.17,3.45,0,4,8.17,0
110034,Business,East,App,67,54.43,21.81,0,5,58.55,0
110035,Business,East,Partner,16,55.05,28.34,0,1,61.91,0
110036,Family,West,Store,66,46.45,11.91,0,0,46.45,0
110037,Postpaid,Central,App,44,27.67,25.14,2,4,33.19,1
110038,Postpaid,East,App,60,49.16,19.76,1,4,52.42,0
110039,Postpaid,Central,Store,19,21.96,14.08,1,1,22.83,0
110040,Prepaid,South,App,9,17.64,14.12,2,3,18.53,0
110041,Postpaid,South,Partner,7,43.56,12.18,0,5,43.63,1
110042,Postpaid,South,Store,28,22.65,11.96,1,2,22.65,0
110043,Postpaid,North,Store,40,39.53,10.13,5,3,39.53,1
110044,Prepaid,Central,Web,21,15.87,6.93,0,2,15.87,1
110045,Postpaid,North,App,20,28.41,0.95,1,0,28.41,1
110046,Postpaid,South,App,59,18.8,14.83,4,3,19.99,1
110047,Postpaid,South,Store,54,33.77,15.97,0,1,35.44,0
110048,Business,West,App,46,51.84,41.53,2,3,64.24,0
110049,Postpaid,Central,App,47,29.01,22.51,2,4,33.42,0
110050,Prepaid,West,Partner,61,20.78,8.62,0,3,20.78,0
110051,Prepaid,South,Web,17,10.67,5.12,0,4,10.67,0
110052,Postpaid,East,App,68,20.62,23.36,0,3,25.39,0
110053,Postpaid,South,Partner,63,29.44,18.4,1,4,32.13,0
110054,Family,Central,App,25,39.72,22.32,2,1,44.05,0
110055,Prepaid,North,Web,25,16.93,10.32,3,1,16.93,1
110056,Prepaid,Central,App,14,23.25,2.24,2,2,23.25,1
110057,Postpaid,West,Store,52,18.49,20.34,0,2,21.99,0
110058,Family,West,Web,22,37.33,2.84,3,2,37.33,1
110059,Business,West,App,20,51.78,30.2,1,3,59.43,1
110060,Family,South,Partner,49,43.23,9.93,1,5,43.23,0
110061,Postpaid,South,App,15,35.33,11.89,0,3,35.33,0
110062,Family,South,Partner,9,37.41,23.51,1,1,42.25,0
110063,Prepaid,North,App,62,19.37,6.24,2,2,19.37,0
110064,Postpaid,West,App,3,33.5,11.37,2,2,33.5,1
110065,Business,East,App,67,44.51,22.97,0,2,49.12,0
110066,Postpaid,Central,App,50,32.1,24.28,2,3,37.26,0
110067,Business,Central,Store,26,49.52,32.83,2,2,58.27,0
110068,Prepaid,North,Store,41,18.34,18.06,1,0,20.89,0
110069,Prepaid,South,Web,23,16.56,15.44,1,3,18.0,1
110070,Postpaid,East,Store,30,25.52,22.74,0,2,30.03,0
110071,Family,North,Store,51,42.15,23.33,1,3,46.91,0
110072,Prepaid,West,App,66,12.72,9.39,2,5,12.72,0
110073,Family,West,Web,17,44.91,4.42,0,5,44.91,0
110074,Prepaid,West,Partner,39,25.32,6.91,2,6,25.32,1
110075,Family,East,App,63,48.15,24.05,0,0,53.22,0
110076,Postpaid,Central,App,2,20.59,20.67,2,4,24.23,0
110077,Prepaid,West,App,1,14.28,8.17,2,5,14.28,0
110078,Postpaid,Central,App,45,27.66,19.44,2,2,30.79,0
110079,Postpaid,West,Store,11,25.66,20.21,2,4,29.11,1
110080,Postpaid,West,App,72,33.9,26.09,1,3,39.81,0
110081,Prepaid,North,Web,9,18.79,9.05,2,2,18.79,0
110082,Prepaid,West,App,54,22.84,8.9,2,2,22.84,1
110083,Business,South,App,23,65.7,40.2,0,3,77.55,0
110084,Postpaid,East,App,67,37.65,11.69,0,1,37.65,0
110085,Family,East,App,63,41.59,14.76,1,2,42.75,0
110086,Postpaid,South,Web,58,38.2,13.03,1,4,38.63,0
110087,Family,North,Partner,47,36.68,22.34,1,3,41.02,0
110088,Prepaid,North,App,16,18.79,0.63,0,3,18.79,1
110089,Postpaid,West,App,8,27.77,9.42,0,0,27.77,0
110090,Postpaid,West,Web,19,18.78,1.38,2,5,18.78,1
110091,Prepaid,Central,Web,6,22.2,11.09,2,3,22.2,1
110092,Prepaid,West,Web,57,21.14,10.69,2,3,21.14,1
110093,Postpaid,South,Store,21,27.3,11.43,3,5,27.3,1
110094,Family,West,Store,32,41.05,13.92,4,1,41.86,0
110095,Postpaid,East,App,45,32.27,17.12,1,5,34.42,1
110096,Prepaid,South,App,51,26.68,3.31,1,2,26.68,0
110097,Business,Central,Partner,43,54.55,36.14,1,3,64.69,1
110098,Prepaid,Central,App,53,17.69,6.28,1,4,17.69,1
110099,Prepaid,North,App,9,18.98,10.21,2,3,18.98,0
110100,Business,West,App,21,50.82,27.66,2,2,57.4,1
110101,Family,North,App,55,30.2,25.23,1,2,35.76,0
110102,Business,Central,Partner,52,60.55,35.87,5,6,70.57,1
110103,Family,West,App,46,44.23,27.5,2,3,50.74,0
110104,Postpaid,North,Store,68,45.66,15.8,2,1,47.26,0
110105,Prepaid,West,Web,71,20.8,10.23,1,1,20.8,0
110106,Prepaid,East,App,7,30.53,10.99,2,2,30.53,0
110107,Business,North,App,40,56.31,20.55,3,5,59.9,0
110108,Family,West,App,65,39.4,25.67,1,0,45.14,0
110109,Postpaid,West,App,24,30.76,7.76,2,5,30.76,0
110110,Postpaid,East,App,5,20.67,9.28,1,3,20.67,0
110111,Prepaid,West,Store,9,16.05,0.2,1,3,16.05,0
110112,Prepaid,North,App,53,20.66,6.75,2,4,20.66,1
110113,Family,South,Store,67,34.37,22.71,0,1,38.86,1
110114,Prepaid,West,Partner,51,17.42,5.23,3,2,17.42,1
110115,Postpaid,South,App,3,22.94,1.77,1,3,22.94,0
110116,Business,East,App,30,41.9,37.13,3,3,52.46,0
110117,Postpaid,Central,App,26,32.98,12.76,2,1,33.3,1
110118,Postpaid,West,App,66,28.5,15.63,1,2,30.03,0
110119,Prepaid,East,App,39,16.04,11.96,1,4,16.04,0
110120,Prepaid,East,Store,17,23.54,13.26,4,4,24.07,1
110121,Prepaid,Central,App,42,13.14,8.86,1,5,13.14,0
110122,Prepaid,Central,App,54,20.69,13.07,1,4,21.14,1
110123,Prepaid,North,App,42,9.15,6.68,3,5,9.15,1
110124,Prepaid,East,Web,31,24.75,7.85,0,2,24.75,1
110125,Prepaid,North,App,52,20.2,11.41,2,1,20.2,1
110126,Prepaid,North,Web,22,16.19,8.39,3,2,16.19,0
110127,Business,South,Store,10,55.73,42.48,0,2,68.53,0
110128,Prepaid,West,App,63,16.43,3.54,1,4,16.43,0
110129,Postpaid,West,Store,52,22.81,22.94,0,5,27.41,0
110130,Family,Central,App,53,40.7,15.14,1,3,42.02,0
110131,Prepaid,East,Web,65,16.35,8.05,1,3,16.35,1
110132,Postpaid,East,App,52,31.54,14.96,1,2,32.78,0
110133,Family,North,Store,3,41.69,12.24,0,7,41.79,1
110134,Postpaid,North,Store,61,35.06,18.44,2,4,37.77,0
110135,Prepaid,North,Store,3,12.85,7.7,2,2,12.85,1
110136,Family,Central,Web,50,23.58,28.42,1,7,30.48,0
110137,Postpaid,North,App,72,29.43,8.52,0,4,29.43,0
110138,Postpaid,West,Store,30,40.51,16.79,3,0,42.52,0
110139,Prepaid,South,App,23,18.29,5.68,3,1,18.29,1
110140,Prepaid,East,App,67,18.23,8.99,0,4,18.23,0
110141,Family,Central,App,33,33.19,31.22,3,3,41.26,1
110142,Prepaid,Central,Store,67,15.2,5.96,1,7,15.2,1
110143,Prepaid,South,Store,23,14.07,16.45,0,2,15.94,1
110144,Postpaid,Central,Web,14,26.67,13.57,2,4,27.33,0
110145,Business,South,Store,41,55.25,36.59,1,7,65.58,0
110146,Prepaid,West,Web,27,18.33,8.44,2,2,18.33,0
110147,Prepaid,North,Partner,52,9.01,0.2,1,1,9.01,0
110148,Postpaid,East,App,22,47.13,15.84,0,4,48.75,0
110149,Postpaid,West,Web,55,25.74,12.32,2,2,25.87,0
110150,Postpaid,West,App,26,35.01,16.22,4,3,36.78,1
110151,Family,Central,App,26,26.06,18.52,1,1,28.8,0
110152,Prepaid,South,Partner,52,15.86,9.65,1,5,15.86,0
110153,Postpaid,Central,App,19,37.88,20.71,1,1,41.54,0
110154,Postpaid,South,Partner,21,27.84,7.01,4,6,27.84,1
110155,Postpaid,South,Web,40,30.37,28.71,0,0,37.39,0
110156,Postpaid,North,Web,24,32.03,4.97,1,7,32.03,1
110157,Family,South,Store,28,42.45,26.89,1,2,48.7,0
110158,Prepaid,North,Store,25,23.36,9.54,0,2,23.36,1
110159,Family,West,App,45,40.18,12.73,2,5,40.49,0
110160,Prepaid,North,App,25,12.86,7.79,0,7,12.86,0
110161,Postpaid,East,Web,45,27.0,13.73,2,1,27.72,0
110162,Postpaid,North,App,17,38.02,8.47,1,2,38.02,0
110163,Postpaid,West,Store,65,27.18,4.29,0,1,27.18,0
110164,Prepaid,South,Partner,69,14.13,11.11,1,1,14.13,1
110165,Business,South,App,1,51.67,16.4,2,4,53.52,0
110166,Family,West,Web,8,40.73,17.26,2,2,42.94,0
110167,Family,Central,App,8,39.28,24.28,0,3,44.44,0
110168,Family,Central,App,14,27.96,24.1,2,1,33.04,0
110169,Prepaid,South,Store,57,10.17,10.6,0,3,10.17,0
110170,Postpaid,Central,Store,18,30.04,15.09,0,3,31.34,0
110171,Prepaid,West,Web,43,15.24,13.33,2,1,15.8,0
110172,Family,Central,App,19,40.29,8.76,0,1,40.29,0
110173,Prepaid,North,App,5,22.55,3.09,0,5,22.55,1
110174,Prepaid,North,Web,7,14.6,3.39,2,3,14.6,0
110175,Postpaid,North,Store,68,28.49,15.12,0,0,29.8,0
110176,Prepaid,West,Store,41,17.44,14.69,2,3,18.57,1
110177,Family,North,App,47,24.49,7.67,3,2,24.49,0
110178,Prepaid,North,Partner,14,15.36,8.09,4,1,15.36,1
110179,Postpaid,East,Partner,35,32.75,19.28,0,1,35.81,0
110180,Family,Central,Store,48,47.46,14.73,2,1,48.61,1
110181,Postpaid,East,App,57,28.22,13.08,2,1,28.67,0
110182,Prepaid,West,Partner,48,30.45,4.05,0,2,30.45,1
110183,Prepaid,North,Partner,43,12.56,13.66,0,6,13.26,0
110184,Prepaid,Central,Store,45,8.0,9.68,2,1,8.0,1
110185,Prepaid,North,Store,27,14.95,2.3,0,2,14.95,0
110186,Postpaid,South,App,51,27.75,6.52,3,2,27.75,0
110187,Postpaid,East,App,22,28.15,11.87,2,3,28.15,0
110188,Prepaid,South,Web,52,15.89,2.47,1,1,15.89,0
110189,Prepaid,West,Web,33,23.37,6.23,0,3,23.37,1
110190,Business,West,Store,42,61.31,18.36,1,1,63.98,0
110191,Prepaid,South,Web,35,22.4,9.82,1,4,22.4,0
110192,Prepaid,North,Store,41,16.11,8.2,1,2,16.11,0
110193,Postpaid,North,Web,52,39.72,22.56,1,2,44.16,0
110194,Prepaid,North,App,21,18.59,3.57,1,1,18.59,1
110195,Business,Central,Partner,35,57.73,39.97,2,3,69.47,1
110196,Prepaid,West,App,30,27.32,9.67,1,3,27.32,0
110197,Postpaid,North,App,2,34.96,10.12,0,3,34.96,0
110198,Postpaid,North,Store,62,27.37,12.55,1,1,27.61,0
110199,Family,West,App,50,41.36,2.45,2,4,41.36,0
110200,Postpaid,West,App,4,28.92,5.09,3,1,28.92,1
110201,Family,Central,Web,6,44.93,18.0,0,4,47.45,0
110202,Postpaid,North,App,67,32.85,23.43,0,4,37.65,0
110203,Postpaid,East,Web,61,44.41,15.43,1,4,45.85,1
110204,Postpaid,North,App,53,34.57,22.85,1,1,39.12,0
110205,Postpaid,West,App,51,28.4,12.12,1,3,28.45,0
110206,Postpaid,East,App,61,30.93,15.96,2,7,32.6,0
110207,Prepaid,West,Store,44,13.66,5.47,3,2,13.66,0
110208,Prepaid,North,App,1,19.45,6.83,0,4,19.45,0
110209,Postpaid,West,App,33,36.46,6.73,0,3,36.46,0
110210,Prepaid,South,App,24,20.62,12.95,1,4,21.02,1
110211,Postpaid,Central,App,13,33.96,14.57,1,2,35.04,0
110212,Prepaid,North,Store,62,28.95,12.59,1,0,29.2,0
110213,Postpaid,West,Store,48,22.92,12.86,1,1,23.28,0
110214,Postpaid,North,App,65,31.2,20.94,1,1,34.96,0
110215,Postpaid,West,App,8,30.72,27.07,0,3,37.05,0
110216,Postpaid,West,Partner,71,23.21,22.02,1,4,27.41,0
110217,Prepaid,South,App,44,20.07,14.54,0,1,21.14,0
110218,Prepaid,South,Partner,41,17.98,9.66,0,5,17.98,0
110219,Postpaid,South,App,14,28.34,23.52,2,4,33.18,0
110220,Family,South,Partner,45,44.77,26.0,0,5,50.65,0
110221,Postpaid,West,App,43,30.29,14.29,0,1,31.26,0
110222,Postpaid,North,Store,51,28.47,12.76,0,3,28.79,0
110223,Postpaid,North,App,11,27.95,8.08,1,3,27.95,1
110224,Family,South,Partner,46,56.14,26.98,3,5,62.44,0
110225,Family,South,App,7,39.13,35.45,1,2,48.98,1
110226,Family,North,Web,6,41.97,29.85,3,1,49.47,0
110227,Prepaid,West,App,34,19.07,8.39,1,4,19.07,0
110228,Prepaid,North,Store,9,23.83,10.68,0,5,23.83,0
110229,Postpaid,Central,Web,52,23.48,14.13,0,4,24.38,0
110230,Postpaid,West,Store,35,26.4,11.03,2,5,26.4,0
110231,Family,South,Web,18,34.34,27.26,3,1,40.75,1
110232,Prepaid,Central,Web,20,14.07,7.41,2,5,14.07,0
110233,Prepaid,West,Store,36,19.07,7.74,1,2,19.07,0
110234,Family,East,App,44,28.93,17.35,2,2,31.18,1
110235,Prepaid,South,App,58,22.72,6.53,0,2,22.72,0
110236,Family,West,Web,42,29.14,22.52,1,5,33.56,1
110237,Prepaid,North,App,40,12.94,5.74,0,7,12.94,1
110238,Postpaid,East,Store,44,35.74,14.49,0,4,36.79,0
110239,Postpaid,North,App,43,35.02,0.2,1,3,35.02,0
110240,Prepaid,East,Partner,26,23.2,1.28,0,2,23.2,0
110241,Prepaid,West,Store,16,17.95,12.29,1,3,18.07,0
110242,Prepaid,North,Store,38,26.0,13.71,1,0,26.72,0
110243,Prepaid,South,Web,9,23.73,6.83,2,3,23.73,1
110244,Prepaid,West,Web,18,21.37,9.83,2,1,21.37,1
110245,Family,South,App,11,46.7,19.64,1,3,49.91,0
110246,Prepaid,North,App,36,9.47,12.42,1,1,9.65,0
110247,Postpaid,South,Store,71,23.5,11.93,1,2,23.5,0
110248,Prepaid,Central,App,64,17.53,11.83,3,5,17.53,0
110249,Business,West,App,7,47.75,20.15,6,0,51.17,1
110250,Family,East,App,60,50.4,16.38,0,3,52.23,0
110251,Business,Central,App,11,49.16,32.21,0,3,57.65,0
110252,Family,West,App,66,36.77,13.52,0,5,37.41,1
110253,Prepaid,West,App,15,13.54,2.1,1,4,13.54,0
110254,Postpaid,West,App,10,22.94,5.7,1,6,22.94,0
110255,Prepaid,Central,Store,57,27.65,8.68,2,1,27.65,1
110256,Family,West,App,60,51.73,29.4,2,8,59.04,0
110257,Postpaid,South,App,29,37.13,8.67,0,2,37.13,1
110258,Postpaid,North,Web,40,35.31,17.1,1,1,37.45,1
110259,Family,North,Store,57,25.52,26.09,2,1,31.44,1
110260,Family,East,Partner,62,36.11,25.98,0,3,41.98,0
110261,Business,Central,Partner,31,66.99,38.91,2,2,78.29,0
110262,Prepaid,West,Store,57,22.85,6.6,2,2,22.85,1
110263,Prepaid,West,Web,58,20.76,6.68,2,2,20.76,0
110264,Prepaid,West,App,58,13.63,8.05,2,2,13.63,0
110265,Postpaid,Central,Web,65,29.5,22.15,1,3,33.77,1
110266,Postpaid,West,Store,61,33.22,13.12,2,3,33.7,0
110267,Prepaid,South,Web,33,15.84,6.82,1,3,15.84,0
110268,Family,East,App,23,31.59,20.84,2,7,35.3,0
110269,Prepaid,South,Partner,72,19.12,5.86,0,3,19.12,0
110270,Postpaid,North,App,33,37.91,13.96,0,2,38.74,0
110271,Family,South,Web,68,48.5,13.51,1,3,49.13,0
110272,Postpaid,South,Partner,72,29.57,17.63,5,3,31.94,0
110273,Postpaid,North,Web,2,43.22,16.65,1,2,45.18,1
110274,Prepaid,South,App,11,24.21,7.18,0,6,24.21,1
110275,Prepaid,Central,App,41,18.03,9.45,3,7,18.03,1
110276,Family,South,Web,7,39.57,21.91,1,2,43.73,1
110277,Postpaid,West,Store,48,42.88,0.57,1,3,42.88,0
110278,Prepaid,North,App,1,15.15,10.92,0,4,15.15,0
110279,Business,Central,Web,61,41.5,32.2,0,3,49.98,0
110280,Postpaid,West,Partner,31,28.47,6.76,4,5,28.47,1
110281,Family,Central,App,49,41.87,3.91,2,4,41.87,1
110282,Postpaid,East,App,34,34.34,21.18,3,3,38.19,1
110283,Business,West,Web,50,37.72,24.01,1,2,42.76,1
110284,Prepaid,South,Store,49,16.22,12.61,1,1,16.48,1
110285,Prepaid,East,Partner,21,24.2,10.91,1,2,24.2,0
110286,Family,West,Web,58,38.44,18.95,0,1,41.36,0
110287,Family,North,App,60,41.45,7.29,0,5,41.45,0
110288,Postpaid,North,Store,24,20.54,20.52,0,3,24.12,0
110289,Prepaid,Central,Web,5,19.74,12.12,0,3,19.79,0
110290,Prepaid,North,App,33,23.47,3.73,2,1,23.47,1
110291,Family,West,App,48,49.38,31.26,1,2,57.46,0
110292,Family,North,Store,57,34.13,21.32,0,3,38.04,1
110293,Postpaid,South,App,15,22.87,6.8,2,0,22.87,1
110294,Prepaid,South,Partner,35,21.68,12.83,0,4,22.02,0
110295,Postpaid,East,App,56,37.93,4.32,0,5,37.93,1
110296,Family,West,App,38,36.21,17.27,0,6,38.42,0
110297,Postpaid,Central,Partner,57,32.19,11.88,2,4,32.19,0
110298,Postpaid,South,App,49,38.73,10.52,0,3,38.73,0
110299,Business,South,App,13,55.37,40.05,0,3,67.15,0
110300,Prepaid,West,App,16,22.57,5.68,0,4,22.57,0
110301,Postpaid,North,Partner,58,29.13,20.53,0,3,32.71,0
110302,Postpaid,North,Partner,51,39.19,35.54,2,2,49.08,1
110303,Postpaid,East,App,61,31.64,12.89,3,1,32.02,0
110304,Family,West,Web,22,43.73,19.12,2,8,46.72,1
110305,Postpaid,South,Web,4,38.42,8.25,2,3,38.42,1
110306,Postpaid,North,App,18,27.85,2.53,0,6,27.85,0
110307,Prepaid,Central,App,31,16.83,9.74,0,2,16.83,1
110308,Postpaid,Central,Partner,9,39.36,14.85,0,2,40.55,0
110309,Prepaid,West,App,14,26.27,8.15,2,1,26.27,1
110310,Prepaid,West,Store,11,8.38,16.8,1,1,10.4,1
110311,Postpaid,Central,App,10,29.58,17.23,1,6,31.78,0
110312,Postpaid,West,Store,28,29.41,22.39,0,2,33.77,0
110313,Business,West,App,58,33.15,28.91,0,1,40.25,0
110314,Postpaid,East,App,28,25.05,3.06,0,2,25.05,0
110315,Family,South,App,22,39.36,27.02,1,2,45.67,1
110316,Postpaid,West,Partner,40,36.1,20.17,0,3,39.53,1
110317,Postpaid,West,App,47,35.2,6.82,1,1,35.2,0
110318,Business,South,App,26,71.62,23.85,2,5,76.6,0
110319,Postpaid,West,App,1,35.19,2.1,0,2,35.19,0
110320,Family,West,App,22,20.17,26.99,2,6,26.46,1
110321,Postpaid,South,Web,6,25.05,14.81,0,2,26.22,0
110322,Prepaid,West,App,11,19.17,7.93,0,4,19.17,0
110323,Postpaid,North,Store,44,30.28,19.05,2,2,33.24,1
110324,Prepaid,West,Store,13,9.52,3.7,2,7,9.52,0
110325,Prepaid,Central,Web,27,18.24,7.23,0,2,18.24,0
110326,Prepaid,Central,Web,29,15.29,15.65,1,3,16.82,0
110327,Prepaid,Central,App,64,15.88,8.94,0,0,15.88,0
110328,Postpaid,West,Web,12,30.2,22.66,1,4,34.68,0
110329,Family,East,Web,6,44.2,35.15,1,2,53.92,0
110330,Postpaid,West,Partner,39,30.32,8.98,1,2,30.32,0
110331,Family,South,Partner,45,27.28,4.62,0,3,27.28,1
110332,Postpaid,East,Web,37,25.68,21.55,1,0,29.69,0
110333,Prepaid,East,Store,51,20.53,10.37,0,2,20.53,0
110334,Prepaid,East,App,63,11.6,12.41,0,3,11.77,0
110335,Business,East,Web,45,53.48,30.47,1,2,61.24,0
110336,Postpaid,South,Partner,39,33.66,21.95,2,1,37.84,1
110337,Business,South,App,50,60.02,28.35,4,2,66.89,0
110338,Prepaid,South,Store,16,23.49,11.67,3,2,23.49,1
110339,Postpaid,East,App,18,34.01,12.81,2,1,34.35,0
110340,Family,North,App,27,40.98,9.64,1,5,40.98,0
110341,Business,Central,App,56,56.43,19.62,2,11,59.63,0
110342,Prepaid,North,App,62,23.92,8.97,2,3,23.92,0
110343,Business,West,Web,40,44.26,32.87,1,4,53.02,0
110344,Postpaid,South,App,45,33.29,8.74,2,2,33.29,0
110345,Family,Central,Store,57,29.13,17.27,1,2,31.35,0
110346,Postpaid,West,Store,18,29.85,16.73,0,2,31.84,0
110347,Postpaid,Central,Web,9,26.55,31.0,0,4,34.53,0
110348,Postpaid,Central,App,54,24.62,12.31,2,2,24.75,0
110349,Family,West,App,10,43.78,25.03,1,5,49.26,0
110350,Prepaid,North,Web,12,17.34,9.35,1,2,17.34,1
110351,Postpaid,East,Web,29,19.43,13.84,1,1,20.21,0
110352,Postpaid,South,Store,57,30.76,9.64,3,1,30.76,0
110353,Family,Central,Store,29,46.85,15.59,2,6,48.35,0
110354,Postpaid,Central,Partner,9,28.41,15.48,3,1,29.87,0
110355,Postpaid,South,App,10,35.79,26.13,2,2,41.73,1
110356,Postpaid,West,App,19,34.88,16.51,0,1,36.78,0
110357,Postpaid,South,Partner,6,25.04,3.91,0,2,25.04,0
110358,Postpaid,West,Web,24,25.3,0.2,1,6,25.3,0
110359,Postpaid,West,App,6,21.65,15.29,0,3,23.03,1
110360,Family,East,Web,61,41.39,14.57,1,0,42.47,1
110361,Postpaid,Central,App,4,33.3,4.78,1,2,33.3,0
110362,Prepaid,South,Web,15,15.2,7.3,2,4,15.2,1
110363,Postpaid,West,Store,3,25.58,23.08,1,1,30.24,1
110364,Prepaid,West,Store,21,17.72,4.22,2,0,17.72,1
110365,Prepaid,South,Partner,59,20.91,2.38,0,5,20.91,1
110366,Family,East,Web,42,31.94,12.18,1,2,32.02,0
110367,Postpaid,North,App,68,33.28,13.24,4,2,33.8,1
110368,Postpaid,West,Web,45,32.08,21.3,2,0,35.98,1
110369,Business,Central,Web,31,55.17,19.14,0,3,58.17,0
110370,Prepaid,North,Store,70,16.11,3.13,0,4,16.11,0
110371,Prepaid,North,App,14,14.29,8.39,0,5,14.29,1
110372,Prepaid,East,App,9,22.78,12.82,1,1,23.12,1
110373,Prepaid,South,Partner,24,17.82,15.62,4,2,19.35,1
110374,Family,South,App,67,34.25,27.22,1,8,40.64,0
110375,Family,West,Store,59,43.73,15.12,0,0,45.04,1
110376,Postpaid,East,Store,39,25.7,23.85,0,3,30.67,0
110377,Prepaid,Central,App,67,21.05,9.1,1,4,21.05,0
110378,Postpaid,East,App,47,33.95,15.34,2,5,35.35,0
110379,Prepaid,West,App,18,14.12,12.96,2,4,14.52,1
110380,Postpaid,South,App,1,38.44,8.35,2,4,38.44,1
110381,Postpaid,South,Partner,3,38.47,11.43,0,3,38.47,0
110382,Prepaid,East,App,62,26.41,10.98,0,7,26.41,0
110383,Family,West,App,23,42.74,17.33,1,4,44.98,0
110384,Family,Central,Store,31,35.18,10.99,0,5,35.18,0
110385,Prepaid,North,Partner,28,18.99,12.43,1,2,19.18,1
110386,Postpaid,East,App,7,35.95,17.98,1,6,38.46,0
110387,Postpaid,West,App,1,15.13,22.47,0,3,19.52,0
110388,Prepaid,North,Web,53,14.31,2.66,3,5,14.31,1
110389,Prepaid,West,Store,50,17.39,9.55,0,3,17.39,0
110390,Postpaid,South,Store,17,36.42,20.33,1,3,39.92,1
110391,Business,Central,App,9,64.28,25.69,1,1,70.03,0
110392,Postpaid,East,Web,38,34.96,9.68,0,1,34.96,0
110393,Postpaid,North,Store,6,33.19,9.19,3,1,33.19,1
110394,Postpaid,West,Web,21,25.52,14.13,1,4,26.41,0
110395,Postpaid,North,Partner,52,35.38,28.46,1,0,42.29,1
110396,Prepaid,West,Web,13,16.36,12.08,1,3,16.39,0
110397,Postpaid,West,App,56,20.99,11.1,0,4,20.99,0
110398,Family,East,Web,64,38.91,18.35,0,2,41.57,0
110399,Family,South,Store,14,47.11,22.45,4,2,51.5,0
110400,Business,East,App,48,45.3,31.55,0,1,53.51,0
110401,Prepaid,East,App,56,15.57,7.76,0,2,15.57,0
110402,Postpaid,West,App,38,36.12,17.19,5,2,38.3,0
110403,Postpaid,West,Partner,22,35.74,19.07,0,4,38.71,0
110404,Prepaid,South,Web,71,15.51,13.19,1,3,16.01,0
110405,Prepaid,West,Web,23,10.68,9.51,0,0,10.68,0
110406,Family,West,Web,18,35.78,23.0,0,3,40.4,0
110407,Postpaid,West,Store,9,36.45,7.05,0,1,36.45,0
110408,Postpaid,South,Web,66,27.63,7.64,2,2,27.63,0
110409,Prepaid,East,App,17,15.07,11.86,0,1,15.07,1
110410,Postpaid,East,App,10,35.48,8.56,2,1,35.48,0
110411,Prepaid,West,Store,3,10.98,7.8,0,4,10.98,1
110412,Prepaid,West,Web,21,11.22,6.41,1,3,11.22,0
110413,Postpaid,Central,Web,49,26.78,18.31,1,2,29.43,0
110414,Prepaid,South,Partner,50,10.14,8.83,1,4,10.14,0
110415,Business,West,Web,62,62.11,36.48,2,2,72.39,0
110416,Postpaid,Central,App,49,30.79,13.39,3,2,31.37,0
110417,Prepaid,North,App,4,11.18,1.1,1,3,11.18,0
110418,Prepaid,North,Store,61,12.83,9.82,2,7,12.83,0
110419,Family,North,Web,19,23.97,15.74,1,1,25.54,1
110420,Prepaid,West,Store,69,13.95,3.61,0,3,13.95,1
110421,Prepaid,East,App,25,18.96,2.55,2,1,18.96,1
110422,Postpaid,North,Store,2,43.83,18.45,0,3,46.53,1
110423,Prepaid,East,Web,29,16.97,0.84,0,1,16.97,0
110424,Postpaid,West,App,33,23.82,10.96,0,3,23.82,0
110425,Postpaid,Central,Store,60,31.2,8.58,1,4,31.2,0
110426,Prepaid,West,App,40,16.3,8.03,0,3,16.3,0
110427,Family,Central,Store,4,45.64,33.54,0,5,54.69,0
110428,Postpaid,West,Web,4,30.11,21.24,0,4,33.99,0
110429,Postpaid,West,App,45,26.67,5.03,2,4,26.67,1
110430,Prepaid,East,Web,7,14.34,8.84,0,2,14.34,0
110431,Postpaid,Central,Web,39,31.57,18.04,2,4,34.1,0
110432,Prepaid,Central,App,65,22.32,8.26,2,2,22.32,1
110433,Postpaid,West,Partner,61,35.04,12.37,1,0,35.19,1
110434,Prepaid,East,Web,46,15.89,1.12,3,3,15.89,1
110435,Business,South,Store,23,53.07,17.73,0,2,55.48,0
110436,Prepaid,South,App,38,14.04,5.25,0,1,14.04,0
110437,Family,North,Store,8,39.97,30.74,1,2,47.84,0
110438,Family,North,App,54,37.22,15.82,2,2,38.82,1
110439,Postpaid,East,App,10,15.16,10.82,1,2,15.16,0
110440,Prepaid,North,Web,4,18.16,13.21,4,1,18.66,0
110441,Postpaid,Central,Partner,46,18.75,26.08,2,3,24.67,1
110442,Business,West,App,42,59.22,36.31,0,2,69.43,0
110443,Postpaid,Central,Web,40,30.8,6.52,0,7,30.8,1
110444,Postpaid,East,Store,35,34.72,12.37,1,2,34.88,0
110445,Prepaid,South,Web,43,15.02,8.31,2,2,15.02,0
110446,Family,South,Web,32,30.83,11.11,2,2,30.83,0
110447,Prepaid,Central,App,10,21.28,11.14,1,2,21.28,1
110448,Prepaid,North,Store,42,16.17,11.67,1,3,16.17,1
110449,Prepaid,West,App,4,23.08,8.23,1,1,23.08,1
110450,Postpaid,South,App,5,39.83,5.77,2,1,39.83,1
110451,Family,South,Store,41,43.14,30.32,1,3,50.83,0
110452,Family,North,App,51,49.01,19.01,0,2,51.96,0
110453,Prepaid,East,App,6,16.97,10.67,1,3,16.97,0
110454,Postpaid,North,App,28,26.5,8.24,2,2,26.5,0
110455,Family,Central,App,67,23.42,38.43,3,1,34.52,0
110456,Postpaid,North,App,57,39.95,16.79,1,0,41.96,0
110457,Prepaid,South,App,58,16.81,0.7,1,5,16.81,0
110458,Postpaid,North,App,48,20.01,5.64,0,3,20.01,1
110459,Postpaid,Central,Web,13,22.81,7.56,0,3,22.81,0
110460,Business,West,Web,28,56.66,16.38,0,3,58.5,1
110461,Postpaid,West,Partner,44,22.95,15.55,1,5,24.44,1
110462,Prepaid,East,Partner,48,22.85,7.96,1,1,22.85,0
110463,Postpaid,Central,Web,10,24.82,19.15,2,4,27.83,1
110464,Prepaid,North,Web,70,24.63,12.01,1,0,24.63,1
110465,Family,West,App,68,40.36,14.42,2,0,41.38,0
110466,Postpaid,West,App,3,21.81,18.64,0,5,24.6,0
110467,Prepaid,North,Partner,43,22.75,7.88,1,0,22.75,1
110468,Postpaid,North,Partner,11,35.47,3.52,0,4,35.47,1
110469,Prepaid,East,Store,23,10.9,6.29,1,1,10.9,1
110470,Prepaid,North,Store,64,15.39,8.09,4,4,15.39,1
110471,Postpaid,South,App,49,26.19,22.5,2,0,30.6,1
110472,Family,South,App,26,38.82,17.04,0,1,40.94,0
110473,Family,North,Store,1,40.05,23.82,3,5,45.01,0
110474,Postpaid,West,App,61,42.75,18.73,3,3,45.58,0
110475,Prepaid,East,Store,21,13.54,5.56,1,1,13.54,0
110476,Postpaid,West,Web,44,32.25,4.81,1,3,32.25,1
110477,Postpaid,East,Web,17,24.7,8.66,0,2,24.7,0
110478,Prepaid,East,Web,57,20.41,12.23,1,2,20.5,1
110479,Family,East,App,25,35.62,21.26,1,4,39.5,1
110480,Business,Central,App,54,70.81,37.23,0,2,81.4,0
110481,Prepaid,South,Store,7,25.08,6.08,0,1,25.08,0
110482,Family,West,Store,45,27.33,3.49,2,6,27.33,0
110483,Postpaid,West,Partner,70,27.47,2.66,0,4,27.47,0
110484,Prepaid,West,App,35,18.54,1.35,1,0,18.54,0
110485,Postpaid,South,App,34,35.64,6.06,1,6,35.64,0
110486,Prepaid,North,App,50,20.52,10.83,2,1,20.52,0
110487,Prepaid,West,Store,62,16.63,7.51,2,0,16.63,0
110488,Business,West,App,59,65.92,30.06,1,3,73.5,0
110489,Postpaid,West,App,5,29.02,6.34,5,5,29.02,0
110490,Prepaid,West,App,22,21.97,6.91,1,1,21.97,0
110491,Postpaid,North,App,61,30.02,12.53,1,7,30.24,0
110492,Business,West,Web,71,71.01,20.59,1,1,74.62,0
110493,Postpaid,West,App,48,37.1,11.1,2,1,37.1,0
110494,Family,Central,Web,1,27.65,10.39,1,5,27.65,0
110495,Family,West,Web,49,43.21,27.19,0,2,49.59,0
110496,Postpaid,East,App,69,37.16,6.77,0,4,37.16,0
110497,Postpaid,West,App,59,27.26,25.5,1,4,32.93,0
110498,Postpaid,West,App,53,31.5,13.89,1,2,32.29,1
110499,Family,South,App,38,38.87,23.63,0,3,43.75,0
110500,Postpaid,East,Web,65,31.33,14.7,1,2,32.47,0
110501,Prepaid,South,Partner,46,21.95,12.18,1,1,22.02,1
110502,Prepaid,North,App,37,16.68,6.27,1,0,16.68,0
110503,Postpaid,West,App,65,30.15,5.92,1,1,30.15,0
110504,Family,South,Web,1,33.03,32.9,1,2,41.81,0
110505,Family,West,Store,10,36.48,16.44,0,2,38.35,1
110506,Postpaid,East,App,61,18.57,15.9,0,3,20.21,0
110507,Prepaid,West,Store,5,29.7,14.79,1,2,30.87,1
110508,Prepaid,West,App,65,14.76,11.13,1,4,14.76,0
110509,Family,West,App,71,40.74,22.66,3,6,45.21,1
110510,Postpaid,East,Partner,19,27.9,19.49,2,1,31.04,1
110511,Family,Central,Web,64,40.92,9.75,1,1,40.92,1
110512,Prepaid,South,App,40,13.97,12.57,1,5,14.21,0
110513,Postpaid,West,Partner,38,34.69,18.41,1,1,37.38,0
110514,Family,East,App,67,35.68,13.12,0,4,36.16,0
110515,Prepaid,South,App,57,13.16,16.25,0,2,14.94,0
110516,Prepaid,West,Partner,65,22.18,6.32,2,1,22.18,0
110517,Postpaid,East,Web,64,28.63,7.21,1,3,28.63,0
110518,Postpaid,South,Web,53,29.58,24.66,2,5,34.9,1
110519,Business,South,App,34,66.19,26.38,4,4,72.23,0
110520,Family,North,App,14,28.4,9.26,0,2,28.4,0
110521,Family,Central,Partner,8,45.0,11.45,2,3,45.0,0
110522,Prepaid,West,App,19,24.37,9.93,2,0,24.37,1
110523,Postpaid,North,Web,35,33.48,8.95,1,2,33.48,0
110524,Family,West,Web,10,31.76,4.8,1,4,31.76,0
110525,Postpaid,West,App,26,45.57,4.07,0,6,45.57,0
110526,Business,West,Partner,58,55.92,27.46,1,1,62.41,0
110527,Postpaid,East,Partner,2,33.3,13.11,1,0,33.76,0
110528,Prepaid,North,Web,23,19.75,4.46,2,3,19.75,1
110529,Postpaid,South,App,70,37.28,10.88,1,1,37.28,0
110530,Postpaid,West,Store,24,29.32,24.89,1,2,34.73,0
110531,Prepaid,West,App,52,18.52,8.17,0,0,18.52,0
110532,Postpaid,West,App,44,35.78,15.47,0,2,37.24,0
110533,Postpaid,North,Partner,57,29.01,16.47,2,0,30.89,0
110534,Prepaid,West,Partner,53,12.69,7.14,1,4,12.69,0
110535,Postpaid,East,App,43,29.34,17.96,0,2,31.85,0
110536,Postpaid,West,Web,70,14.24,20.09,1,4,17.64,0
110537,Family,South,Partner,20,26.12,16.3,0,1,27.93,0
110538,Postpaid,West,Store,21,33.11,13.27,3,4,33.64,0
110539,Business,Central,App,43,54.62,13.99,2,1,55.45,0
110540,Business,South,App,52,58.04,34.71,3,6,67.58,0
110541,Postpaid,West,Store,49,24.2,11.16,1,5,24.2,0
110542,Prepaid,West,Partner,69,12.03,2.58,3,2,12.03,1
110543,Family,South,App,44,44.6,29.55,3,1,51.98,1
110544,Prepaid,South,App,55,13.88,4.55,0,4,13.88,1
110545,Family,West,Web,10,44.28,11.28,1,2,44.28,0
110546,Postpaid,South,Web,3,28.26,4.7,1,3,28.26,0
110547,Postpaid,North,Partner,59,21.18,14.61,2,1,22.28,1
110548,Postpaid,Central,Web,33,25.88,20.42,3,5,29.42,1
110549,Postpaid,East,Store,22,32.73,12.81,2,2,33.07,0
110550,Business,West,Partner,55,47.04,22.58,3,1,51.48,0
110551,Prepaid,West,Store,29,16.82,11.21,4,3,16.82,1
110552,Business,East,Store,3,48.19,31.98,1,5,56.59,0
110553,Prepaid,West,App,40,16.76,9.72,0,2,16.76,0
110554,Family,North,Store,10,24.31,16.94,2,5,26.38,0
110555,Family,South,App,71,62.61,21.02,1,3,66.4,0
110556,Postpaid,West,Partner,24,33.07,12.05,1,3,33.09,0
110557,Prepaid,Central,App,23,24.58,5.0,1,4,24.58,0
110558,Family,South,App,61,35.19,23.66,0,1,40.08,0
110559,Family,Central,Partner,4,38.11,3.1,1,2,38.11,1
110560,Prepaid,West,Web,49,17.24,4.63,1,3,17.24,1
110561,Postpaid,East,Web,71,30.16,27.15,0,5,36.53,0
110562,Family,East,Web,3,36.6,19.46,1,7,39.73,1
110563,Prepaid,North,App,69,16.49,5.05,1,1,16.49,1
110564,Postpaid,West,App,45,19.11,6.23,3,3,19.11,0
110565,Postpaid,North,Web,15,26.01,15.08,2,2,27.3,0
110566,Prepaid,East,Partner,62,14.05,12.37,0,1,14.21,0
110567,Family,South,App,60,40.63,10.35,1,4,40.63,0
110568,Prepaid,Central,App,71,8.68,4.21,2,0,8.68,0
110569,Business,South,App,67,56.59,38.54,0,2,67.74,0
110570,Postpaid,East,Store,44,24.88,13.03,2,5,25.32,1
110571,Postpaid,South,App,1,22.74,10.92,2,1,22.74,0
110572,Postpaid,North,App,54,36.19,17.3,1,2,38.41,0
110573,Postpaid,South,App,55,34.34,0.2,0,2,34.34,0
110574,Family,West,Store,56,54.82,19.75,3,3,58.07,0
110575,Postpaid,West,Store,13,26.83,15.86,1,1,28.45,0
110576,Family,East,App,53,31.39,16.12,1,3,33.12,0
110577,Postpaid,West,App,60,31.05,18.83,1,4,33.91,0
110578,Prepaid,North,App,6,16.45,12.77,0,5,16.77,1
110579,Prepaid,West,Store,2,8.0,3.06,2,2,8.0,0
110580,Family,North,App,7,40.54,9.01,0,1,40.54,0
110581,Postpaid,Central,Partner,50,26.85,17.55,2,0,29.18,0
110582,Postpaid,Central,App,22,23.57,20.87,5,2,27.3,0
110583,Postpaid,West,Web,59,32.68,3.89,1,3,32.68,0
110584,Postpaid,North,App,69,25.84,22.45,0,0,30.23,0
110585,Postpaid,East,Store,3,24.29,8.04,0,2,24.29,1
110586,Postpaid,West,Web,54,24.5,8.19,1,2,24.5,0
110587,Business,East,App,55,57.7,27.1,1,1,64.04,1
110588,Prepaid,South,App,6,13.75,4.83,2,3,13.75,0
110589,Postpaid,East,App,9,26.73,14.47,3,2,27.77,1
110590,Prepaid,North,Store,59,17.1,12.92,1,5,17.49,0
110591,Family,East,Partner,6,39.67,12.46,2,2,39.87,1
110592,Postpaid,North,Store,15,39.19,5.65,0,2,39.19,0
110593,Postpaid,West,Web,67,36.06,20.6,1,0,39.67,0
110594,Family,South,App,53,28.49,16.05,2,1,30.19,0
110595,Postpaid,North,Store,67,35.36,9.54,0,4,35.36,0
110596,Prepaid,North,Web,20,11.4,6.65,2,3,11.4,1
110597,Postpaid,Central,App,54,34.55,10.43,1,2,34.55,0
110598,Prepaid,East,App,44,20.66,10.99,0,0,20.66,0
110599,Family,West,App,65,23.96,19.22,0,5,27.0,0
110600,Family,West,App,17,48.17,12.45,3,1,48.36,1
110601,Family,West,Partner,2,36.6,12.96,0,5,37.01,1
110602,Family,East,App,29,38.48,10.62,2,3,38.48,0
110603,Family,West,App,37,38.85,13.5,2,1,39.48,1
110604,Postpaid,South,App,42,19.21,12.91,2,0,19.59,0
110605,Prepaid,East,App,63,16.08,11.21,1,5,16.08,1
110606,Postpaid,South,App,50,35.0,11.29,0,1,35.0,0
110607,Business,Central,App,65,60.4,18.45,3,6,63.11,0
110608,Business,East,App,53,52.68,36.67,2,1,63.04,1
110609,Family,South,App,27,40.54,20.66,0,5,44.18,0
110610,Prepaid,West,Web,59,13.08,14.32,0,2,14.05,0
110611,Prepaid,North,Store,24,18.85,0.2,1,4,18.85,0
110612,Family,East,Web,59,46.9,23.53,0,6,51.74,0
110613,Prepaid,Central,App,51,12.67,13.84,0,3,13.45,0
110614,Postpaid,West,App,16,32.35,11.54,1,3,32.35,0
110615,Postpaid,West,Partner,5,13.86,12.47,4,2,14.06,1
110616,Prepaid,East,App,64,12.61,14.13,3,3,13.5,1
110617,Postpaid,East,App,57,34.28,10.1,2,2,34.28,0
110618,Business,North,App,4,54.84,18.25,0,3,57.46,0
110619,Family,West,App,18,43.15,27.83,2,3,49.79,1
110620,Postpaid,East,Store,35,31.7,15.31,1,4,33.09,0
110621,Postpaid,North,Store,38,34.67,15.56,1,2,36.17,0
110622,Family,North,App,28,35.64,23.91,1,3,40.64,0
110623,Postpaid,North,Store,14,19.94,20.08,1,3,23.33,0
110624,Postpaid,South,App,49,21.87,9.49,1,0,21.87,1
110625,Postpaid,North,Store,53,20.39,16.31,1,2,22.2,0
110626,Prepaid,East,Web,47,22.07,1.44,1,3,22.07,0
110627,Prepaid,East,Web,69,14.13,0.63,2,1,14.13,1
110628,Family,East,App,29,25.13,18.27,0,5,27.76,1
110629,Postpaid,North,App,39,24.59,11.85,0,3,24.59,0
110630,Prepaid,East,Web,23,19.15,8.78,1,4,19.15,0
110631,Prepaid,West,App,69,21.94,10.54,2,4,21.94,0
110632,Business,South,Partner,31,52.41,20.06,2,3,55.8,0
110633,Postpaid,South,Web,29,24.46,22.56,2,1,28.9,0
110634,Postpaid,East,App,54,22.84,7.44,0,4,22.84,0
110635,Prepaid,South,Web,21,24.44,13.08,1,1,24.89,0
110636,Business,South,App,27,54.57,28.16,2,2,61.36,0
110637,Family,East,App,61,43.19,24.49,2,3,48.44,1
110638,Postpaid,South,Partner,2,31.87,15.99,1,3,33.54,0
110639,Prepaid,West,Web,3,18.64,3.99,1,1,18.64,1
110640,Postpaid,Central,Store,63,36.91,6.06,2,0,36.91,0
110641,Family,South,Web,21,36.86,31.17,2,1,44.91,1
110642,Family,East,App,57,32.86,8.14,1,1,32.86,0
110643,Business,Central,Web,50,48.57,23.61,1,2,53.45,0
110644,Postpaid,East,Partner,15,30.99,16.89,0,4,33.04,0
110645,Prepaid,Central,Web,14,15.15,14.32,0,2,16.12,0
110646,Postpaid,West,App,71,28.05,11.62,0,2,28.05,0
110647,Family,South,App,65,34.36,19.62,2,2,37.56,0
110648,Prepaid,South,Partner,19,16.1,8.89,1,1,16.1,1
110649,Prepaid,North,App,35,23.94,7.79,6,3,23.94,1
110650,Family,West,Partner,63,36.44,18.73,1,0,39.27,0
110651,Postpaid,South,App,18,29.01,13.89,0,2,29.81,1
110652,Family,West,App,48,39.38,11.03,2,3,39.38,0
110653,Prepaid,East,App,27,17.17,17.69,2,0,19.56,0
110654,Prepaid,West,Store,64,14.56,10.52,1,0,14.56,0
110655,Prepaid,West,App,21,15.18,3.25,1,1,15.18,0
110656,Postpaid,North,App,32,25.55,7.0,1,2,25.55,0
110657,Family,South,Partner,51,49.03,18.1,0,2,51.59,0
110658,Postpaid,East,App,49,21.01,8.74,2,6,21.01,1
110659,Postpaid,West,Store,8,21.8,22.47,0,3,26.2,0
110660,Prepaid,West,App,7,12.43,5.9,1,1,12.43,0
110661,Postpaid,East,Web,62,32.18,16.65,0,2,34.13,0
110662,Business,West,Store,55,53.31,23.85,1,4,58.29,0
110663,Family,East,Web,11,35.45,25.36,2,2,41.06,0
110664,Prepaid,North,App,47,9.58,7.2,2,2,9.58,0
110665,Postpaid,Central,Store,21,16.31,14.71,1,3,17.44,0
110666,Prepaid,East,App,30,17.4,10.7,3,2,17.4,1
110667,Prepaid,West,Store,46,15.93,9.53,1,3,15.93,1
110668,Prepaid,South,App,46,17.39,10.77,1,2,17.39,0
110669,Prepaid,East,Store,26,25.72,4.56,0,4,25.72,0
110670,Prepaid,South,App,60,19.15,10.58,2,5,19.15,0
110671,Family,South,Web,37,47.68,16.67,1,3,49.64,1
110672,Prepaid,North,App,59,14.66,11.55,1,4,14.66,1
110673,Family,West,Store,41,43.97,16.52,0,1,45.87,0
110674,Business,South,App,26,47.32,40.33,1,0,59.22,0
110675,Postpaid,South,Web,19,34.95,8.43,0,6,34.95,1
110676,Postpaid,South,Partner,1,29.02,8.83,5,5,29.02,1
110677,Family,East,Store,39,36.55,21.73,2,2,40.64,1
110678,Prepaid,East,App,41,13.47,7.66,2,3,13.47,0
110679,Postpaid,West,Store,68,28.15,14.9,1,3,29.36,0
110680,Postpaid,West,App,19,31.1,8.41,2,4,31.1,0
110681,Family,East,Store,1,46.47,28.08,2,1,53.23,0
110682,Family,East,App,65,34.74,30.2,1,1,42.38,1
110683,Family,North,Store,43,34.02,13.82,2,1,34.79,1
110684,Postpaid,East,Web,4,26.94,3.55,1,3,26.94,1
110685,Postpaid,Central,App,24,26.5,0.2,4,3,26.5,1
110686,Family,East,Store,70,44.53,17.3,1,1,46.76,1
110687,Family,Central,App,63,34.04,14.94,1,2,35.28,0
110688,Postpaid,North,App,40,28.11,8.54,0,1,28.11,0
110689,Business,West,Web,7,51.56,9.59,1,5,51.56,0
110690,Family,West,Web,47,35.75,7.88,0,1,35.75,0
110691,Postpaid,West,Web,5,22.74,4.85,0,1,22.74,1
110692,Prepaid,West,App,29,16.03,8.7,0,4,16.03,0
110693,Prepaid,North,App,30,16.23,8.59,1,1,16.23,1
110694,Family,West,Store,56,32.96,15.25,1,4,34.33,1
110695,Prepaid,East,Store,49,20.03,10.45,0,6,20.03,1
110696,Postpaid,East,Web,35,30.49,13.14,3,1,30.97,0
110697,Postpaid,North,Web,1,33.96,32.04,0,3,42.38,0
110698,Family,North,Web,2,48.63,19.13,2,2,51.63,0
110699,Family,Central,App,59,60.35,5.64,1,4,60.35,0
110700,Family,South,Partner,47,30.54,23.99,1,4,35.58,0
110701,Postpaid,South,Partner,25,35.7,11.39,3,1,35.7,0
110702,Prepaid,North,App,55,11.42,6.44,0,0,11.42,0
110703,Postpaid,West,App,67,29.22,3.38,1,2,29.22,0
110704,Prepaid,West,Web,1,18.41,8.01,0,3,18.41,0
110705,Postpaid,Central,Store,66,33.53,0.79,1,4,33.53,0
110706,Business,East,App,18,58.49,47.37,2,3,73.34,0
110707,Postpaid,South,App,55,27.74,17.58,3,2,30.09,0
110708,Postpaid,North,Store,43,24.29,4.01,1,3,24.29,0
110709,Postpaid,South,Web,54,28.5,2.81,0,6,28.5,1
110710,Family,West,Web,9,39.63,18.32,0,0,42.29,0
110711,Postpaid,Central,Partner,44,31.76,16.46,2,2,33.64,0
110712,Postpaid,North,Store,70,37.29,3.85,2,3,37.29,1
110713,Prepaid,South,Web,58,17.35,8.11,1,1,17.35,0
110714,Postpaid,West,App,58,29.67,18.63,2,6,32.46,0
110715,Prepaid,East,Store,13,28.01,4.91,2,1,28.01,0
110716,Postpaid,West,Partner,20,24.0,11.09,4,2,24.0,1
110717,Family,East,Web,59,39.51,15.37,0,5,40.92,0
110718,Prepaid,South,Web,30,12.32,5.78,0,1,12.32,1
110719,Postpaid,East,App,41,23.05,8.63,3,5,23.05,0
110720,Prepaid,South,App,13,14.51,14.36,1,2,15.5,1
110721,Prepaid,West,Web,57,26.2,8.62,2,3,26.2,0
110722,Prepaid,North,App,33,17.56,12.56,0,5,17.79,1
110723,Prepaid,East,App,36,12.84,7.48,0,5,12.84,0
110724,Business,Central,Web,69,59.84,7.37,1,4,59.84,0
110725,Business,East,App,46,53.24,12.21,1,2,53.33,0
110726,Postpaid,South,App,32,24.95,10.47,1,3,24.95,1
110727,Postpaid,Central,App,25,22.25,22.07,3,5,26.48,0
110728,Family,South,App,44,41.66,21.13,2,2,45.49,0
110729,Family,West,App,31,39.41,2.83,0,4,39.41,0
110730,Postpaid,North,App,17,31.82,7.94,0,1,31.82,0
110731,Prepaid,Central,Store,27,17.98,7.86,2,0,17.98,0
110732,Postpaid,North,App,21,24.08,20.39,1,5,27.6,0
110733,Business,South,Store,54,58.47,40.44,3,4,70.41,1
110734,Prepaid,Central,Web,37,17.72,8.92,1,3,17.72,0
110735,Postpaid,East,Store,15,26.72,0.2,2,3,26.72,1
110736,Postpaid,South,Store,11,36.1,12.9,0,2,36.48,1
110737,Postpaid,North,Web,67,27.12,5.63,2,5,27.12,1
110738,Family,North,Store,65,42.56,12.51,0,3,42.77,0
110739,Postpaid,South,App,60,25.71,3.2,3,0,25.71,1
110740,Business,East,Partner,53,55.1,20.13,2,1,58.52,0
110741,Family,East,App,63,42.4,24.33,0,3,47.58,0
110742,Prepaid,Central,Store,47,14.17,11.18,1,0,14.17,0
110743,Family,West,Store,66,44.59,33.22,0,4,53.5,0
110744,Family,Central,Web,67,44.23,22.88,1,2,48.8,1
110745,Postpaid,East,Store,32,37.19,15.12,1,1,38.5,0
110746,Postpaid,East,Store,18,29.69,9.85,3,0,29.69,1
110747,Family,East,Store,65,41.41,12.87,0,2,41.78,0
110748,Postpaid,South,Web,60,38.22,10.3,1,3,38.22,0
110749,Prepaid,South,App,32,20.65,1.78,1,3,20.65,0
110750,Prepaid,West,Partner,66,22.44,11.74,0,4,22.44,0
110751,Prepaid,West,Web,8,12.11,15.8,1,3,13.71,1
110752,Postpaid,South,App,60,31.24,11.65,0,2,31.24,0
110753,Prepaid,East,App,4,29.11,8.51,0,4,29.11,1
110754,Postpaid,South,Partner,8,31.04,8.67,3,2,31.04,1
110755,Postpaid,East,App,5,37.04,9.44,0,4,37.04,1
110756,Family,South,App,6,34.78,32.87,1,4,43.55,0
110757,Postpaid,Central,App,14,23.05,17.94,0,1,25.55,0
110758,Business,East,App,27,55.39,12.2,1,0,55.47,0
110759,Family,East,Store,26,47.0,14.6,2,2,48.09,1
110760,Prepaid,West,Web,31,17.29,6.06,0,3,17.29,0
110761,Postpaid,Central,Web,71,19.68,13.91,0,4,20.48,0
110762,Prepaid,West,App,37,29.6,4.23,1,2,29.6,0
110763,Family,East,Store,18,42.79,17.36,1,4,45.04,1
110764,Postpaid,South,App,10,17.71,7.96,2,4,17.71,0
110765,Prepaid,West,Web,66,22.42,5.98,1,2,22.42,0
110766,Prepaid,West,App,20,15.9,1.9,1,1,15.9,0
110767,Postpaid,Central,Partner,59,30.01,11.77,0,3,30.01,0
110768,Family,East,Web,57,45.74,14.49,2,2,46.79,0
110769,Family,West,Web,63,43.27,6.59,1,3,43.27,0
110770,Prepaid,South,Store,11,17.41,12.29,0,2,17.53,1
110771,Prepaid,North,Store,57,19.92,4.96,3,2,19.92,0
110772,Postpaid,South,Store,57,24.66,19.98,1,4,28.01,0
110773,Postpaid,North,Web,71,31.99,13.8,0,2,32.75,0
110774,Prepaid,East,Partner,51,20.25,7.33,2,3,20.25,0
110775,Prepaid,South,Partner,9,15.57,10.29,3,4,15.57,1
110776,Family,West,Store,33,30.79,14.49,2,5,31.84,0
110777,Postpaid,West,Web,35,29.12,8.85,1,4,29.12,0
110778,Family,North,App,35,44.09,12.5,2,2,44.3,0
110779,Postpaid,West,App,25,31.18,6.68,1,2,31.18,0
110780,Postpaid,North,Web,58,36.01,18.48,2,2,38.73,0
110781,Postpaid,North,Partner,21,33.45,18.3,2,1,36.1,0
110782,Prepaid,Central,Web,33,8.0,7.39,1,3,8.0,0
110783,Prepaid,North,Web,33,13.15,14.31,3,4,14.12,0
110784,Business,South,App,47,50.53,29.36,1,1,57.82,0
110785,Family,West,Web,35,44.72,5.01,0,2,44.72,0
110786,Family,South,Store,70,34.43,22.19,0,5,38.71,0
110787,Prepaid,South,Store,71,17.68,11.37,2,3,17.68,1
110788,Prepaid,West,App,34,19.73,7.9,1,4,19.73,1
110789,Prepaid,West,Store,20,16.5,9.62,1,4,16.5,0
110790,Business,East,App,55,49.9,19.78,2,3,53.17,1
110791,Family,Central,Web,66,27.87,20.17,3,3,31.31,0
110792,Postpaid,North,Partner,64,30.14,29.02,1,3,37.29,0
110793,Business,East,Web,13,54.36,22.14,0,5,58.62,1
110794,Prepaid,South,App,4,18.64,5.23,1,0,18.64,0
110795,Postpaid,North,Store,48,26.28,15.24,1,3,27.64,0
110796,Prepaid,Central,Store,22,8.0,8.18,1,1,8.0,1
110797,Prepaid,West,Web,22,14.14,15.28,1,6,15.51,0
110798,Business,South,App,3,52.58,29.81,1,2,60.06,0
110799,Family,South,Store,70,43.73,27.3,0,3,50.16,0
110800,Prepaid,South,Web,1,18.28,8.21,2,5,18.28,1
110801,Prepaid,West,App,46,14.53,8.87,0,2,14.53,0
110802,Postpaid,South,Web,67,28.28,16.01,3,5,29.97,0
110803,Prepaid,Central,Partner,5,22.26,8.47,0,2,22.26,0
110804,Postpaid,South,Web,45,23.96,20.94,2,3,27.72,1
110805,Postpaid,South,Partner,67,35.1,7.02,1,2,35.1,1
110806,Prepaid,Central,Web,30,15.71,6.14,2,3,15.71,0
110807,Prepaid,Central,Store,22,21.31,6.72,1,1,21.31,1
110808,Prepaid,South,Store,51,10.53,10.08,0,0,10.53,1
110809,Business,East,App,67,60.87,23.44,1,1,65.68,0
110810,Postpaid,Central,App,41,12.54,18.04,1,1,15.07,0
110811,Postpaid,West,Store,1,27.3,10.8,2,3,27.3,0
110812,Prepaid,West,App,50,19.07,7.63,1,3,19.07,1
110813,Postpaid,West,App,16,29.81,8.47,1,1,29.81,0
110814,Prepaid,Central,Web,72,22.24,2.31,2,4,22.24,0
110815,Prepaid,East,App,21,23.12,6.09,0,0,23.12,1
110816,Family,North,App,46,26.58,29.4,0,4,33.89,1
110817,Family,East,Web,50,42.76,12.53,3,3,42.98,0
110818,Prepaid,West,App,33,21.4,10.06,0,6,21.4,1
110819,Postpaid,East,Store,58,35.66,9.49,2,2,35.66,0
110820,Business,South,App,65,48.41,38.99,2,1,59.75,1
110821,Prepaid,West,Web,46,17.24,11.32,1,1,17.24,0
110822,Prepaid,East,Store,55,23.9,3.96,1,1,23.9,0
110823,Postpaid,Central,Store,5,28.59,10.89,3,5,28.59,1
110824,Prepaid,South,App,18,13.69,8.54,2,3,13.69,0
110825,Postpaid,West,Web,32,37.46,6.9,0,1,37.46,0
110826,Postpaid,East,App,10,30.87,15.58,1,2,32.38,0
110827,Postpaid,North,Store,36,25.08,0.2,2,0,25.08,0
110828,Postpaid,East,App,6,29.32,21.21,1,4,33.19,1
110829,Postpaid,North,App,26,26.82,14.86,1,3,28.03,0
110830,Family,West,App,5,39.66,23.92,0,4,44.66,0
110831,Prepaid,West,App,31,9.47,5.27,1,4,9.47,0
110832,Prepaid,North,App,30,13.23,9.76,2,2,13.23,1
110833,Postpaid,East,App,35,23.25,20.73,1,3,26.91,0
110834,Prepaid,Central,Web,72,32.07,2.66,4,3,32.07,1
110835,Prepaid,South,Store,40,8.88,9.81,2,2,8.88,1
110836,Postpaid,Central,Store,11,18.71,19.33,3,1,21.78,1
110837,Postpaid,North,App,46,32.09,36.32,0,3,42.3,0
110838,Prepaid,North,App,71,16.99,8.31,0,3,16.99,0
110839,Family,East,Partner,16,37.49,43.01,1,3,50.51,0
110840,Family,South,App,6,29.85,19.85,2,3,33.15,0
110841,Postpaid,Central,Web,65,28.64,2.16,1,6,28.64,0
110842,Prepaid,West,Web,13,22.06,10.14,4,7,22.06,1
110843,Family,West,App,60,38.9,19.23,0,0,41.94,1
110844,Prepaid,West,Web,31,21.28,9.35,1,5,21.28,0
110845,Family,West,Web,57,25.38,13.92,1,0,26.19,0
110846,Postpaid,West,Web,52,37.26,10.67,2,5,37.26,1
110847,Prepaid,West,Store,59,17.51,12.68,1,3,17.79,0
110848,Family,West,App,55,43.87,19.36,1,3,46.96,0
110849,Postpaid,East,Store,38,33.81,19.61,0,7,37.01,0
110850,Postpaid,South,App,18,26.17,9.12,1,0,26.17,0
110851,Postpaid,East,App,69,47.94,23.86,0,2,52.92,0
110852,Postpaid,East,Store,14,30.95,0.2,0,2,30.95,0
110853,Family,South,App,27,41.28,29.84,3,4,48.78,1
110854,Family,East,Web,21,29.04,17.31,3,4,31.27,0
110855,Prepaid,South,Partner,31,20.64,12.74,0,1,20.95,0
110856,Postpaid,North,App,18,25.89,15.98,0,1,27.56,1
110857,Postpaid,West,App,59,19.75,6.01,1,1,19.75,0
110858,Postpaid,West,Store,32,28.01,8.87,1,4,28.01,0
110859,Postpaid,South,App,63,31.71,6.43,1,2,31.71,0
110860,Postpaid,Central,App,3,25.55,5.9,0,3,25.55,1
110861,Family,Central,Partner,33,36.25,15.7,2,4,37.81,0
110862,Prepaid,Central,App,43,23.87,7.62,1,2,23.87,0
110863,Prepaid,North,App,62,18.65,8.95,1,0,18.65,1
110864,Postpaid,South,App,53,33.97,10.9,3,1,33.97,1
110865,Prepaid,East,App,46,21.65,10.99,2,3,21.65,1
110866,Prepaid,West,Web,61,17.12,5.18,2,2,17.12,0
110867,Prepaid,West,Web,28,14.01,4.9,1,5,14.01,0
110868,Postpaid,West,App,69,26.08,9.47,0,0,26.08,0
110869,Business,West,App,66,56.73,40.45,3,5,68.67,0
110870,Postpaid,Central,Partner,66,34.04,12.86,1,0,34.4,0
110871,Prepaid,East,Web,37,14.37,9.88,1,5,14.37,1
110872,Family,Central,Store,7,38.24,19.98,0,6,41.59,1
110873,Prepaid,West,App,62,26.11,5.11,0,8,26.11,0
110874,Business,South,Store,30,49.02,30.15,0,2,56.64,0
110875,Postpaid,West,App,59,28.34,26.04,2,3,34.23,0
110876,Prepaid,North,Store,4,17.06,7.27,3,1,17.06,0
110877,Postpaid,North,Web,7,29.56,11.56,0,4,29.56,0
110878,Prepaid,Central,App,26,19.84,11.46,3,4,19.84,1
110879,Family,East,Web,63,47.61,30.93,1,4,55.56,0
110880,Prepaid,East,Web,3,16.31,9.27,2,2,16.31,1
110881,Family,Central,Web,12,26.32,7.52,0,3,26.32,0
110882,Family,South,Store,36,42.52,9.29,1,2,42.52,0
110883,Family,South,App,59,29.27,18.62,1,0,32.05,0
110884,Family,North,Web,12,39.53,25.75,2,2,45.3,1
110885,Prepaid,East,Web,55,16.41,6.86,2,2,16.41,1
110886,Postpaid,North,App,36,38.27,10.12,0,2,38.27,0
110887,Family,North,Partner,54,33.31,35.12,1,4,43.02,0
110888,Postpaid,West,Partner,52,32.12,20.56,2,3,35.72,0
110889,Prepaid,South,Web,67,21.04,3.23,0,3,21.04,0
110890,Prepaid,East,App,5,8.99,11.42,0,3,8.99,1
110891,Prepaid,North,Web,44,12.98,9.49,0,0,12.98,0
110892,Family,East,App,33,34.29,16.08,2,2,36.0,0
110893,Postpaid,West,App,25,23.42,20.71,1,1,27.07,0
110894,Postpaid,East,App,54,36.45,17.99,2,5,38.97,0
110895,Business,South,Web,43,54.8,31.7,3,2,63.07,0
110896,Prepaid,South,Store,32,16.27,3.94,0,4,16.27,0
110897,Family,North,Store,51,41.4,22.03,2,4,45.62,0
110898,Prepaid,North,App,42,26.86,11.27,0,4,26.86,0
110899,Prepaid,East,App,27,18.16,9.01,2,1,18.16,0
110900,Prepaid,North,Store,25,8.7,3.34,1,4,8.7,1
110901,Prepaid,South,Store,19,20.42,0.2,2,3,20.42,1
110902,Postpaid,North,App,22,22.68,11.11,1,4,22.68,1
110903,Postpaid,West,App,36,31.87,8.75,1,2,31.87,1
110904,Prepaid,East,App,14,16.36,16.23,1,2,18.14,1
110905,Prepaid,East,Web,65,16.7,9.69,2,4,16.7,0
110906,Postpaid,East,Store,42,37.26,18.21,1,3,39.87,0
110907,Prepaid,South,Web,46,18.71,2.81,1,2,18.71,1
110908,Family,South,App,42,32.53,17.3,0,1,34.75,0
110909,Business,South,App,65,54.21,31.89,1,4,62.56,0
110910,Postpaid,East,App,59,37.13,15.09,1,5,38.43,0
110911,Postpaid,South,App,35,26.27,26.43,1,3,32.33,0
110912,Postpaid,North,App,25,29.18,17.51,0,2,31.49,0
110913,Postpaid,Central,Web,69,16.94,21.8,2,4,21.06,1
110914,Business,West,App,44,66.03,40.41,1,8,77.96,0
110915,Business,North,App,57,45.17,15.65,2,0,46.71,1
110916,Postpaid,Central,App,11,27.33,11.24,0,4,27.33,0
110917,Postpaid,North,App,26,23.66,11.22,2,4,23.66,0
110918,Family,North,Store,20,44.3,21.79,5,4,48.41,1
110919,Prepaid,North,App,33,19.18,3.79,2,4,19.18,0
110920,Postpaid,Central,App,37,32.86,30.35,0,4,40.56,0
110921,Postpaid,South,Web,72,30.94,11.77,1,3,30.94,1
110922,Postpaid,West,App,8,25.95,15.61,3,4,27.47,1
110923,Postpaid,West,App,69,28.42,14.67,2,4,29.54,0
110924,Prepaid,East,Web,59,17.89,7.65,1,4,17.89,1
110925,Prepaid,South,App,30,17.3,1.79,2,4,17.3,0
110926,Postpaid,North,Web,21,38.19,24.0,1,2,43.23,0
110927,Family,West,Web,61,23.73,25.76,4,2,29.51,1
110928,Family,South,App,10,42.64,19.57,2,5,45.81,0
110929,Postpaid,East,Store,66,19.98,10.51,1,0,19.98,0
110930,Prepaid,North,App,68,8.81,10.51,1,2,8.81,0
110931,Family,West,Web,19,31.23,17.84,2,2,33.68,0
110932,Family,West,App,41,38.43,14.04,0,5,39.29,0
110933,Postpaid,East,Web,38,30.25,6.96,0,2,30.25,0
110934,Postpaid,East,App,56,27.45,7.25,1,5,27.45,1
110935,Prepaid,South,Web,55,12.75,8.01,1,3,12.75,0
110936,Family,South,Partner,72,39.29,17.4,2,2,41.56,1
110937,Postpaid,North,App,6,23.91,25.38,1,4,29.53,1
110938,Postpaid,West,Store,59,30.57,2.14,0,3,30.57,0
110939,Family,North,Store,59,23.8,14.71,1,2,24.94,1
110940,Postpaid,North,Store,54,27.98,21.54,1,1,31.98,0
110941,Business,North,App,16,59.61,28.72,3,2,66.64,0
110942,Postpaid,South,Store,54,29.66,12.07,1,2,29.69,0
110943,Postpaid,East,Web,35,33.85,19.09,0,3,36.82,0
110944,Business,West,Partner,21,54.69,29.66,1,3,62.11,0
110945,Business,East,Web,28,59.48,21.03,1,1,63.27,1
110946,Business,South,Store,30,51.79,11.48,0,3,51.79,1
110947,Family,East,App,54,29.89,18.73,2,4,32.72,0
110948,Postpaid,West,App,15,25.53,15.17,1,7,26.87,1
110949,Prepaid,Central,Store,17,8.72,9.45,1,7,8.72,0
110950,Postpaid,West,Store,27,34.82,13.75,1,6,35.55,0
110951,Business,West,Web,34,43.93,50.89,1,3,60.26,0
110952,Postpaid,Central,Store,69,27.92,19.6,1,2,31.11,0
110953,Family,Central,App,20,46.08,17.56,3,3,48.41,1
110954,Business,East,App,66,54.16,45.33,0,4,68.16,0
110955,Business,West,Store,4,47.86,10.41,3,0,47.86,1
110956,Business,West,App,37,50.24,17.61,1,2,52.6,0
110957,Postpaid,North,App,61,29.03,10.38,2,2,29.03,0
110958,Postpaid,South,App,23,35.64,29.35,2,6,42.93,0
110959,Business,Central,App,17,60.31,32.58,2,6,68.96,1
110960,Prepaid,East,App,44,19.69,9.54,0,3,19.69,1
110961,Prepaid,North,Partner,17,13.83,9.27,0,3,13.83,0
110962,Business,South,Web,2,47.92,35.57,1,2,57.82,0
110963,Postpaid,North,App,4,25.36,13.29,1,5,25.9,0
110964,Postpaid,South,Web,35,30.85,12.82,1,4,31.2,0
110965,Prepaid,East,Store,37,9.29,9.75,2,0,9.29,0
110966,Postpaid,East,Partner,2,25.98,17.63,2,2,28.35,0
110967,Business,East,Store,20,50.15,29.55,1,4,57.52,0
110968,Postpaid,North,App,55,30.66,14.65,0,2,31.77,0
110969,Postpaid,East,App,41,34.03,16.25,1,3,35.82,0
110970,Postpaid,North,Partner,45,26.24,36.59,4,1,36.57,1
110971,Family,South,Partner,53,47.17,19.18,1,3,50.18,0
110972,Family,West,Store,66,27.69,30.14,1,4,35.31,0
110973,Postpaid,North,Store,4,22.69,24.42,0,1,27.9,0
110974,Postpaid,Central,Store,35,36.78,0.2,1,4,36.78,0
110975,Prepaid,West,Web,15,14.02,10.34,2,0,14.02,1
110976,Postpaid,South,Store,49,31.23,12.59,1,2,31.48,0
110977,Prepaid,South,App,29,14.22,0.2,1,2,14.22,0
110978,Postpaid,North,App,12,27.17,17.95,2,3,29.67,0
110979,Postpaid,North,Store,64,37.32,20.31,1,3,40.81,0
110980,Prepaid,Central,App,38,14.44,3.92,1,4,14.44,1
110981,Prepaid,West,Web,8,29.8,0.95,2,2,29.8,1
110982,Prepaid,West,Partner,17,12.15,7.36,1,2,12.15,0
110983,Prepaid,West,App,54,20.53,5.13,1,6,20.53,1
110984,Postpaid,Central,Partner,34,44.76,12.0,1,0,44.76,0
110985,Prepaid,Central,Web,69,19.45,10.48,1,2,19.45,0
110986,Prepaid,North,Store,4,21.35,6.2,2,1,21.35,1
110987,Business,North,App,6,46.03,21.77,2,1,50.13,0
110988,Prepaid,South,App,50,14.72,7.96,5,6,14.72,1
110989,Family,South,Partner,24,34.14,17.78,4,1,36.57,1
110990,Postpaid,East,Web,63,27.93,27.59,0,2,34.48,0
110991,Postpaid,South,Store,56,25.17,21.63,1,5,29.21,0
110992,Postpaid,West,App,2,28.15,11.92,0,4,28.15,0
110993,Prepaid,North,App,68,17.18,11.03,1,0,17.18,0
110994,Family,West,Store,69,37.45,21.94,2,2,41.63,0
110995,Family,South,Web,18,37.14,14.44,2,3,38.16,0
110996,Postpaid,North,Web,45,26.38,0.2,4,4,26.38,1
110997,Family,Central,Store,47,41.02,0.2,2,3,41.02,1
110998,Postpaid,East,App,3,18.84,13.32,1,4,19.4,0
110999,Family,West,App,53,54.23,36.38,2,0,64.47,0
111000,Family,Central,App,70,42.1,20.63,1,3,45.72,1
111001,Prepaid,North,App,30,8.59,5.92,3,2,8.59,1
111002,Family,South,App,71,33.07,22.96,1,3,37.68,0
111003,Business,North,Web,49,57.08,39.84,0,2,68.77,0
111004,Family,North,App,53,43.35,29.95,2,1,50.89,0
111005,Prepaid,Central,Web,40,15.19,7.35,0,2,15.19,0
111006,Family,West,Partner,50,41.65,13.42,1,7,42.24,1
111007,Postpaid,South,App,68,28.96,9.1,4,3,28.96,0
111008,Prepaid,West,Web,43,20.16,5.7,1,2,20.16,0
111009,Family,Central,App,39,47.4,22.63,2,3,51.86,0
111010,Postpaid,South,App,13,29.73,13.19,2,4,30.23,0
111011,Family,North,App,38,40.57,15.81,0,4,42.17,0
111012,Postpaid,West,App,63,26.65,5.34,1,1,26.65,0
111013,Prepaid,West,Web,49,9.89,4.55,0,3,9.89,0
111014,Business,North,Web,52,63.5,27.99,0,4,70.22,0
111015,Postpaid,East,Store,11,33.67,4.98,3,5,33.67,0
111016,Postpaid,North,Store,61,34.3,18.06,2,3,36.85,0
111017,Postpaid,West,Web,39,30.54,9.63,2,3,30.54,1
111018,Prepaid,West,Web,33,19.65,4.11,4,2,19.65,1
111019,Postpaid,South,Web,4,35.25,3.12,1,1,35.25,1
111020,Postpaid,West,Web,65,21.11,14.03,1,1,21.96,0
111021,Business,East,App,46,56.12,39.85,1,2,67.82,0
111022,Business,West,Store,23,58.41,38.88,1,2,69.7,0
111023,Family,West,Store,39,40.9,7.08,2,0,40.9,0
111024,Prepaid,East,App,66,21.67,5.46,2,0,21.67,1
111025,Postpaid,South,Web,61,36.49,5.51,2,2,36.49,0
111026,Prepaid,South,Partner,22,18.69,6.99,1,3,18.69,1
111027,Family,West,Partner,58,35.14,18.58,3,3,37.9,0
111028,Postpaid,West,App,1,27.56,6.89,1,5,27.56,1
111029,Business,South,App,32,53.2,26.95,1,4,59.48,0
111030,Postpaid,Central,App,40,26.7,15.68,1,6,28.25,0
111031,Prepaid,West,Web,48,12.51,6.85,1,3,12.51,0
111032,Business,North,Store,1,61.5,21.84,5,4,65.63,1
111033,Postpaid,North,Web,22,36.08,20.3,1,2,39.56,0
111034,Family,East,Partner,19,36.1,18.9,1,3,38.99,1
111035,Family,North,App,28,38.98,22.77,0,5,43.5,1
111036,Postpaid,Central,App,50,32.87,11.24,2,3,32.87,0
111037,Postpaid,West,Web,6,28.39,5.65,0,2,28.39,0
111038,Postpaid,North,App,54,33.94,16.81,1,1,35.96,0
111039,Family,East,Store,8,21.64,15.22,3,3,22.99,1
111040,Business,South,Store,37,57.19,16.47,0,2,59.07,0
111041,Prepaid,East,Store,59,18.67,0.2,3,2,18.67,1
111042,Family,South,Partner,64,32.83,16.19,1,3,34.59,0
111043,Prepaid,West,App,70,12.61,14.41,2,0,13.62,1
111044,Postpaid,West,Store,32,41.37,9.7,1,4,41.37,0
111045,Family,Central,Partner,36,37.22,19.29,1,2,40.28,0
111046,Family,North,App,65,30.33,25.95,0,0,36.19,0
111047,Postpaid,South,Web,10,26.93,5.22,2,3,26.93,0
111048,Postpaid,West,Partner,66,29.62,0.2,1,5,29.62,1
111049,Prepaid,South,App,7,25.6,8.0,1,2,25.6,0
111050,Prepaid,South,App,7,21.24,7.21,0,0,21.24,1
111051,Postpaid,Central,App,4,32.51,18.34,3,3,35.17,1
111052,Family,West,App,17,36.85,31.8,2,3,45.17,0
111053,Postpaid,Central,App,64,28.31,18.52,1,4,31.05,0
111054,Prepaid,South,App,15,30.17,12.66,0,2,30.44,1
111055,Family,East,App,32,30.67,20.75,3,3,34.34,0
111056,Prepaid,East,Web,58,17.7,6.43,1,4,17.7,0
111057,Prepaid,East,App,64,18.92,8.46,1,1,18.92,0
111058,Business,North,Store,32,51.99,22.55,2,0,56.42,0
111059,Prepaid,Central,App,27,14.94,8.26,0,1,14.94,0
111060,Postpaid,South,Web,34,37.05,12.17,4,2,37.12,0
111061,Postpaid,East,App,43,29.85,13.95,0,2,30.67,1
111062,Prepaid,Central,App,24,14.36,5.78,0,0,14.36,0
111063,Prepaid,West,Partner,49,16.72,11.41,0,3,16.72,1
111064,Prepaid,North,Web,59,19.73,4.57,3,1,19.73,0
111065,Postpaid,West,Web,4,31.21,15.62,1,2,32.72,0
111066,Family,East,Web,60,40.46,24.27,0,2,45.61,0
111067,Postpaid,South,App,50,28.09,2.68,2,7,28.09,0
111068,Postpaid,North,App,5,42.88,18.7,0,3,45.69,0
111069,Postpaid,West,Store,58,29.13,11.65,2,2,29.13,0
111070,Business,West,Web,36,60.94,10.86,2,3,60.94,1
111071,Prepaid,Central,Partner,2,10.27,2.93,1,0,10.27,1
111072,Family,South,Store,6,35.86,28.28,1,1,42.69,0
111073,Prepaid,South,App,5,27.04,8.05,3,2,27.04,1
111074,Business,North,Web,30,51.4,30.31,0,1,59.09,0
111075,Prepaid,Central,Web,38,16.02,11.63,2,3,16.02,0
111076,Prepaid,Central,App,18,22.84,10.62,2,4,22.84,1
111077,Postpaid,Central,App,70,20.07,5.3,1,1,20.07,0
111078,Prepaid,East,App,3,20.16,6.33,2,4,20.16,0
111079,Family,South,App,71,33.64,19.07,0,3,36.61,0
111080,Postpaid,East,Web,11,30.69,17.87,4,1,33.16,0
111081,Postpaid,South,App,8,28.18,0.2,0,2,28.18,1
111082,Prepaid,South,Store,36,16.29,4.18,0,2,16.29,0
111083,Postpaid,North,App,55,33.2,12.95,2,3,33.6,0
111084,Prepaid,North,App,48,17.72,10.68,1,0,17.72,0
111085,Business,South,Web,58,54.64,14.51,1,6,55.7,1
111086,Family,Central,Store,33,41.6,19.21,1,2,44.62,0
111087,Postpaid,West,Web,64,29.54,0.2,0,4,29.54,0
111088,Family,West,Web,56,37.25,26.35,0,4,43.28,0
111089,Postpaid,South,Web,4,26.7,25.12,2,2,32.21,1
111090,Postpaid,West,App,37,35.05,4.32,0,2,35.05,0
111091,Prepaid,South,Store,71,16.16,8.54,0,3,16.16,0
111092,Postpaid,North,App,53,19.53,20.27,1,0,23.01,0
111093,Postpaid,South,Web,60,33.68,8.67,1,1,33.68,0
111094,Prepaid,North,Store,52,16.42,0.2,0,2,16.42,0
111095,Family,Central,App,44,39.14,17.02,0,4,41.25,0
111096,Prepaid,Central,Store,25,22.11,17.44,1,3,24.4,0
111097,Postpaid,South,Web,5,33.58,25.74,0,4,39.35,0
111098,Prepaid,West,App,22,19.56,8.01,4,3,19.56,1
111099,Postpaid,South,Web,18,38.34,11.78,3,2,38.34,0
111100,Family,North,Web,53,47.77,13.66,2,3,48.46,1
111101,Prepaid,West,App,25,15.47,7.55,1,3,15.47,0
111102,Postpaid,West,Store,26,39.6,25.11,1,4,45.1,0
111103,Postpaid,West,Partner,62,24.39,12.4,2,3,24.56,0
111104,Family,North,App,15,35.45,27.48,1,5,41.95,1
111105,Prepaid,East,App,55,12.18,9.5,0,2,12.18,1
111106,Family,North,Store,26,45.27,12.66,0,2,45.54,0
111107,Postpaid,North,Store,68,22.1,8.05,1,3,22.1,0
111108,Postpaid,North,Web,69,35.46,16.29,0,2,37.26,0
111109,Postpaid,North,Store,31,37.56,11.57,1,5,37.56,1
111110,Postpaid,South,Store,57,28.37,5.92,1,4,28.37,0
111111,Postpaid,South,Store,67,43.71,20.92,1,0,47.46,0
111112,Prepaid,West,App,44,9.88,4.35,0,6,9.88,1
111113,Postpaid,South,Store,65,22.87,5.55,1,2,22.87,0
111114,Postpaid,North,App,50,26.76,19.57,1,4,29.94,0
111115,Postpaid,Central,Partner,2,32.29,11.94,0,2,32.29,1
111116,Prepaid,Central,App,44,23.98,0.7,0,6,23.98,0
111117,Postpaid,North,App,18,34.76,21.95,1,4,38.94,0
111118,Postpaid,South,Web,43,27.97,20.64,0,4,31.59,0
111119,Postpaid,North,App,58,36.74,24.53,3,2,42.0,0
111120,Family,Central,App,15,41.47,18.42,0,7,44.17,0
111121,Postpaid,South,Partner,48,47.45,13.1,1,1,47.92,0
111122,Postpaid,North,Web,39,36.45,14.25,1,2,37.39,0
111123,Prepaid,West,App,17,22.05,2.41,2,4,22.05,0
111124,Business,West,App,55,58.1,10.68,0,2,58.1,0
111125,Prepaid,South,Store,57,19.6,12.99,1,3,20.02,1
111126,Postpaid,South,Store,1,42.72,14.55,1,2,43.79,0
111127,Prepaid,East,App,23,19.06,9.59,1,5,19.06,1
111128,Prepaid,South,App,6,18.31,12.57,1,6,18.55,1
111129,Family,South,Web,44,42.46,7.84,3,6,42.46,0
111130,Prepaid,West,App,64,14.51,0.49,2,1,14.51,0
111131,Prepaid,West,Web,68,8.0,4.96,3,0,8.0,0
111132,Prepaid,West,App,29,12.99,6.77,2,2,12.99,0
111133,Business,West,Store,18,56.57,31.99,0,2,64.97,0
111134,Family,East,Store,23,27.02,30.58,2,2,34.82,1
111135,Business,South,App,4,46.67,20.52,2,2,50.25,0
111136,Family,West,Store,26,42.73,28.6,3,3,49.7,0
111137,Family,North,App,48,30.73,13.15,1,1,31.21,1
111138,Postpaid,North,Web,2,40.55,11.71,0,2,40.55,0
111139,Prepaid,North,Web,53,23.98,5.92,1,5,23.98,1
111140,Prepaid,West,App,61,17.45,7.18,2,2,17.45,0
111141,Prepaid,West,Store,23,10.32,0.2,2,4,10.32,1
111142,Postpaid,East,Partner,56,25.75,12.27,2,4,25.87,1
111143,Prepaid,East,App,34,21.02,7.97,0,5,21.02,0
111144,Prepaid,West,App,72,15.03,9.92,2,2,15.03,1
111145,Postpaid,North,Web,37,38.81,3.54,0,5,38.81,1
111146,Prepaid,South,App,44,18.96,7.68,0,1,18.96,0
111147,Prepaid,West,Web,59,24.08,8.44,1,3,24.08,1
111148,Prepaid,West,App,20,19.15,6.57,0,3,19.15,0
111149,Postpaid,East,Web,50,35.76,20.18,0,1,39.19,0
111150,Prepaid,South,App,62,19.36,11.22,1,2,19.36,0
111151,Prepaid,Central,App,20,22.84,7.7,3,3,22.84,0
111152,Prepaid,South,Web,59,14.03,11.21,2,4,14.03,1
111153,Family,Central,Store,20,31.35,33.29,1,3,40.29,0
111154,Prepaid,West,App,44,11.97,1.57,3,0,11.97,1
111155,Prepaid,Central,Web,24,20.4,12.2,0,5,20.48,0
111156,Family,North,Store,46,39.57,13.02,2,0,40.0,0
111157,Family,East,App,11,47.97,24.91,1,4,53.4,0
111158,Prepaid,South,Web,59,23.02,8.66,0,3,23.02,0
111159,Prepaid,South,Partner,10,14.67,4.69,1,2,14.67,1
111160,Prepaid,South,App,25,18.93,0.2,1,2,18.93,0
111161,Postpaid,South,Web,59,35.57,3.93,1,0,35.57,0
111162,Prepaid,East,Store,7,14.76,4.78,0,0,14.76,0
111163,Business,West,App,60,64.65,29.62,0,5,72.04,0
111164,Family,South,Web,29,41.89,21.59,1,6,45.91,1
111165,Postpaid,South,Store,19,34.36,19.96,2,2,37.7,1
111166,Prepaid,South,Web,60,15.88,7.03,1,2,15.88,1
111167,Family,West,Store,62,24.1,16.01,1,3,25.78,0
111168,Family,North,App,63,26.68,37.42,0,3,37.36,1
111169,Family,West,App,42,27.83,23.65,4,3,32.72,1
111170,Prepaid,South,App,15,14.09,11.28,0,3,14.09,0
111171,Postpaid,East,Store,52,24.96,17.91,1,2,27.45,0
111172,Family,West,Partner,51,31.52,30.45,0,5,39.27,0
111173,Business,East,Web,64,63.05,38.52,4,4,74.19,1
111174,Postpaid,West,Web,54,41.09,11.2,1,2,41.09,0
111175,Postpaid,Central,Store,23,33.1,19.67,1,3,36.32,0
111176,Postpaid,North,App,33,34.0,15.91,1,1,35.65,0
111177,Postpaid,South,Web,48,36.0,12.98,1,3,36.41,0
111178,Business,Central,App,56,64.5,20.97,1,3,68.27,0
111179,Postpaid,West,App,23,31.53,12.9,1,4,31.91,1
111180,Prepaid,West,App,19,15.27,11.8,2,1,15.27,0
111181,Prepaid,South,Partner,66,11.96,8.13,2,3,11.96,1
111182,Postpaid,South,Web,72,22.94,17.0,0,6,25.04,0
111183,Family,Central,App,22,48.03,24.09,2,1,53.11,0
111184,Prepaid,West,Partner,5,14.62,10.19,1,3,14.62,1
111185,Postpaid,South,Web,46,32.19,17.85,0,1,34.64,0
111186,Business,North,Store,2,65.24,37.01,0,1,75.75,0
111187,Postpaid,West,App,14,44.47,13.6,0,4,45.14,1
111188,Prepaid,East,App,38,17.21,10.82,0,5,17.21,0
111189,Postpaid,Central,App,27,30.48,19.33,1,0,33.56,0
111190,Postpaid,South,Web,4,31.87,15.34,0,1,33.27,0
111191,Prepaid,South,Store,26,19.32,7.92,1,3,19.32,0
111192,Postpaid,South,App,49,26.16,12.75,1,3,26.48,1
111193,Postpaid,East,App,55,28.32,14.95,1,2,29.56,0
111194,Postpaid,South,Store,55,39.7,6.42,1,2,39.7,0
111195,Postpaid,North,Web,21,27.86,12.49,0,2,28.06,0
111196,Prepaid,South,App,48,20.0,7.1,2,3,20.0,0
111197,Prepaid,South,Web,24,9.1,0.95,3,4,9.1,0
111198,Prepaid,West,Partner,47,11.12,4.47,1,1,11.12,1
111199,Prepaid,South,Web,1,22.48,0.2,2,4,22.48,0
111200,Family,East,Store,30,49.54,7.26,1,2,49.54,0
111201,Prepaid,West,Web,23,14.0,16.27,1,3,15.8,0
111202,Postpaid,North,Web,49,29.34,31.17,2,0,37.39,0
111203,Prepaid,East,Web,20,17.35,8.08,2,3,17.35,1
111204,Prepaid,Central,App,22,22.76,2.57,4,1,22.76,0
111205,Prepaid,East,App,40,15.91,11.17,3,1,15.91,0
111206,Postpaid,East,App,48,31.43,0.2,0,4,31.43,0
111207,Postpaid,West,App,29,21.17,22.55,2,4,25.6,0
111208,Family,Central,Web,65,39.3,16.61,0,1,41.24,0
111209,Prepaid,West,App,71,18.43,8.01,3,1,18.43,0
111210,Postpaid,South,Web,44,21.59,14.36,1,6,22.58,0
111211,Family,West,Web,40,45.77,9.02,0,3,45.77,0
111212,Prepaid,East,Store,38,18.54,2.25,1,2,18.54,0
111213,Prepaid,South,App,6,17.52,15.08,0,1,18.81,0
111214,Prepaid,East,App,30,14.09,11.39,2,4,14.09,0
111215,Prepaid,West,App,59,25.16,11.17,1,1,25.16,0
111216,Family,South,Partner,50,43.2,0.2,0,3,43.2,0
111217,Postpaid,Central,App,4,24.79,12.71,1,4,25.09,1
111218,Postpaid,Central,App,10,24.31,18.88,1,3,27.2,1
111219,Family,South,App,61,37.1,15.45,1,1,38.55,0
111220,Postpaid,North,Store,53,22.25,21.08,1,4,26.06,0
111221,Postpaid,Central,Store,30,25.91,4.29,1,1,25.91,0
111222,Prepaid,North,Partner,68,22.62,8.89,2,0,22.62,0
111223,Postpaid,West,App,5,29.2,9.94,2,2,29.2,1
111224,Prepaid,North,App,55,18.81,5.51,2,1,18.81,0
111225,Prepaid,South,Web,71,12.01,8.58,0,2,12.01,0
111226,Prepaid,South,App,32,13.72,15.96,3,2,15.39,1
111227,Postpaid,South,App,36,31.29,16.54,1,6,33.2,0
111228,Postpaid,Central,Partner,16,21.55,17.18,2,3,23.73,0
111229,Family,North,Store,62,15.17,4.98,5,2,15.17,0
111230,Prepaid,North,App,53,28.42,8.0,0,4,28.42,1
111231,Business,West,Partner,31,53.18,38.63,3,0,64.36,0
111232,Prepaid,Central,App,17,19.42,13.63,1,2,20.1,1
111233,Family,South,App,34,57.39,26.71,3,2,63.57,1
111234,Family,West,App,33,33.52,33.01,1,4,42.34,1
111235,Postpaid,North,App,27,37.72,8.87,2,5,37.72,0
111236,Postpaid,West,App,61,26.19,4.15,1,3,26.19,0
111237,Family,West,Web,27,40.37,8.77,1,3,40.37,0
111238,Family,Central,Partner,9,33.67,16.47,1,6,35.55,1
111239,Prepaid,West,Web,58,10.71,10.48,0,1,10.71,0
111240,Family,Central,Partner,53,39.12,14.99,1,3,40.38,0
111241,Prepaid,South,App,3,13.25,7.48,1,5,13.25,0
111242,Postpaid,West,App,51,27.04,21.46,1,2,31.01,0
111243,Postpaid,West,App,36,33.06,0.2,1,7,33.06,0
111244,Family,South,Store,49,44.82,32.94,1,3,53.62,1
111245,Postpaid,Central,App,20,32.69,12.15,1,3,32.75,1
111246,Prepaid,West,App,13,22.9,5.0,2,3,22.9,0
111247,Postpaid,Central,Partner,41,21.09,1.99,2,2,21.09,0
111248,Prepaid,South,App,4,20.92,5.74,3,3,20.92,1
111249,Postpaid,Central,Web,16,26.76,26.74,3,2,32.95,1
111250,Postpaid,South,App,4,31.29,11.61,0,3,31.29,1
111251,Family,Central,Store,26,31.22,15.97,1,4,32.88,0
111252,Prepaid,North,Web,66,9.0,1.9,2,6,9.0,0
111253,Prepaid,West,App,39,10.3,1.99,0,2,10.3,0
111254,Postpaid,North,App,54,30.2,12.14,0,1,30.26,0
111255,Prepaid,West,Store,54,14.05,7.55,2,3,14.05,0
111256,Prepaid,South,Store,10,12.08,4.63,2,2,12.08,0
111257,Postpaid,Central,App,69,30.06,6.35,0,1,30.06,0
111258,Postpaid,Central,App,12,23.03,19.17,3,0,26.04,0
111259,Prepaid,South,App,18,14.54,4.46,2,1,14.54,0
111260,Postpaid,West,App,48,32.11,10.22,1,3,32.11,1
111261,Family,West,Partner,35,46.5,21.25,0,6,50.39,1
111262,Postpaid,East,App,16,39.11,6.11,0,1,39.11,0
111263,Prepaid,South,Store,26,17.93,6.44,0,3,17.93,0
111264,Prepaid,South,Web,30,15.59,5.04,0,3,15.59,1
111265,Prepaid,North,Web,44,19.4,12.3,2,5,19.52,0
111266,Postpaid,East,App,57,16.25,25.37,2,5,21.87,0
111267,Postpaid,East,Store,27,37.32,14.65,4,3,38.44,0
111268,Prepaid,East,Store,29,11.66,10.93,2,3,11.66,0
111269,Prepaid,Central,App,7,25.23,16.21,1,1,27.0,0
111270,Prepaid,North,App,69,23.16,4.76,1,4,23.16,0
111271,Prepaid,Central,Web,45,21.75,8.06,2,3,21.75,1
111272,Business,West,Store,19,40.71,8.01,0,1,40.71,0
111273,Prepaid,West,App,3,31.22,10.67,1,5,31.22,0
111274,Prepaid,East,Store,69,17.9,7.76,2,2,17.9,0
111275,Postpaid,North,App,4,33.16,17.85,0,2,35.61,0
111276,Prepaid,Central,App,14,21.53,10.62,3,3,21.53,0
111277,Prepaid,West,App,64,21.01,9.58,1,1,21.01,0
111278,Postpaid,West,App,25,25.38,15.88,1,3,27.01,0
111279,Prepaid,South,Store,63,16.52,13.23,1,4,17.04,1
111280,Prepaid,East,App,40,13.39,7.13,1,1,13.39,0
111281,Postpaid,East,App,41,24.23,5.43,1,3,24.23,0
111282,Postpaid,West,Store,68,24.02,16.38,1,3,25.86,0
111283,Prepaid,West,Web,2,17.96,12.57,0,0,18.2,0
111284,Family,North,Store,26,34.43,26.9,1,4,40.69,0
111285,Prepaid,North,App,25,15.16,1.7,0,3,15.16,0
111286,Business,North,App,53,46.05,31.82,0,4,54.37,0
111287,Business,North,Partner,25,65.29,23.53,0,3,70.13,0
111288,Postpaid,South,App,64,28.94,20.19,2,4,32.38,1
111289,Prepaid,North,App,52,27.25,10.84,3,3,27.25,0
111290,Family,South,Web,66,44.9,24.14,2,5,50.0,0
111291,Postpaid,West,Web,59,21.48,12.41,2,1,21.65,0
111292,Prepaid,West,Partner,54,17.35,8.64,0,2,17.35,1
111293,Postpaid,South,App,26,37.07,13.68,1,3,37.77,0
111294,Postpaid,North,Partner,53,21.06,9.01,1,4,21.06,0
111295,Family,West,App,31,24.3,25.42,1,4,29.93,0
111296,Family,South,Web,25,42.92,26.32,0,3,48.93,0
111297,Family,South,App,17,26.33,16.79,3,2,28.34,0
111298,Family,East,Partner,65,43.03,7.47,0,2,43.03,0
111299,Postpaid,Central,Web,53,24.76,2.11,1,2,24.76,0
111300,Postpaid,South,Web,4,27.09,10.44,1,6,27.09,1
111301,Business,Central,Store,26,53.43,24.61,1,6,58.73,1
111302,Business,South,App,42,58.83,11.91,1,3,58.83,0
111303,Family,North,Store,51,42.01,23.64,0,3,46.9,0
111304,Family,North,App,23,45.71,24.45,2,1,50.94,0
111305,Postpaid,West,Web,51,27.62,23.8,0,3,32.58,0
111306,Prepaid,East,App,20,22.69,10.4,4,1,22.69,1
111307,Family,East,App,12,28.24,1.7,2,6,28.24,1
111308,Prepaid,Central,App,7,20.79,15.29,1,2,22.17,0
111309,Prepaid,East,Web,64,17.64,10.0,1,7,17.64,0
111310,Postpaid,North,App,48,26.88,19.01,1,3,29.83,1
111311,Postpaid,West,Store,60,21.22,6.78,0,6,21.22,0
111312,Postpaid,South,App,39,38.54,27.78,3,1,45.17,0
111313,Prepaid,East,App,42,11.87,5.01,0,2,11.87,0
111314,Prepaid,Central,Store,21,28.81,7.41,2,3,28.81,0
111315,Prepaid,East,App,7,20.84,6.77,0,2,20.84,0
111316,Postpaid,South,Web,52,27.0,9.45,1,4,27.0,0
111317,Prepaid,East,Store,13,25.2,11.95,0,3,25.2,1
111318,Postpaid,North,Partner,63,32.14,15.4,4,6,33.57,0
111319,Prepaid,South,App,7,20.01,6.8,0,2,20.01,0
111320,Postpaid,East,App,71,40.4,16.47,1,2,42.28,0
111321,Prepaid,South,Partner,34,12.14,1.59,1,4,12.14,0
111322,Postpaid,North,Partner,21,31.09,22.78,4,6,35.62,1
111323,Family,East,Store,20,34.02,29.24,0,3,41.26,0
111324,Prepaid,South,App,49,23.64,4.07,4,2,23.64,1
111325,Postpaid,South,App,60,25.91,8.13,4,1,25.91,1
111326,Postpaid,Central,Store,35,15.53,3.94,1,3,15.53,1
111327,Prepaid,North,App,32,24.09,9.93,2,3,24.09,0
111328,Family,North,App,64,29.11,14.31,1,2,30.08,0
111329,Business,Central,Store,33,48.36,16.02,2,5,50.04,0
111330,Postpaid,North,App,24,33.49,6.38,1,2,33.49,0
111331,Business,Central,Web,67,46.66,17.9,0,3,49.14,0
111332,Postpaid,West,App,58,30.54,27.23,1,4,36.94,0
111333,Postpaid,East,Partner,42,25.59,5.4,3,1,25.59,1
111334,Prepaid,South,Store,1,10.92,11.05,0,1,10.92,1
111335,Prepaid,South,Partner,28,9.1,2.89,0,5,9.1,1
111336,Prepaid,West,Web,71,14.67,2.51,1,3,14.67,0
111337,Postpaid,North,App,71,28.84,14.14,1,3,29.74,0
111338,Postpaid,West,App,49,34.7,15.05,0,0,35.98,1
111339,Prepaid,West,App,34,18.19,4.32,2,2,18.19,0
111340,Postpaid,West,Web,62,20.89,31.46,0,5,29.06,0
111341,Prepaid,North,App,42,21.4,8.52,2,4,21.4,1
111342,Prepaid,West,Web,5,16.89,5.05,1,4,16.89,1
111343,Prepaid,West,Web,28,21.5,11.18,1,6,21.5,1
111344,Postpaid,North,App,24,33.09,15.87,0,3,34.71,0
111345,Postpaid,Central,Web,49,19.95,17.31,0,1,22.18,0
111346,Family,North,Partner,16,37.65,30.03,1,2,45.22,0
111347,Prepaid,Central,Web,56,24.1,7.72,0,1,24.1,0
111348,Postpaid,North,App,18,22.88,9.47,1,1,22.88,1
111349,Business,South,App,46,57.27,36.75,1,3,67.67,0
111350,Prepaid,West,Store,22,22.21,10.23,0,2,22.21,1
111351,Postpaid,North,App,18,27.3,8.48,0,4,27.3,0
111352,Prepaid,North,Store,51,12.58,9.5,1,1,12.58,0
111353,Prepaid,North,Partner,68,16.19,8.65,0,2,16.19,0
111354,Postpaid,West,Store,58,31.48,20.26,0,2,34.95,0
111355,Prepaid,North,App,37,25.31,5.06,3,2,25.31,1
111356,Postpaid,West,App,66,18.36,11.76,0,4,18.36,0
111357,Business,East,Partner,60,51.25,28.62,0,3,58.23,0
111358,Prepaid,East,App,67,17.17,8.69,2,0,17.17,0
111359,Prepaid,South,App,1,17.2,10.16,1,4,17.2,1
111360,Family,South,Store,59,45.19,24.81,1,2,50.57,0
111361,Postpaid,Central,Store,38,34.81,13.5,1,4,35.44,0
111362,Family,West,App,51,34.25,19.36,1,5,37.35,1
111363,Prepaid,Central,Store,68,27.38,12.0,1,1,27.38,0
111364,Postpaid,West,Store,38,28.49,24.65,2,1,33.81,0
111365,Business,West,App,50,59.11,26.98,2,2,65.4,1
111366,Prepaid,Central,App,71,21.02,6.92,2,3,21.02,0
111367,Family,East,Web,9,55.35,22.65,0,0,59.82,0
111368,Postpaid,Central,App,54,24.99,32.79,2,6,33.72,0
111369,Family,North,Partner,52,44.71,26.35,0,5,50.74,0
111370,Prepaid,North,App,14,13.09,0.2,1,4,13.09,0
111371,Postpaid,East,Store,2,30.01,16.61,1,3,31.94,0
111372,Prepaid,East,Web,46,17.94,6.91,1,3,17.94,0
111373,Business,East,Store,27,50.08,19.26,2,2,53.13,0
111374,Prepaid,East,App,23,17.71,12.14,1,0,17.76,0
111375,Prepaid,East,Store,18,20.9,15.21,2,3,22.25,0
111376,Family,Central,Partner,40,32.02,19.44,0,0,35.14,0
111377,Prepaid,South,App,19,19.88,13.14,0,1,20.36,0
111378,Postpaid,South,App,6,28.55,18.99,1,4,31.48,1
111379,Prepaid,West,App,3,8.87,8.49,0,1,8.87,1
111380,Postpaid,West,App,19,30.53,4.19,3,1,30.53,0
111381,Prepaid,West,App,45,25.18,4.03,2,1,25.18,0
111382,Postpaid,South,Web,39,16.76,10.79,2,2,16.76,1
111383,Postpaid,North,Partner,54,22.4,6.22,2,3,22.4,0
111384,Prepaid,Central,Partner,44,21.08,0.2,0,3,21.08,0
111385,Prepaid,North,App,22,15.38,13.71,0,2,16.1,0
111386,Prepaid,West,Store,67,22.42,2.7,0,3,22.42,1
111387,Postpaid,South,App,43,30.41,14.62,3,1,31.51,0
111388,Prepaid,East,App,45,27.54,2.6,1,2,27.54,0
111389,Prepaid,West,Store,36,17.48,7.63,1,7,17.48,0
111390,Prepaid,East,App,31,20.23,5.43,0,2,20.23,1
111391,Postpaid,North,App,72,37.9,15.56,0,2,39.4,0
111392,Postpaid,West,Web,29,33.41,22.94,0,1,38.0,0
111393,Postpaid,North,Web,59,24.46,19.69,1,6,27.69,0
111394,Family,South,Partner,7,36.12,22.9,1,4,40.7,0
111395,Postpaid,East,App,69,37.26,11.43,1,4,37.26,1
111396,Family,East,Web,55,30.63,7.59,2,3,30.63,1
111397,Postpaid,West,App,60,29.71,5.4,4,0,29.71,1
111398,Prepaid,South,App,23,25.67,9.89,2,0,25.67,0
111399,Business,South,Store,48,43.74,32.65,3,3,52.41,1
111400,Family,South,Store,55,40.12,8.53,1,2,40.12,0
111401,Postpaid,Central,App,6,31.14,15.52,2,2,32.62,1
111402,Prepaid,North,Web,47,22.79,5.89,2,2,22.79,0
111403,Prepaid,Central,App,62,17.57,3.99,1,2,17.57,0
111404,Postpaid,South,Partner,62,26.85,24.16,0,2,31.95,0
111405,Postpaid,South,App,55,36.01,4.4,1,1,36.01,0
111406,Postpaid,West,Web,65,31.5,23.07,3,3,36.15,1
111407,Postpaid,South,Partner,21,28.58,13.43,1,4,29.18,1
111408,Postpaid,West,Store,50,36.68,13.28,0,4,37.22,0
111409,Prepaid,Central,Web,20,18.25,2.46,3,3,18.25,1
111410,Prepaid,Central,Web,63,10.27,7.91,3,1,10.27,1
111411,Prepaid,East,App,38,12.84,15.35,0,5,14.24,1
111412,Family,West,Web,60,44.72,7.15,3,0,44.72,0
111413,Postpaid,South,Web,21,20.5,27.52,1,1,27.01,0
111414,Business,West,App,23,63.56,22.56,1,5,68.0,1
111415,Family,North,App,70,39.1,5.16,0,3,39.1,0
111416,Family,North,App,66,36.64,39.66,0,6,48.26,0
111417,Postpaid,East,App,14,32.75,5.4,0,1,32.75,0
111418,Family,South,Partner,28,32.52,27.43,1,2,39.0,1
111419,Business,West,Partner,12,55.47,14.86,1,3,56.67,1
111420,Family,North,Web,46,27.49,25.03,1,3,32.96,0
111421,Prepaid,North,App,4,27.22,6.81,0,2,27.22,0
111422,Postpaid,West,App,2,32.98,0.2,1,5,32.98,1
111423,Prepaid,East,App,40,12.63,6.77,1,3,12.63,1
111424,Prepaid,Central,App,65,9.36,5.73,1,1,9.36,0
111425,Postpaid,South,Web,54,28.14,0.2,3,3,28.14,0
111426,Family,North,Store,51,45.19,23.44,1,0,50.0,0
111427,Prepaid,North,Store,43,8.0,13.78,1,5,8.75,0
111428,Prepaid,East,App,14,20.47,12.27,4,0,20.59,1
111429,Family,North,Partner,15,27.54,9.07,1,3,27.54,0
111430,Prepaid,West,App,45,14.71,5.7,3,4,14.71,0
111431,Prepaid,North,App,67,15.53,4.38,1,4,15.53,1
111432,Family,Central,App,4,44.85,19.5,1,5,48.0,0
111433,Family,East,App,28,35.7,37.03,0,1,46.22,0
111434,Postpaid,West,Store,14,29.59,11.49,2,3,29.59,1
111435,Postpaid,North,Store,11,32.95,15.44,1,4,34.4,0
111436,Prepaid,North,Store,26,17.52,10.79,1,3,17.52,1
111437,Prepaid,South,App,14,21.1,10.74,0,1,21.1,0
111438,Family,East,Partner,18,37.71,24.26,2,5,42.86,1
111439,Family,East,Web,32,33.02,28.58,1,1,39.98,0
111440,Prepaid,South,Partner,54,13.83,9.77,0,2,13.83,0
111441,Prepaid,South,App,40,20.36,9.42,1,3,20.36,0
111442,Prepaid,Central,Partner,40,16.68,7.66,1,1,16.68,0
111443,Prepaid,South,Web,44,18.02,5.22,2,5,18.02,0
111444,Prepaid,North,Store,17,28.0,11.92,1,4,28.0,1
111445,Prepaid,South,App,6,19.31,5.61,1,4,19.31,1
111446,Family,South,App,3,47.94,23.02,0,3,52.56,0
111447,Prepaid,East,Web,63,13.35,12.57,0,1,13.59,0
111448,Postpaid,West,App,64,25.06,21.41,2,1,29.01,1
111449,Postpaid,West,Web,25,37.57,19.21,1,4,40.6,0
111450,Family,West,Web,57,56.21,1.83,0,1,56.21,0
111451,Business,North,Web,19,57.52,23.81,0,4,62.47,0
111452,Postpaid,North,App,22,33.57,10.31,1,4,33.57,0
111453,Prepaid,West,Partner,50,13.61,5.57,1,1,13.61,0
111454,Family,South,App,67,48.22,38.37,0,5,59.3,0
111455,Prepaid,South,Web,45,16.49,15.02,0,3,17.76,0
111456,Prepaid,East,App,70,9.2,8.65,3,1,9.2,0
111457,Prepaid,West,App,72,15.42,8.29,2,1,15.42,0
111458,Family,North,App,3,35.73,6.63,2,1,35.73,0
111459,Prepaid,Central,Web,30,16.07,13.99,0,0,16.9,0
111460,Postpaid,South,Store,34,28.94,16.77,1,2,30.95,0
111461,Postpaid,Central,App,14,23.43,8.75,2,2,23.43,0
111462,Postpaid,South,App,16,29.41,10.85,1,1,29.41,1
111463,Prepaid,West,Web,71,20.45,8.7,1,3,20.45,0
111464,Family,South,App,13,34.28,25.12,3,2,39.8,0
111465,Family,West,App,35,50.68,15.79,2,1,52.27,0
111466,Postpaid,East,Web,35,35.89,9.35,1,1,35.89,0
111467,Postpaid,Central,App,48,29.89,16.8,0,3,31.91,0
111468,Family,West,App,40,36.05,21.91,0,3,40.21,0
111469,Family,East,App,4,33.92,19.16,2,1,36.93,0
111470,Postpaid,South,Store,33,32.54,17.87,0,1,35.01,0
111471,Postpaid,South,Store,25,32.27,10.74,0,4,32.27,0
111472,Prepaid,Central,App,10,12.41,6.36,1,5,12.41,0
111473,Prepaid,Central,Store,72,15.09,7.17,1,2,15.09,0
111474,Prepaid,North,App,39,9.38,14.78,2,3,10.55,0
111475,Prepaid,South,Store,70,27.28,4.38,1,6,27.28,1
111476,Prepaid,North,App,66,11.62,7.74,2,0,11.62,0
111477,Family,South,App,71,31.91,15.24,0,2,33.26,0
111478,Family,South,Web,18,38.19,30.65,1,2,46.02,0
111479,Family,West,App,60,36.82,23.25,2,3,41.55,0
111480,Postpaid,North,Partner,3,31.58,32.11,0,2,40.03,0
111481,Postpaid,Central,Partner,37,39.92,12.31,0,2,40.05,1
111482,Prepaid,Central,App,63,17.44,8.75,1,6,17.44,1
111483,Postpaid,South,Web,42,32.9,7.87,2,2,32.9,0
111484,Prepaid,East,Store,15,18.51,12.29,1,2,18.63,0
111485,Postpaid,East,App,6,36.49,8.86,2,2,36.49,1
111486,Business,South,App,34,51.92,25.58,3,2,57.62,0
111487,Family,West,Partner,58,43.54,14.29,3,0,44.5,0
111488,Prepaid,East,App,67,24.33,7.54,2,1,24.33,1
111489,Family,North,Store,54,41.38,29.73,1,1,48.83,0
111490,Prepaid,Central,Store,32,18.02,7.47,1,1,18.02,0
111491,Prepaid,South,App,51,16.44,4.9,1,4,16.44,0
111492,Prepaid,North,Store,57,11.81,10.61,2,4,11.81,0
111493,Prepaid,Central,Partner,28,21.51,14.59,0,2,22.6,1
111494,Postpaid,North,App,19,23.9,0.2,0,3,23.9,0
111495,Postpaid,North,App,20,27.25,11.98,0,5,27.25,0
111496,Prepaid,South,App,54,27.73,7.46,1,5,27.73,0
111497,Business,South,Web,59,53.67,21.5,1,5,57.66,0
111498,Postpaid,East,Store,14,25.88,15.75,2,4,27.46,0
111499,Postpaid,West,Store,71,38.26,14.75,1,4,39.41,0
111500,Postpaid,South,Web,2,24.04,11.01,2,1,24.04,0
111501,Postpaid,East,Partner,31,30.99,11.19,3,3,30.99,1
111502,Postpaid,North,App,35,27.52,16.87,1,6,29.56,0
111503,Postpaid,South,Web,4,31.17,26.79,2,2,37.38,1
111504,Family,Central,App,53,44.49,24.47,1,1,49.73,0
111505,Prepaid,West,App,65,21.64,7.01,3,3,21.64,1
111506,Postpaid,West,App,18,26.35,9.59,1,4,26.35,0
111507,Prepaid,South,App,50,27.01,6.69,2,2,27.01,0
111508,Family,East,Partner,69,32.29,32.29,1,5,40.81,0
111509,Prepaid,Central,Store,49,18.61,7.54,3,9,18.61,0
111510,Prepaid,Central,Store,33,8.0,7.17,1,1,8.0,0
111511,Business,West,App,68,58.44,38.58,3,1,69.61,0
111512,Postpaid,East,App,29,34.52,11.56,3,2,34.52,0
111513,Prepaid,North,Partner,49,16.88,14.54,0,5,17.95,0
111514,Prepaid,North,Web,56,13.18,7.28,0,6,13.18,0
111515,Postpaid,North,Store,45,38.93,2.41,1,1,38.93,0
111516,Business,South,App,23,59.35,52.68,1,1,76.43,0
111517,Postpaid,North,App,52,35.93,16.0,3,1,37.61,0
111518,Prepaid,East,Partner,23,20.05,4.8,1,3,20.05,1
111519,Postpaid,West,App,35,30.56,12.17,1,1,30.63,0
111520,Postpaid,West,App,40,20.24,18.77,0,2,23.08,1
111521,Prepaid,East,Web,21,27.81,12.86,1,2,28.17,1
111522,Family,South,Partner,56,41.57,12.12,2,2,41.62,1
111523,Prepaid,East,App,19,23.66,3.12,2,3,23.66,0
111524,Family,Central,Web,12,42.64,33.33,1,3,51.6,0
111525,Family,East,App,53,37.14,30.87,1,0,45.07,0
111526,Prepaid,Central,Web,64,15.13,6.27,0,2,15.13,0
111527,Family,South,App,18,41.51,12.41,0,2,41.68,1
111528,Family,West,Web,38,41.16,10.44,1,5,41.16,1
111529,Postpaid,East,Web,68,31.81,4.56,0,1,31.81,0
111530,Postpaid,West,Partner,27,30.57,13.78,0,2,31.32,1
111531,Prepaid,Central,Store,30,10.45,0.45,2,2,10.45,0
111532,Prepaid,East,Partner,51,14.6,5.34,1,3,14.6,1
111533,Family,West,Store,46,39.49,12.66,1,2,39.77,0
111534,Prepaid,Central,Store,10,18.29,5.2,2,4,18.29,1
111535,Prepaid,West,App,4,19.42,8.56,2,3,19.42,1
111536,Postpaid,North,Web,27,31.26,10.54,1,2,31.26,0
111537,Prepaid,North,App,33,17.87,8.25,0,5,17.87,0
111538,Family,Central,Store,45,42.25,9.27,0,2,42.25,0
111539,Family,West,Web,29,28.62,12.06,2,2,28.64,0
111540,Family,Central,Web,10,44.04,19.0,1,5,46.98,1
111541,Prepaid,South,Store,55,14.83,5.82,1,4,14.83,1
111542,Postpaid,West,Store,32,31.45,16.5,1,6,33.34,1
111543,Family,West,Store,4,48.87,12.6,0,1,49.12,0
111544,Postpaid,Central,Store,43,30.05,3.6,3,2,30.05,0
111545,Postpaid,West,Store,29,23.43,18.75,0,5,26.27,0
111546,Postpaid,North,Web,39,32.32,12.63,0,2,32.58,0
111547,Postpaid,West,Web,62,30.51,3.98,1,3,30.51,0
111548,Prepaid,West,Store,14,12.87,1.76,0,1,12.87,0
111549,Postpaid,South,App,49,28.4,5.69,0,5,28.4,1
111550,Prepaid,South,App,9,14.6,7.89,1,2,14.6,1
111551,Family,Central,Web,56,40.51,20.04,1,3,43.88,1
111552,Postpaid,North,Partner,27,20.79,20.61,1,6,24.41,0
111553,Prepaid,East,App,55,15.5,9.39,0,3,15.5,0
111554,Postpaid,West,Partner,3,27.06,23.83,3,2,32.03,0
111555,Postpaid,Central,App,48,22.4,22.45,0,2,26.79,1
111556,Prepaid,West,Partner,19,26.64,10.05,0,2,26.64,1
111557,Business,South,Partner,29,52.82,27.07,0,5,59.15,0
111558,Postpaid,North,Store,17,22.38,15.07,3,3,23.66,1
111559,Postpaid,South,Partner,29,21.69,5.16,4,1,21.69,1
111560,Family,South,Store,57,47.75,22.0,1,1,51.94,1
111561,Postpaid,West,App,4,28.8,18.48,2,4,31.52,1
111562,Postpaid,South,Web,44,27.71,16.37,1,2,29.54,0
111563,Prepaid,North,App,15,19.11,7.81,0,4,19.11,0
111564,Prepaid,Central,App,29,27.14,2.28,0,0,27.14,0
111565,Postpaid,North,App,41,20.61,16.84,0,2,22.64,0
111566,Postpaid,North,Store,7,34.8,8.15,2,3,34.8,0
111567,Family,East,Web,65,47.18,17.44,2,3,49.46,0
111568,Postpaid,North,Web,50,29.31,24.93,2,6,34.75,1
111569,Postpaid,North,Partner,45,18.3,18.42,2,1,21.0,0
111570,Family,Central,Web,67,39.07,31.43,0,3,47.23,1
111571,Business,Central,Web,28,57.5,16.2,0,5,59.26,1
111572,Prepaid,West,Partner,11,14.76,9.42,1,2,14.76,0
111573,Family,West,App,60,50.68,30.69,0,3,58.53,0
111574,Family,North,Web,46,29.87,5.66,2,2,29.87,1
111575,Prepaid,West,App,33,16.53,12.28,1,1,16.65,1
111576,Prepaid,East,App,7,20.29,0.2,0,2,20.29,1
111577,Prepaid,North,App,19,12.36,14.52,1,2,13.42,0
111578,Postpaid,South,App,42,32.31,8.6,0,3,32.31,0
111579,Postpaid,East,Partner,6,30.0,12.25,0,4,30.11,0
111580,Postpaid,North,Store,40,35.04,4.39,0,4,35.04,0
111581,Family,South,Partner,60,38.67,20.27,0,2,42.14,1
111582,Prepaid,South,Store,33,18.72,9.11,0,2,18.72,0
111583,Postpaid,East,Web,45,26.94,17.92,2,1,29.43,0
111584,Family,North,App,16,41.46,20.01,4,5,44.82,1
111585,Business,East,Partner,42,56.49,38.3,4,4,67.54,0
111586,Family,North,App,14,28.61,17.48,0,3,30.91,0
111587,Prepaid,West,Web,52,17.03,6.48,2,2,17.03,1
111588,Prepaid,South,Partner,39,24.55,5.44,4,4,24.55,1
111589,Prepaid,South,Web,44,15.86,8.22,1,1,15.86,1
111590,Postpaid,West,Web,24,22.02,0.2,1,0,22.02,1
111591,Prepaid,West,App,26,16.16,10.32,2,5,16.16,0
111592,Family,North,Store,48,30.7,12.44,4,1,30.88,1
111593,Postpaid,East,App,45,24.35,20.64,0,1,27.98,0
111594,Postpaid,West,App,50,28.75,19.56,2,1,31.93,0
111595,Prepaid,South,App,11,25.66,12.23,1,1,25.76,1
111596,Postpaid,East,Web,14,26.67,0.57,1,3,26.67,0
111597,Postpaid,East,Partner,22,24.21,25.99,2,5,30.08,1
111598,Postpaid,Central,Web,28,23.0,10.28,3,4,23.0,1
111599,Prepaid,East,Web,39,17.89,4.19,0,2,17.89,0
111600,Family,Central,Store,38,38.17,23.36,3,3,42.94,0
111601,Prepaid,West,App,5,22.12,9.21,1,1,22.12,0
111602,Prepaid,East,Web,3,22.66,13.75,2,2,23.4,0
111603,Business,South,App,60,53.04,24.2,2,2,58.16,0
111604,Prepaid,West,Store,42,13.19,4.56,1,3,13.19,1
111605,Prepaid,North,Partner,4,17.8,2.4,3,2,17.8,1
111606,Postpaid,East,App,62,33.01,13.29,3,1,33.55,0
111607,Postpaid,South,App,27,33.18,10.7,1,3,33.18,1
111608,Prepaid,West,App,48,14.24,4.77,1,2,14.24,1
111609,Prepaid,West,Web,33,11.87,7.07,0,6,11.87,0
111610,Prepaid,Central,App,14,17.46,6.73,1,2,17.46,0
111611,Postpaid,South,Store,50,25.79,14.96,0,5,27.03,1
111612,Prepaid,Central,App,27,15.37,1.48,0,2,15.37,0
111613,Family,Central,Web,12,42.45,5.27,1,4,42.45,1
111614,Family,Central,Partner,17,42.45,3.6,1,2,42.45,0
111615,Prepaid,West,App,60,19.14,9.56,1,3,19.14,0
111616,Prepaid,South,Web,38,16.76,9.68,1,3,16.76,0
111617,Prepaid,Central,App,31,18.5,13.12,1,1,18.97,1
111618,Prepaid,West,App,57,13.52,7.66,2,1,13.52,1
111619,Prepaid,West,App,19,20.08,6.17,0,4,20.08,0
111620,Family,South,App,11,53.27,13.16,0,3,53.75,0
111621,Postpaid,North,Partner,8,31.88,17.0,0,7,33.98,1
111622,Postpaid,South,Web,8,28.29,22.88,1,1,32.86,0
111623,Postpaid,East,Partner,67,33.19,19.68,0,5,36.42,0
111624,Family,East,App,65,40.62,22.68,3,4,45.11,0
111625,Prepaid,Central,Web,30,29.11,6.05,3,4,29.11,0
111626,Prepaid,North,Store,35,22.51,9.11,1,3,22.51,0
111627,Business,North,App,28,55.92,28.08,2,2,62.67,0
111628,Prepaid,South,Web,40,18.78,10.29,1,5,18.78,0
111629,Postpaid,North,Web,13,31.26,14.28,1,3,32.21,0
111630,Postpaid,South,Partner,48,31.51,8.34,1,2,31.51,0
111631,Postpaid,West,Partner,37,35.66,13.99,0,2,36.5,1
111632,Prepaid,Central,App,66,17.87,6.21,2,2,17.87,0
111633,Prepaid,South,Partner,24,16.87,9.93,1,2,16.87,1
111634,Postpaid,South,Partner,55,20.64,17.91,3,0,23.12,1
111635,Postpaid,West,Web,12,32.63,24.35,1,9,37.81,0
111636,Family,South,App,7,33.74,29.35,2,3,41.02,1
111637,Postpaid,West,App,55,28.77,18.14,2,3,31.35,0
111638,Family,East,App,64,15.88,20.23,0,3,19.34,0
111639,Business,Central,App,65,49.7,43.31,1,2,62.85,0
111640,Family,North,Partner,5,40.24,16.09,1,2,41.96,1
111641,Prepaid,Central,Partner,26,22.84,7.23,1,3,22.84,1
111642,Postpaid,Central,Partner,35,26.02,10.57,1,2,26.02,0
111643,Postpaid,North,App,21,36.18,6.86,1,4,36.18,1
111644,Postpaid,East,Store,22,37.35,15.06,3,2,38.63,1
111645,Prepaid,South,Store,27,26.82,11.0,3,2,26.82,0
111646,Postpaid,South,Store,2,31.08,21.5,2,4,35.07,1
111647,Postpaid,Central,App,67,41.43,19.12,1,3,44.42,0
111648,Prepaid,North,Partner,22,16.7,16.5,2,1,18.59,1
111649,Family,South,Web,43,32.29,26.86,2,5,38.53,1
111650,Postpaid,North,Web,57,35.46,17.87,2,3,37.92,1
111651,Postpaid,East,App,12,26.84,20.83,1,2,30.54,0
111652,Postpaid,Central,App,15,24.18,21.27,2,3,28.08,0
111653,Postpaid,West,Store,46,35.2,27.9,1,3,41.87,1
111654,Prepaid,West,Web,72,16.03,5.95,0,1,16.03,1
111655,Postpaid,North,Partner,29,27.03,6.63,1,4,27.03,1
111656,Prepaid,West,App,66,21.74,12.03,2,3,21.75,0
111657,Postpaid,South,App,2,35.31,10.12,0,4,35.31,0
111658,Prepaid,East,Partner,54,14.33,7.66,2,4,14.33,1
111659,Business,East,Store,70,57.95,30.27,2,1,65.62,0
111660,Family,Central,Store,54,41.22,18.4,1,2,43.91,0
111661,Postpaid,West,Partner,9,22.59,7.13,1,2,22.59,0
111662,Prepaid,West,Web,1,27.36,0.2,3,2,27.36,0
111663,Postpaid,East,Web,30,20.32,26.93,1,0,26.59,0
111664,Family,North,App,41,37.05,13.71,1,7,37.77,0
111665,Postpaid,East,Store,48,22.45,24.91,2,2,27.87,0
111666,Postpaid,West,Store,67,36.51,16.98,2,5,38.6,1
111667,Family,West,Store,43,41.0,16.27,0,5,42.8,0
111668,Postpaid,West,Store,20,27.56,16.75,1,4,29.56,0
111669,Postpaid,South,App,1,32.16,7.59,2,1,32.16,1
111670,Postpaid,South,App,68,25.05,13.71,0,4,25.77,0
111671,Postpaid,North,Store,44,30.04,21.95,1,1,34.22,1
111672,Postpaid,West,Store,49,33.87,27.16,2,1,40.24,0
111673,Family,Central,App,53,45.09,12.37,1,2,45.24,1
111674,Prepaid,East,Partner,58,18.66,5.7,0,5,18.66,0
111675,Prepaid,West,App,62,25.24,7.42,1,2,25.24,1
111676,Prepaid,West,Store,63,19.82,3.42,1,2,19.82,0
111677,Business,North,Web,14,53.31,14.91,0,4,54.53,0
111678,Postpaid,North,Web,22,33.0,23.27,2,2,37.73,0
111679,Postpaid,South,App,3,29.41,15.11,1,5,30.71,0
111680,Postpaid,Central,App,9,35.27,17.69,0,2,37.66,1
111681,Postpaid,North,App,68,28.49,13.46,0,2,29.1,0
111682,Family,East,App,31,42.79,13.07,2,3,43.24,1
111683,Business,South,App,49,54.82,36.59,2,3,65.15,0
111684,Family,West,Store,41,46.02,37.25,1,3,56.63,0
111685,Family,South,Store,33,37.46,14.49,0,5,38.51,0
111686,Prepaid,Central,App,12,18.75,13.45,0,3,19.36,1
111687,Prepaid,South,Web,53,19.49,12.39,1,4,19.66,1
111688,Postpaid,Central,App,55,41.6,26.85,1,2,47.84,0
111689,Postpaid,East,Partner,12,30.78,19.32,0,3,33.86,1
111690,Prepaid,East,Store,24,21.52,6.31,2,5,21.52,0
111691,Family,West,Store,70,48.55,29.62,1,0,55.95,1
111692,Prepaid,East,App,62,16.46,15.23,2,4,17.81,1
111693,Prepaid,North,Store,48,17.33,11.19,0,0,17.33,0
111694,Prepaid,West,App,70,15.75,11.56,2,2,15.75,0
111695,Family,East,Partner,64,35.46,15.98,1,6,37.13,1
111696,Family,East,App,45,28.83,20.54,3,2,32.42,0
111697,Postpaid,West,Store,41,33.42,18.32,2,5,36.08,1
111698,Family,West,Web,47,47.2,22.93,0,0,51.79,1
111699,Family,South,Store,58,34.02,27.08,1,3,40.35,1
111700,Postpaid,South,Store,70,27.46,16.34,1,1,29.28,0
111701,Family,South,Partner,24,48.75,15.05,1,1,50.03,0
111702,Prepaid,East,App,22,18.77,12.43,2,4,18.96,1
111703,Postpaid,South,App,10,38.19,14.15,1,4,39.1,0
111704,Prepaid,North,Partner,1,25.11,0.97,2,2,25.11,1
111705,Postpaid,West,App,26,24.44,9.96,1,1,24.44,0
111706,Postpaid,South,Web,18,25.33,5.49,1,1,25.33,1
111707,Prepaid,North,App,65,16.21,6.48,2,1,16.21,0
111708,Postpaid,Central,App,36,25.64,13.08,3,4,26.1,1
111709,Postpaid,West,App,51,22.72,16.6,0,2,24.65,0
111710,Postpaid,West,Web,15,22.99,22.37,0,4,27.35,1
111711,Prepaid,South,App,33,12.84,7.44,6,1,12.84,0
111712,Prepaid,West,App,59,15.89,1.65,1,2,15.89,0
111713,Postpaid,Central,App,17,29.27,23.59,2,4,34.14,1
111714,Family,South,App,29,30.13,17.0,0,4,32.23,1
111715,Family,North,App,44,39.18,14.2,0,3,40.11,0
111716,Prepaid,North,Partner,15,23.19,11.51,2,1,23.19,0
111717,Postpaid,Central,Web,43,14.97,17.69,1,5,17.36,0
111718,Postpaid,South,App,45,27.16,14.17,3,0,28.08,1
111719,Business,East,App,39,64.33,47.38,2,1,79.19,0
111720,Prepaid,East,App,12,20.27,9.62,3,7,20.27,1
111721,Postpaid,Central,App,54,34.85,11.1,0,3,34.85,0
111722,Postpaid,South,App,61,30.35,14.16,3,4,31.26,0
111723,Prepaid,East,Partner,18,18.06,5.88,4,0,18.06,1
111724,Prepaid,Central,App,8,18.78,5.7,2,1,18.78,1
111725,Prepaid,South,App,37,20.44,9.04,0,7,20.44,0
111726,Postpaid,West,Web,13,28.51,21.73,1,1,32.6,0
111727,Postpaid,North,App,23,36.89,13.73,2,6,37.62,0
111728,Postpaid,South,Web,48,11.5,7.46,0,4,11.5,0
111729,Prepaid,North,Web,15,21.4,17.59,0,4,23.75,1
111730,Family,South,App,27,43.57,14.27,0,0,44.52,1
111731,Postpaid,South,Web,24,33.32,6.99,0,4,33.32,0
111732,Business,West,App,52,66.47,7.91,0,1,66.47,0
111733,Prepaid,East,App,58,17.64,7.58,1,2,17.64,0
111734,Family,South,Web,63,43.55,27.37,2,2,50.01,1
111735,Family,West,Web,9,45.28,34.27,1,3,54.63,1
111736,Family,Central,App,56,28.91,26.04,1,6,34.8,1
111737,Family,South,App,20,39.02,8.63,0,4,39.02,0
111738,Postpaid,North,Partner,65,31.26,15.42,1,0,32.7,0
111739,Postpaid,North,Web,39,22.06,16.76,2,3,24.06,1
111740,Postpaid,Central,Store,67,32.3,7.38,0,1,32.3,0
111741,Postpaid,Central,Store,29,28.08,5.91,3,3,28.08,1
111742,Business,East,Store,24,61.71,21.35,3,4,65.64,0
111743,Prepaid,North,Web,60,20.43,1.67,2,2,20.43,0
111744,Postpaid,East,App,26,36.3,30.19,1,5,43.94,1
111745,Family,West,App,57,21.73,8.38,3,2,21.73,0
111746,Prepaid,South,Store,4,16.44,4.52,2,5,16.44,1
111747,Prepaid,North,Web,49,21.61,5.79,2,3,21.61,0
111748,Prepaid,South,Web,66,8.0,10.31,3,2,8.0,0
111749,Family,West,Store,21,38.73,14.75,1,1,39.89,0
111750,Family,Central,Store,71,41.72,22.05,0,4,45.94,0
111751,Prepaid,North,App,2,12.33,4.86,3,2,12.33,1
111752,Postpaid,Central,Web,10,27.36,19.23,1,1,30.39,1
111753,Postpaid,East,Partner,23,31.68,26.69,2,4,37.85,1
111754,Postpaid,West,Web,23,34.58,18.95,1,3,37.5,0
111755,Postpaid,Central,Web,44,23.58,15.02,0,1,24.85,0
111756,Business,East,Partner,63,47.86,33.4,1,3,56.85,0
111757,Postpaid,North,App,8,21.41,13.51,1,2,22.05,1
111758,Prepaid,South,Store,54,19.45,7.35,3,3,19.45,0
111759,Postpaid,West,Store,60,36.35,12.04,3,3,36.37,1
111760,Postpaid,East,Store,42,29.85,19.7,0,2,33.08,0
111761,Postpaid,South,Web,72,38.48,26.38,1,2,44.52,0
111762,Prepaid,East,App,7,14.47,10.02,0,3,14.47,0
111763,Prepaid,South,App,54,25.21,3.34,2,2,25.21,0
111764,Business,South,App,31,56.03,20.35,4,5,59.54,1
111765,Prepaid,West,App,30,14.47,0.93,0,3,14.47,1
111766,Postpaid,South,App,44,34.69,22.36,1,2,39.04,0
111767,Family,South,App,58,40.69,19.69,0,2,43.92,0
111768,Prepaid,South,App,35,19.52,5.73,0,0,19.52,0
111769,Prepaid,Central,Store,20,17.84,6.79,2,3,17.84,1
111770,Postpaid,North,Store,20,14.85,13.81,0,5,15.61,0
111771,Postpaid,North,Store,69,30.52,11.8,5,3,30.52,0
111772,Postpaid,South,App,30,22.53,25.46,2,0,28.18,0
111773,Postpaid,North,Partner,27,27.83,10.64,1,0,27.83,0
111774,Prepaid,North,App,41,8.67,2.99,1,6,8.67,0
111775,Prepaid,North,Web,50,9.55,15.37,1,0,10.97,1
111776,Prepaid,North,Partner,3,13.24,7.3,1,5,13.24,1
111777,Postpaid,West,Partner,2,30.41,18.47,1,1,33.13,1
111778,Postpaid,North,Store,42,34.17,4.86,1,1,34.17,0
111779,Business,South,App,46,46.81,25.36,3,4,52.43,1
111780,Prepaid,West,Web,36,20.35,7.87,1,6,20.35,0
111781,Postpaid,North,Store,22,20.01,18.45,0,4,22.72,0
111782,Postpaid,South,Web,57,22.31,15.3,2,2,23.69,0
111783,Postpaid,Central,App,8,36.15,3.47,1,3,36.15,0
111784,Postpaid,West,Partner,47,43.13,11.7,1,2,43.13,0
111785,Prepaid,West,Partner,32,19.71,0.2,1,1,19.71,1
111786,Postpaid,East,Web,27,23.86,14.02,0,2,24.71,1
111787,Prepaid,Central,Partner,8,16.5,8.16,2,2,16.5,0
111788,Family,North,Store,49,30.04,26.36,5,3,36.07,1
111789,Prepaid,North,App,14,16.31,4.5,0,4,16.31,0
111790,Postpaid,West,Web,39,30.98,0.2,1,1,30.98,0
111791,Postpaid,North,Web,65,25.89,17.79,2,2,28.33,0
111792,Postpaid,East,Store,54,25.35,23.61,1,3,30.22,0
111793,Prepaid,North,App,5,25.11,6.63,2,1,25.11,0
111794,Postpaid,South,Store,71,27.53,9.8,1,4,27.53,0
111795,Family,West,App,45,42.73,14.33,1,4,43.71,0
111796,Postpaid,East,Web,60,24.61,20.28,1,2,28.09,0
111797,Postpaid,East,Partner,5,29.17,16.43,3,1,31.03,1
111798,Prepaid,North,App,66,10.63,8.94,3,1,10.63,1
111799,Prepaid,South,Web,52,22.78,11.99,0,5,22.78,0
111800,Family,West,App,64,34.91,13.11,1,2,35.38,0
111801,Postpaid,North,Store,71,40.88,10.99,2,2,40.88,0
111802,Postpaid,West,Partner,61,30.31,14.28,4,1,31.27,1
111803,Family,East,App,31,38.51,21.21,1,1,42.37,0
111804,Postpaid,South,App,61,26.91,8.81,0,6,26.91,0
111805,Postpaid,South,Partner,70,28.41,11.56,3,1,28.41,0
111806,Postpaid,West,App,66,18.66,26.03,2,1,24.56,0
111807,Postpaid,South,App,47,30.0,7.59,1,3,30.0,0
111808,Prepaid,North,Store,69,27.27,12.42,2,5,27.44,1
111809,Family,Central,App,43,27.71,18.64,1,5,30.49,0
111810,Business,North,App,33,51.86,50.22,1,4,67.91,0
111811,Postpaid,West,Web,13,31.74,10.29,2,3,31.74,1
111812,Business,North,Store,34,62.8,16.25,3,5,64.58,0
111813,Business,South,App,69,60.11,13.22,2,1,60.63,0
111814,Postpaid,East,Web,9,25.27,24.08,3,3,30.34,0
111815,Family,North,App,63,26.19,24.07,1,3,31.26,0
111816,Postpaid,West,App,47,30.68,13.94,1,3,31.49,1
111817,Prepaid,South,Partner,10,14.73,6.29,1,1,14.73,0
111818,Prepaid,East,Web,17,24.14,0.2,0,4,24.14,1
111819,Postpaid,West,Store,3,29.29,9.97,2,1,29.29,1
111820,Family,West,Store,54,39.3,23.29,1,6,44.04,0
111821,Prepaid,East,Web,26,33.04,14.22,2,2,33.98,1
111822,Family,South,Store,14,29.87,29.23,1,2,37.11,1
111823,Postpaid,North,App,12,33.16,9.91,1,1,33.16,0
111824,Postpaid,Central,App,37,30.05,16.24,3,6,31.83,0
111825,Prepaid,West,App,25,20.77,4.13,0,3,20.77,0
111826,Postpaid,West,Partner,66,30.12,20.13,2,2,33.53,0
111827,Prepaid,East,Web,70,14.91,3.8,3,1,14.91,0
111828,Prepaid,South,App,15,20.17,6.98,1,5,20.17,0
111829,Prepaid,North,App,63,13.63,5.09,0,3,13.63,0
111830,Prepaid,North,Partner,5,12.15,10.42,3,7,12.15,1
111831,Prepaid,East,App,32,15.38,9.17,1,1,15.38,0
111832,Postpaid,South,Web,42,18.88,25.83,2,1,24.69,0
111833,Postpaid,North,Web,20,32.44,28.28,2,6,39.28,0
111834,Prepaid,East,Partner,47,16.66,5.24,2,2,16.66,1
111835,Family,East,App,42,46.64,19.42,5,1,49.76,0
111836,Postpaid,East,Web,68,34.92,11.54,0,0,34.92,0
111837,Business,West,App,68,63.61,41.28,0,3,75.9,0
111838,Postpaid,West,Partner,59,45.52,16.51,0,5,47.42,0
111839,Prepaid,North,App,57,17.41,10.82,1,3,17.41,0
111840,Family,West,Store,25,40.02,27.52,0,1,46.54,0
111841,Family,East,Store,63,48.71,15.9,0,2,50.35,0
111842,Postpaid,East,Web,27,30.43,9.94,2,6,30.43,1
111843,Postpaid,Central,App,55,29.06,16.75,2,0,31.05,1
111844,Postpaid,North,App,35,17.15,18.47,5,4,19.87,0
111845,Postpaid,West,Web,37,33.17,22.78,1,2,37.7,0
111846,Family,South,App,59,31.49,10.82,1,4,31.49,0
111847,Postpaid,North,App,11,33.63,12.18,1,2,33.71,0
111848,Prepaid,East,App,62,20.09,6.36,0,1,20.09,0
111849,Prepaid,South,Partner,59,18.79,0.77,2,3,18.79,0
111850,Prepaid,North,Store,34,22.27,4.83,2,3,22.27,1
111851,Prepaid,East,Web,47,21.37,4.87,2,1,21.37,0
111852,Postpaid,South,Partner,20,38.28,8.32,3,4,38.28,1
111853,Family,East,Web,56,39.19,17.65,0,1,41.57,0
111854,Prepaid,North,Store,9,26.59,8.83,0,2,26.59,0
111855,Prepaid,South,App,53,24.42,13.65,2,1,25.11,1
111856,Prepaid,East,Web,49,21.84,11.69,2,3,21.84,0
111857,Postpaid,East,Web,18,35.8,7.3,3,2,35.8,1
111858,Postpaid,West,App,59,29.3,11.29,3,3,29.3,0
111859,Postpaid,Central,Partner,21,43.03,25.85,0,2,48.85,0
111860,Business,North,App,40,50.68,31.09,0,1,58.7,0
111861,Business,South,App,62,51.45,34.48,1,2,60.89,0
111862,Family,Central,Store,5,26.97,21.42,2,6,30.92,1
111863,Family,West,Partner,30,37.29,26.13,1,2,43.23,0
111864,Postpaid,Central,App,46,24.7,25.9,0,2,30.54,0
111865,Postpaid,West,App,13,37.99,0.2,0,2,37.99,0
111866,Postpaid,West,Store,37,22.26,4.23,0,2,22.26,0
111867,Family,North,Partner,47,23.49,21.42,3,4,27.44,0
111868,Prepaid,South,App,63,23.81,7.38,2,2,23.81,0
111869,Prepaid,East,App,22,20.87,8.97,1,3,20.87,1
111870,Prepaid,East,Partner,60,10.62,14.53,1,2,11.68,0
111871,Postpaid,West,Web,47,24.89,23.49,0,3,29.72,0
111872,Postpaid,Central,App,37,36.76,4.41,0,1,36.76,0
111873,Prepaid,South,App,43,16.37,9.17,0,2,16.37,1
111874,Postpaid,East,Web,72,35.86,12.08,0,1,35.9,0
111875,Postpaid,Central,Store,48,29.92,18.84,0,1,32.79,0
111876,Family,West,App,32,38.78,19.79,0,3,42.05,0
111877,Prepaid,West,Store,72,22.81,7.17,3,1,22.81,0
111878,Prepaid,West,Partner,50,16.94,6.1,2,5,16.94,1
111879,Postpaid,Central,Web,20,22.71,0.47,1,2,22.71,0
111880,Postpaid,South,Store,44,33.15,10.9,0,1,33.15,1
111881,Family,North,App,71,43.58,11.98,0,4,43.58,0
111882,Postpaid,North,App,51,27.48,17.41,0,3,29.75,0
111883,Business,East,Partner,55,38.89,18.95,2,3,41.81,0
111884,Prepaid,West,Web,48,20.72,10.63,2,0,20.72,0
111885,Postpaid,East,App,62,28.18,10.6,1,0,28.18,0
111886,Business,West,Web,6,38.01,21.89,1,2,42.16,0
111887,Prepaid,South,App,58,16.47,9.21,1,2,16.47,0
111888,Family,West,App,65,43.36,13.37,2,2,43.93,1
111889,Prepaid,North,App,2,24.88,10.27,0,3,24.88,1
111890,Postpaid,East,Partner,57,26.5,3.34,1,1,26.5,0
111891,Prepaid,North,Web,37,13.85,12.92,0,4,14.24,0
111892,Postpaid,East,Store,28,23.71,15.07,4,8,25.0,0
111893,Family,East,App,8,39.75,16.36,0,2,41.57,0
111894,Prepaid,West,Web,23,23.81,17.89,1,4,26.28,1
111895,Prepaid,East,App,49,17.47,6.19,5,1,17.47,0
111896,Postpaid,Central,App,38,22.34,11.96,1,3,22.34,1
111897,Prepaid,Central,Web,5,10.22,9.5,3,3,10.22,0
111898,Postpaid,South,Web,23,41.23,11.04,1,4,41.23,1
111899,Business,North,App,3,50.96,15.02,1,2,52.23,0
111900,Prepaid,North,App,27,8.0,8.31,0,5,8.0,1
111901,Postpaid,North,Web,66,31.97,31.9,2,3,40.33,0
111902,Postpaid,South,App,55,42.39,14.91,1,3,43.62,1
111903,Prepaid,Central,Store,67,18.43,3.57,0,5,18.43,0
111904,Prepaid,Central,Web,12,8.0,11.32,1,3,8.0,0
111905,Postpaid,South,Store,45,30.1,11.54,0,2,30.1,0
111906,Postpaid,West,App,22,29.66,16.8,1,1,31.67,0
111907,Family,West,Web,34,29.46,15.03,3,5,30.73,1
111908,Postpaid,South,Partner,70,26.67,7.26,2,3,26.67,1
111909,Postpaid,Central,Web,60,48.1,2.61,1,2,48.1,0
111910,Family,Central,App,51,43.63,17.43,0,6,45.91,1
111911,Family,Central,Partner,70,49.86,31.76,6,5,58.16,0
111912,Business,West,Store,36,52.49,27.57,0,3,59.03,0
111913,Prepaid,South,App,4,16.7,9.61,2,1,16.7,1
111914,Business,South,App,66,51.77,44.91,1,2,65.59,0
111915,Family,Central,App,8,34.06,16.0,0,0,35.74,0
111916,Family,South,App,20,46.57,10.17,3,8,46.57,1
111917,Postpaid,East,Web,66,38.68,11.21,2,3,38.68,1
111918,Business,South,App,64,56.8,31.69,0,1,65.07,0
111919,Postpaid,East,App,8,29.71,16.82,3,3,31.74,1
111920,Family,North,Web,62,35.41,18.73,1,3,38.24,0
111921,Postpaid,West,App,52,27.08,21.38,0,3,31.03,1
111922,Family,East,Store,8,37.83,12.56,0,5,38.07,0
111923,Family,East,Partner,40,38.19,27.34,1,1,44.63,0
111924,Prepaid,South,App,20,14.81,3.98,1,1,14.81,0
111925,Postpaid,East,App,38,38.35,10.9,1,3,38.35,0
111926,Postpaid,West,App,14,38.69,10.41,4,3,38.69,1
111927,Family,Central,Web,8,42.9,25.28,1,3,48.48,0
111928,Postpaid,Central,App,47,23.13,6.29,1,3,23.13,0
111929,Family,East,Partner,53,37.62,14.92,5,2,38.84,0
111930,Family,West,Web,14,31.95,23.65,2,0,36.84,0
111931,Postpaid,East,Store,44,27.98,14.42,0,7,29.0,0
111932,Prepaid,West,Partner,36,8.67,9.73,1,3,8.67,0
111933,Postpaid,West,App,67,24.83,13.42,1,2,25.43,1
111934,Family,South,Web,41,41.12,20.63,1,1,44.74,1
111935,Postpaid,East,Web,35,34.77,5.84,0,3,34.77,1
111936,Family,West,Web,1,31.98,21.52,0,4,35.97,0
111937,Business,South,Store,66,63.88,38.19,1,3,74.88,0
111938,Postpaid,West,App,48,29.2,21.62,1,3,33.24,0
111939,Family,South,Web,14,39.32,31.24,1,3,47.4,1
111940,Postpaid,East,Store,1,18.81,23.29,0,5,23.55,0
111941,Postpaid,West,Web,15,31.37,19.29,0,4,34.43,0
111942,Prepaid,North,Web,37,18.04,12.41,2,4,18.21,1
111943,Prepaid,South,Store,69,12.0,10.95,0,2,12.0,0
111944,Prepaid,East,Partner,45,22.86,8.12,2,1,22.86,0
111945,Postpaid,North,App,8,25.95,6.72,0,3,25.95,1
111946,Prepaid,South,App,14,21.6,9.86,1,4,21.6,1
111947,Postpaid,West,App,18,38.35,26.84,0,0,44.59,0
111948,Postpaid,North,App,6,37.89,9.83,3,2,37.89,1
111949,Postpaid,West,Store,11,31.47,6.61,1,4,31.47,1
111950,Family,North,App,7,41.77,12.31,1,4,41.9,0
111951,Postpaid,North,Web,52,24.29,12.83,1,4,24.64,0
111952,Prepaid,South,Partner,50,18.04,3.49,0,1,18.04,0
111953,Business,Central,Web,57,54.84,25.61,1,2,60.56,0
111954,Family,East,App,14,43.55,17.84,0,3,46.01,0
111955,Postpaid,South,Partner,65,28.3,27.74,0,2,34.91,0
111956,Family,East,Web,27,42.77,3.18,1,3,42.77,0
111957,Prepaid,East,Web,11,13.13,10.23,1,2,13.13,0
111958,Family,West,App,12,35.96,13.89,0,9,36.75,0
111959,Prepaid,South,Web,24,20.25,2.02,2,4,20.25,0
111960,Postpaid,North,App,7,23.28,17.6,1,2,25.63,0
111961,Prepaid,East,App,23,18.16,9.65,0,2,18.16,1
111962,Family,West,App,48,31.13,15.29,0,0,32.51,1
111963,Prepaid,West,Web,71,25.3,14.1,2,3,26.18,0
111964,Prepaid,West,App,1,23.25,12.66,3,1,23.53,1
111965,Prepaid,West,Store,42,14.2,7.32,1,3,14.2,0
111966,Family,East,Web,17,31.41,20.7,2,1,35.06,1
111967,Prepaid,East,App,25,19.61,3.37,0,0,19.61,0
111968,Postpaid,West,App,47,36.1,20.24,1,5,39.56,0
111969,Prepaid,South,Web,22,19.61,11.54,2,3,19.61,0
111970,Family,Central,Partner,32,47.12,8.84,2,3,47.12,1
111971,Prepaid,South,Web,23,10.87,12.45,2,2,11.06,0
111972,Business,West,Web,27,56.22,46.43,0,3,70.68,0
111973,Prepaid,East,App,52,21.42,9.86,1,1,21.42,0
111974,Prepaid,Central,App,22,17.89,8.01,1,1,17.89,0
111975,Prepaid,North,Store,40,14.92,1.44,0,2,14.92,0
111976,Prepaid,Central,Partner,58,20.84,8.1,2,2,20.84,0
111977,Postpaid,North,App,45,44.07,9.45,1,3,44.07,0
111978,Prepaid,North,App,55,13.65,8.01,0,2,13.65,1
111979,Family,Central,Web,34,38.18,11.05,1,2,38.18,0
111980,Postpaid,South,Store,34,32.67,16.82,3,2,34.7,0
111981,Prepaid,West,App,2,27.33,10.33,2,1,27.33,1
111982,Postpaid,East,Web,51,27.2,17.41,2,2,29.47,0
111983,Prepaid,Central,Store,50,22.17,10.17,2,1,22.17,0
111984,Prepaid,West,Partner,37,9.29,4.61,1,3,9.29,1
111985,Prepaid,South,App,53,21.82,9.27,1,3,21.82,0
111986,Prepaid,West,Store,48,22.6,7.27,0,0,22.6,0
111987,Prepaid,South,App,13,9.94,7.23,0,3,9.94,1
111988,Business,West,App,17,56.13,24.79,1,1,61.5,0
111989,Postpaid,West,App,47,25.58,7.46,1,7,25.58,0
111990,Business,West,App,8,53.62,20.38,0,4,57.13,0
111991,Prepaid,West,App,64,24.12,4.63,3,1,24.12,0
111992,Family,West,Store,26,47.56,32.19,2,1,56.04,1
111993,Postpaid,East,App,44,24.42,17.76,2,4,26.84,0
111994,Prepaid,Central,App,38,8.0,6.3,0,2,8.0,1
111995,Family,North,Store,49,25.34,33.57,0,5,34.4,0
111996,Prepaid,South,App,26,14.44,6.63,1,2,14.44,0
111997,Postpaid,West,App,51,19.41,7.21,1,4,19.41,0
111998,Family,South,Partner,13,39.63,12.87,2,1,40.0,1
111999,Postpaid,East,Store,24,34.67,16.96,0,6,36.75,0
